game_url,game_name,keyword,group,verified,score,confidence,action,trend_7d,trend_30d,trend_90d
https://poki.com/en/g/hide-and-stick,Hide and Stick,hide and stick,game_name,True,59,0.83,watch,20.5,22.2,41.92307692307692
https://poki.com/en/g/hide-and-stick,Hide and Stick,play hide and stick online,game_name,False,52,0.17,hold,,,
https://poki.com/en/g/hide-and-stick,Hide and Stick,hide and stick free,game_name,False,52,0.17,hold,,,
https://poki.com/en/g/hide-and-stick,Hide and Stick,online meccha chameleon games,category,False,52,0.17,hold,,,
https://poki.com/en/g/hide-and-stick,Hide and Stick,online drawing games,category,True,63,0.17,hold,,,
https://poki.com/en/g/hide-and-stick,Hide and Stick,online minecraft games,category,True,63,0.17,hold,,,
https://poki.com/en/g/hide-and-stick,Hide and Stick,online multiplayer games,category,True,63,0.17,hold,,,
https://poki.com/en/g/hide-and-stick,Hide and Stick,online 2 player games,category,True,63,0.17,hold,,,
https://poki.com/en/g/hide-and-stick,Hide and Stick,online skill games,category,True,63,0.17,hold,,,
https://poki.com/en/g/hide-and-stick,Hide and Stick,online hidden object games,category,True,63,0.17,hold,,,
https://poki.com/en/g/hide-and-stick,Hide and Stick,online mouse games,category,False,52,0.0,hold,,,
https://poki.com/en/g/hide-and-stick,Hide and Stick,online shooting games,category,False,52,0.0,hold,,,
https://poki.com/en/g/hide-and-stick,Hide and Stick,online mobile games,category,False,52,0.0,hold,,,
https://poki.com/en/g/hide-and-stick,Hide and Stick,online backrooms games,category,False,52,0.0,hold,,,
https://poki.com/en/g/hide-and-stick,Hide and Stick,puzzle games,category,False,52,0.0,hold,,,
https://poki.com/en/g/hide-and-stick,Hide and Stick,dress up games,category,False,52,0.0,hold,,,
https://poki.com/en/g/hide-and-stick,Hide and Stick,how to play hide and stick,long_tail,False,52,0.0,hold,,,
https://poki.com/en/g/hide-and-stick,Hide and Stick,hide and stick controls,long_tail,False,52,0.0,hold,,,
https://poki.com/en/g/hide-and-stick,Hide and Stick,games like hide and stick,long_tail,False,52,0.0,hold,,,
https://poki.com/en/g/hide-and-stick,Hide and Stick,hide and stick unblocked,long_tail,False,52,0.0,hold,,,
https://poki.com/en/g/kick-the-buddy,Kick The Buddy,kick the buddy,game_name,True,76,0.83,immediate,74.0,74.0,80.6923076923077
https://poki.com/en/g/kick-the-buddy,Kick The Buddy,play kick the buddy online,game_name,True,64,0.17,hold,,,
https://poki.com/en/g/kick-the-buddy,Kick The Buddy,kick the buddy free,game_name,True,69,0.83,watch,32.5,17.0,14.23076923076923
https://poki.com/en/g/kick-the-buddy,Kick The Buddy,online ragdoll games,category,True,64,0.17,hold,,,
https://poki.com/en/g/kick-the-buddy,Kick The Buddy,online typing games,category,True,64,0.17,hold,,,
https://poki.com/en/g/kick-the-buddy,Kick The Buddy,online minecraft games,category,True,64,0.17,hold,,,
https://poki.com/en/g/kick-the-buddy,Kick The Buddy,online mobile games,category,True,64,0.17,hold,,,
https://poki.com/en/g/kick-the-buddy,Kick The Buddy,online stickman games,category,True,64,0.17,hold,,,
https://poki.com/en/g/kick-the-buddy,Kick The Buddy,online platform games,category,True,64,0.17,hold,,,
https://poki.com/en/g/kick-the-buddy,Kick The Buddy,online drawing games,category,True,64,0.17,hold,,,
https://poki.com/en/g/kick-the-buddy,Kick The Buddy,online shopping games,category,False,53,0.0,hold,,,
https://poki.com/en/g/kick-the-buddy,Kick The Buddy,dress up games,category,False,53,0.0,hold,,,
https://poki.com/en/g/kick-the-buddy,Kick The Buddy,puzzle games,category,False,53,0.0,hold,,,
https://poki.com/en/g/kick-the-buddy,Kick The Buddy,online soccer games,category,False,53,0.0,hold,,,
https://poki.com/en/g/kick-the-buddy,Kick The Buddy,platform games,category,False,53,0.0,hold,,,
https://poki.com/en/g/kick-the-buddy,Kick The Buddy,online shooting games,category,False,53,0.0,hold,,,
https://poki.com/en/g/kick-the-buddy,Kick The Buddy,how to play kick the buddy,long_tail,False,53,0.0,hold,,,
https://poki.com/en/g/kick-the-buddy,Kick The Buddy,kick the buddy controls,long_tail,False,53,0.0,hold,,,
https://poki.com/en/g/kick-the-buddy,Kick The Buddy,games like kick the buddy,long_tail,False,53,0.0,hold,,,
https://poki.com/en/g/kick-the-buddy,Kick The Buddy,kick the buddy unblocked,long_tail,False,53,0.0,hold,,,
https://poki.com/en/g/cosmic-towers,Cosmic Towers,cosmic towers,game_name,True,78,0.67,immediate,50.0,20.0,7.6923076923076925
https://poki.com/en/g/cosmic-towers,Cosmic Towers,play cosmic towers online,game_name,False,41,0.67,hold,0.0,0.0,0.0
https://poki.com/en/g/cosmic-towers,Cosmic Towers,cosmic towers free,game_name,False,51,0.17,hold,,,
https://poki.com/en/g/cosmic-towers,Cosmic Towers,online 3d games,category,True,62,0.17,hold,,,
https://poki.com/en/g/cosmic-towers,Cosmic Towers,online shooting games,category,True,62,0.17,hold,,,
https://poki.com/en/g/cosmic-towers,Cosmic Towers,online tower defense games,category,True,62,0.17,hold,,,
https://poki.com/en/g/cosmic-towers,Cosmic Towers,online action games,category,True,62,0.17,hold,,,
https://poki.com/en/g/cosmic-towers,Cosmic Towers,online minecraft games,category,True,62,0.17,hold,,,
https://poki.com/en/g/cosmic-towers,Cosmic Towers,online car games,category,True,62,0.17,hold,,,
https://poki.com/en/g/cosmic-towers,Cosmic Towers,online strategy games,category,True,62,0.17,hold,,,
https://poki.com/en/g/cosmic-towers,Cosmic Towers,online flash games,category,False,51,0.0,hold,,,
https://poki.com/en/g/cosmic-towers,Cosmic Towers,online soccer games,category,False,51,0.0,hold,,,
https://poki.com/en/g/cosmic-towers,Cosmic Towers,puzzle games,category,False,51,0.0,hold,,,
https://poki.com/en/g/cosmic-towers,Cosmic Towers,dress up games,category,False,51,0.0,hold,,,
https://poki.com/en/g/cosmic-towers,Cosmic Towers,how to play cosmic towers,long_tail,False,51,0.0,hold,,,
https://poki.com/en/g/cosmic-towers,Cosmic Towers,cosmic towers controls,long_tail,False,51,0.0,hold,,,
https://poki.com/en/g/cosmic-towers,Cosmic Towers,games like cosmic towers,long_tail,False,51,0.0,hold,,,
https://poki.com/en/g/cosmic-towers,Cosmic Towers,cosmic towers unblocked,long_tail,False,51,0.0,hold,,,
https://poki.com/en/g/harvest-loop,Harvest Loop,harvest loop,game_name,True,53,0.67,hold,15.0,15.4,44.38461538461539
https://poki.com/en/g/harvest-loop,Harvest Loop,play harvest loop online,game_name,False,48,0.17,hold,,,
https://poki.com/en/g/harvest-loop,Harvest Loop,harvest loop free,game_name,False,37,0.67,hold,0.0,0.0,7.6923076923076925
https://poki.com/en/g/harvest-loop,Harvest Loop,online farm games,category,True,59,0.17,hold,,,
https://poki.com/en/g/harvest-loop,Harvest Loop,online simulation games,category,True,59,0.17,hold,,,
https://poki.com/en/g/harvest-loop,Harvest Loop,online mobile games,category,True,59,0.17,hold,,,
https://poki.com/en/g/harvest-loop,Harvest Loop,online backrooms games,category,False,48,0.17,hold,,,
https://poki.com/en/g/harvest-loop,Harvest Loop,online soccer games,category,True,59,0.17,hold,,,
https://poki.com/en/g/harvest-loop,Harvest Loop,puzzle games,category,True,59,0.17,hold,,,
https://poki.com/en/g/harvest-loop,Harvest Loop,dress up games,category,True,59,0.17,hold,,,
https://poki.com/en/g/harvest-loop,Harvest Loop,online drifting games,category,False,48,0.0,hold,,,
https://poki.com/en/g/harvest-loop,Harvest Loop,how to play harvest loop,long_tail,False,48,0.0,hold,,,
https://poki.com/en/g/harvest-loop,Harvest Loop,harvest loop controls,long_tail,False,48,0.0,hold,,,
https://poki.com/en/g/harvest-loop,Harvest Loop,games like harvest loop,long_tail,False,48,0.0,hold,,,
https://poki.com/en/g/harvest-loop,Harvest Loop,harvest loop unblocked,long_tail,False,48,0.0,hold,,,
https://poki.com/en/g/jailbreak-tricky-brain-puzzles,JailBreak Tricky Brain Puzzles,jailbreak tricky brain puzzles,game_name,False,52,0.17,hold,,,
https://poki.com/en/g/jailbreak-tricky-brain-puzzles,JailBreak Tricky Brain Puzzles,play jailbreak tricky brain puzzles online,game_name,False,42,0.67,hold,0.0,0.0,5.923076923076923
https://poki.com/en/g/jailbreak-tricky-brain-puzzles,JailBreak Tricky Brain Puzzles,jailbreak tricky brain puzzles free,game_name,False,52,0.17,hold,,,
https://poki.com/en/g/jailbreak-tricky-brain-puzzles,JailBreak Tricky Brain Puzzles,online typing games,category,True,63,0.17,hold,,,
https://poki.com/en/g/jailbreak-tricky-brain-puzzles,JailBreak Tricky Brain Puzzles,online escape games,category,True,63,0.17,hold,,,
https://poki.com/en/g/jailbreak-tricky-brain-puzzles,JailBreak Tricky Brain Puzzles,online brainrot games,category,True,63,0.17,hold,,,
https://poki.com/en/g/jailbreak-tricky-brain-puzzles,JailBreak Tricky Brain Puzzles,online horror games,category,True,63,0.17,hold,,,
https://poki.com/en/g/jailbreak-tricky-brain-puzzles,JailBreak Tricky Brain Puzzles,online beauty games,category,True,63,0.17,hold,,,
https://poki.com/en/g/jailbreak-tricky-brain-puzzles,JailBreak Tricky Brain Puzzles,online skill games,category,True,63,0.17,hold,,,
https://poki.com/en/g/jailbreak-tricky-brain-puzzles,JailBreak Tricky Brain Puzzles,online 3d games,category,True,63,0.17,hold,,,
https://poki.com/en/g/jailbreak-tricky-brain-puzzles,JailBreak Tricky Brain Puzzles,online brain games,category,False,52,0.0,hold,,,
https://poki.com/en/g/jailbreak-tricky-brain-puzzles,JailBreak Tricky Brain Puzzles,online puzzle games,category,False,52,0.0,hold,,,
https://poki.com/en/g/jailbreak-tricky-brain-puzzles,JailBreak Tricky Brain Puzzles,online restaurant games,category,False,52,0.0,hold,,,
https://poki.com/en/g/jailbreak-tricky-brain-puzzles,JailBreak Tricky Brain Puzzles,online clicker games,category,False,52,0.0,hold,,,
https://poki.com/en/g/jailbreak-tricky-brain-puzzles,JailBreak Tricky Brain Puzzles,dress up games,category,False,52,0.0,hold,,,
https://poki.com/en/g/jailbreak-tricky-brain-puzzles,JailBreak Tricky Brain Puzzles,online soccer games,category,False,52,0.0,hold,,,
https://poki.com/en/g/jailbreak-tricky-brain-puzzles,JailBreak Tricky Brain Puzzles,how to play jailbreak tricky brain puzzles,long_tail,False,52,0.0,hold,,,
https://poki.com/en/g/jailbreak-tricky-brain-puzzles,JailBreak Tricky Brain Puzzles,jailbreak tricky brain puzzles controls,long_tail,False,52,0.0,hold,,,
https://poki.com/en/g/jailbreak-tricky-brain-puzzles,JailBreak Tricky Brain Puzzles,games like jailbreak tricky brain puzzles,long_tail,False,52,0.0,hold,,,
https://poki.com/en/g/jailbreak-tricky-brain-puzzles,JailBreak Tricky Brain Puzzles,jailbreak tricky brain puzzles unblocked,long_tail,False,52,0.0,hold,,,
https://poki.com/en/g/crowd-rush,Crowd Rush,crowd rush,game_name,True,59,0.67,watch,21.0,9.8,40.69230769230769
https://poki.com/en/g/crowd-rush,Crowd Rush,play crowd rush online,game_name,False,40,0.67,hold,0.0,0.0,0.0
https://poki.com/en/g/crowd-rush,Crowd Rush,crowd rush free,game_name,False,50,0.17,hold,,,
https://poki.com/en/g/crowd-rush,Crowd Rush,online shooting games,category,True,61,0.17,hold,,,
https://poki.com/en/g/crowd-rush,Crowd Rush,online robot games,category,True,61,0.17,hold,,,
https://poki.com/en/g/crowd-rush,Crowd Rush,online monster games,category,True,61,0.17,hold,,,
https://poki.com/en/g/crowd-rush,Crowd Rush,online soccer games,category,True,61,0.17,hold,,,
https://poki.com/en/g/crowd-rush,Crowd Rush,puzzle games,category,True,61,0.17,hold,,,
https://poki.com/en/g/crowd-rush,Crowd Rush,dress up games,category,True,61,0.17,hold,,,
https://poki.com/en/g/crowd-rush,Crowd Rush,merge games,category,True,61,0.17,hold,,,
https://poki.com/en/g/crowd-rush,Crowd Rush,how to play crowd rush,long_tail,False,50,0.0,hold,,,
https://poki.com/en/g/crowd-rush,Crowd Rush,crowd rush controls,long_tail,False,50,0.0,hold,,,
https://poki.com/en/g/crowd-rush,Crowd Rush,games like crowd rush,long_tail,False,50,0.0,hold,,,
https://poki.com/en/g/crowd-rush,Crowd Rush,crowd rush unblocked,long_tail,False,50,0.0,hold,,,
https://poki.com/en/g/marble-boom,Marble Boom,marble boom,game_name,True,53,0.67,hold,4.5,1.8,23.23076923076923
https://poki.com/en/g/marble-boom,Marble Boom,play marble boom online,game_name,False,50,0.17,hold,,,
https://poki.com/en/g/marble-boom,Marble Boom,marble boom free,game_name,False,50,0.17,hold,,,
https://poki.com/en/g/marble-boom,Marble Boom,online shooting games,category,True,61,0.17,hold,,,
https://poki.com/en/g/marble-boom,Marble Boom,online card games,category,True,61,0.17,hold,,,
https://poki.com/en/g/marble-boom,Marble Boom,online mouse games,category,True,61,0.17,hold,,,
https://poki.com/en/g/marble-boom,Marble Boom,online bubble shooter games,category,True,61,0.17,hold,,,
https://poki.com/en/g/marble-boom,Marble Boom,online puzzle games,category,True,61,0.17,hold,,,
https://poki.com/en/g/marble-boom,Marble Boom,online match 3 games,category,True,61,0.17,hold,,,
https://poki.com/en/g/marble-boom,Marble Boom,online 3d games,category,True,61,0.17,hold,,,
https://poki.com/en/g/marble-boom,Marble Boom,online skill games,category,False,50,0.0,hold,,,
https://poki.com/en/g/marble-boom,Marble Boom,online mobile games,category,False,50,0.0,hold,,,
https://poki.com/en/g/marble-boom,Marble Boom,online popular games,category,False,50,0.0,hold,,,
https://poki.com/en/g/marble-boom,Marble Boom,online zombie games,category,False,50,0.0,hold,,,
https://poki.com/en/g/marble-boom,Marble Boom,puzzle games,category,False,50,0.0,hold,,,
https://poki.com/en/g/marble-boom,Marble Boom,merge games,category,False,50,0.0,hold,,,
https://poki.com/en/g/marble-boom,Marble Boom,how to play marble boom,long_tail,False,50,0.0,hold,,,
https://poki.com/en/g/marble-boom,Marble Boom,marble boom controls,long_tail,False,50,0.0,hold,,,
https://poki.com/en/g/marble-boom,Marble Boom,games like marble boom,long_tail,False,50,0.0,hold,,,
https://poki.com/en/g/marble-boom,Marble Boom,marble boom unblocked,long_tail,False,50,0.0,hold,,,
https://poki.com/en/g/crash-sandbox,Crash Sandbox,crash sandbox,game_name,True,57,0.83,watch,14.0,8.2,42.30769230769231
https://poki.com/en/g/crash-sandbox,Crash Sandbox,play crash sandbox online,game_name,False,41,0.67,hold,0.0,0.0,0.0
https://poki.com/en/g/crash-sandbox,Crash Sandbox,crash sandbox free,game_name,False,41,0.67,hold,0.0,0.0,0.0
https://poki.com/en/g/crash-sandbox,Crash Sandbox,online 2 player games,category,True,62,0.17,hold,,,
https://poki.com/en/g/crash-sandbox,Crash Sandbox,online shooting games,category,True,62,0.17,hold,,,
https://poki.com/en/g/crash-sandbox,Crash Sandbox,online car games,category,True,62,0.17,hold,,,
https://poki.com/en/g/crash-sandbox,Crash Sandbox,online minecraft games,category,True,62,0.17,hold,,,
https://poki.com/en/g/crash-sandbox,Crash Sandbox,online meccha chameleon games,category,False,51,0.17,hold,,,
https://poki.com/en/g/crash-sandbox,Crash Sandbox,online action games,category,True,62,0.17,hold,,,
https://poki.com/en/g/crash-sandbox,Crash Sandbox,online skill games,category,True,62,0.17,hold,,,
https://poki.com/en/g/crash-sandbox,Crash Sandbox,online multiplayer games,category,False,51,0.0,hold,,,
https://poki.com/en/g/crash-sandbox,Crash Sandbox,online io games,category,False,51,0.0,hold,,,
https://poki.com/en/g/crash-sandbox,Crash Sandbox,dress up games,category,False,51,0.0,hold,,,
https://poki.com/en/g/crash-sandbox,Crash Sandbox,online soccer games,category,False,51,0.0,hold,,,
https://poki.com/en/g/crash-sandbox,Crash Sandbox,how to play crash sandbox,long_tail,False,51,0.0,hold,,,
https://poki.com/en/g/crash-sandbox,Crash Sandbox,crash sandbox controls,long_tail,False,51,0.0,hold,,,
https://poki.com/en/g/crash-sandbox,Crash Sandbox,games like crash sandbox,long_tail,False,51,0.0,hold,,,
https://poki.com/en/g/crash-sandbox,Crash Sandbox,crash sandbox unblocked,long_tail,False,51,0.0,hold,,,
https://poki.com/en/g/tap-away-arrows,Tap Away Arrows,tap away arrows,game_name,False,38,0.67,hold,0.0,0.0,0.0
https://poki.com/en/g/tap-away-arrows,Tap Away Arrows,play tap away arrows online,game_name,False,49,0.17,hold,,,
https://poki.com/en/g/tap-away-arrows,Tap Away Arrows,tap away arrows free,game_name,False,38,0.67,hold,0.0,0.0,0.0
https://poki.com/en/g/tap-away-arrows,Tap Away Arrows,online decoration games,category,False,49,0.17,hold,,,
https://poki.com/en/g/tap-away-arrows,Tap Away Arrows,online clicker games,category,True,60,0.17,hold,,,
https://poki.com/en/g/tap-away-arrows,Tap Away Arrows,dress up games,category,True,60,0.17,hold,,,
https://poki.com/en/g/tap-away-arrows,Tap Away Arrows,online soccer games,category,True,60,0.17,hold,,,
https://poki.com/en/g/tap-away-arrows,Tap Away Arrows,puzzle games,category,True,60,0.17,hold,,,
https://poki.com/en/g/tap-away-arrows,Tap Away Arrows,online shooting games,category,True,60,0.17,hold,,,
https://poki.com/en/g/tap-away-arrows,Tap Away Arrows,how to play tap away arrows,long_tail,False,49,0.17,hold,,,
https://poki.com/en/g/tap-away-arrows,Tap Away Arrows,tap away arrows controls,long_tail,False,49,0.0,hold,,,
https://poki.com/en/g/tap-away-arrows,Tap Away Arrows,games like tap away arrows,long_tail,False,49,0.0,hold,,,
https://poki.com/en/g/tap-away-arrows,Tap Away Arrows,tap away arrows unblocked,long_tail,False,49,0.0,hold,,,
https://poki.com/en/g/merge-miner-42ce72d8,Merge Miner,merge miner,game_name,True,54,0.67,hold,9.0,7.6,2.923076923076923
https://poki.com/en/g/merge-miner-42ce72d8,Merge Miner,play merge miner online,game_name,False,64,0.67,watch,50.0,20.0,7.6923076923076925
https://poki.com/en/g/merge-miner-42ce72d8,Merge Miner,merge miner free,game_name,False,39,0.67,hold,0.0,0.0,0.0
https://poki.com/en/g/merge-miner-42ce72d8,Merge Miner,online minecraft games,category,True,60,0.17,hold,,,
https://poki.com/en/g/merge-miner-42ce72d8,Merge Miner,online skill games,category,True,60,0.17,hold,,,
https://poki.com/en/g/merge-miner-42ce72d8,Merge Miner,merge games,category,True,60,0.17,hold,,,
https://poki.com/en/g/merge-miner-42ce72d8,Merge Miner,idle games,category,True,60,0.17,hold,,,
https://poki.com/en/g/merge-miner-42ce72d8,Merge Miner,dress up games,category,True,60,0.17,hold,,,
https://poki.com/en/g/merge-miner-42ce72d8,Merge Miner,online soccer games,category,True,60,0.17,hold,,,
https://poki.com/en/g/merge-miner-42ce72d8,Merge Miner,puzzle games,category,True,60,0.17,hold,,,
https://poki.com/en/g/merge-miner-42ce72d8,Merge Miner,how to play merge miner,long_tail,False,49,0.0,hold,,,
https://poki.com/en/g/merge-miner-42ce72d8,Merge Miner,merge miner controls,long_tail,False,49,0.0,hold,,,
https://poki.com/en/g/merge-miner-42ce72d8,Merge Miner,games like merge miner,long_tail,False,49,0.0,hold,,,
https://poki.com/en/g/merge-miner-42ce72d8,Merge Miner,merge miner unblocked,long_tail,False,49,0.0,hold,,,
https://poki.com/en/g/my-army-base,My Army Base,my army base,game_name,True,70,0.83,watch,62.0,65.4,69.23076923076923
https://poki.com/en/g/my-army-base,My Army Base,play my army base online,game_name,False,51,0.17,hold,,,
https://poki.com/en/g/my-army-base,My Army Base,my army base free,game_name,False,51,0.17,hold,,,
https://poki.com/en/g/my-army-base,My Army Base,online war games,category,True,62,0.17,hold,,,
https://poki.com/en/g/my-army-base,My Army Base,online shooting games,category,True,62,0.17,hold,,,
https://poki.com/en/g/my-army-base,My Army Base,online 3d games,category,True,62,0.17,hold,,,
https://poki.com/en/g/my-army-base,My Army Base,online simulation games,category,True,62,0.17,hold,,,
https://poki.com/en/g/my-army-base,My Army Base,online survival games,category,True,62,0.17,hold,,,
https://poki.com/en/g/my-army-base,My Army Base,online tower defense games,category,True,62,0.17,hold,,,
https://poki.com/en/g/my-army-base,My Army Base,idle games,category,True,62,0.17,hold,,,
https://poki.com/en/g/my-army-base,My Army Base,dress up games,category,False,51,0.0,hold,,,
https://poki.com/en/g/my-army-base,My Army Base,online soccer games,category,False,51,0.0,hold,,,
https://poki.com/en/g/my-army-base,My Army Base,puzzle games,category,False,51,0.0,hold,,,
https://poki.com/en/g/my-army-base,My Army Base,how to play my army base,long_tail,False,51,0.0,hold,,,
https://poki.com/en/g/my-army-base,My Army Base,my army base controls,long_tail,False,51,0.0,hold,,,
https://poki.com/en/g/my-army-base,My Army Base,games like my army base,long_tail,False,51,0.0,hold,,,
https://poki.com/en/g/my-army-base,My Army Base,my army base unblocked,long_tail,False,51,0.0,hold,,,
https://poki.com/en/g/dice-hero,Dice Hero,dice hero,game_name,True,60,0.83,watch,35.5,42.0,51.23076923076923
https://poki.com/en/g/dice-hero,Dice Hero,play dice hero online,game_name,False,49,0.17,hold,,,
https://poki.com/en/g/dice-hero,Dice Hero,dice hero free,game_name,False,49,0.17,hold,,,
https://poki.com/en/g/dice-hero,Dice Hero,online adventure games,category,True,60,0.17,hold,,,
https://poki.com/en/g/dice-hero,Dice Hero,online popular games,category,True,60,0.17,hold,,,
https://poki.com/en/g/dice-hero,Dice Hero,dress up games,category,True,60,0.17,hold,,,
https://poki.com/en/g/dice-hero,Dice Hero,online soccer games,category,True,60,0.17,hold,,,
https://poki.com/en/g/dice-hero,Dice Hero,puzzle games,category,True,60,0.17,hold,,,
https://poki.com/en/g/dice-hero,Dice Hero,online shooting games,category,True,60,0.17,hold,,,
https://poki.com/en/g/dice-hero,Dice Hero,merge games,category,True,60,0.17,hold,,,
https://poki.com/en/g/dice-hero,Dice Hero,how to play dice hero,long_tail,False,49,0.0,hold,,,
https://poki.com/en/g/dice-hero,Dice Hero,dice hero controls,long_tail,False,49,0.0,hold,,,
https://poki.com/en/g/dice-hero,Dice Hero,games like dice hero,long_tail,False,49,0.0,hold,,,
https://poki.com/en/g/dice-hero,Dice Hero,dice hero unblocked,long_tail,False,49,0.0,hold,,,
https://poki.com/en/g/hide-and-paint,Hide and Paint,hide and paint,game_name,True,56,0.83,watch,7.0,9.4,25.153846153846153
https://poki.com/en/g/hide-and-paint,Hide and Paint,play hide and paint online,game_name,False,69,0.67,watch,50.0,20.0,7.6923076923076925
https://poki.com/en/g/hide-and-paint,Hide and Paint,hide and paint free,game_name,True,59,0.83,watch,15.0,8.4,21.0
https://poki.com/en/g/hide-and-paint,Hide and Paint,online obby games,category,True,64,0.17,hold,,,
https://poki.com/en/g/hide-and-paint,Hide and Paint,online 2 player games,category,True,64,0.17,hold,,,
https://poki.com/en/g/hide-and-paint,Hide and Paint,online mobile games,category,True,64,0.17,hold,,,
https://poki.com/en/g/hide-and-paint,Hide and Paint,online meccha chameleon games,category,False,53,0.17,hold,,,
https://poki.com/en/g/hide-and-paint,Hide and Paint,online 3d games,category,True,64,0.17,hold,,,
https://poki.com/en/g/hide-and-paint,Hide and Paint,online multiplayer games,category,True,64,0.17,hold,,,
https://poki.com/en/g/hide-and-paint,Hide and Paint,online popular games,category,True,64,0.17,hold,,,
https://poki.com/en/g/hide-and-paint,Hide and Paint,online backrooms games,category,False,53,0.0,hold,,,
https://poki.com/en/g/hide-and-paint,Hide and Paint,online skill games,category,False,53,0.0,hold,,,
https://poki.com/en/g/hide-and-paint,Hide and Paint,online car games,category,False,53,0.0,hold,,,
https://poki.com/en/g/hide-and-paint,Hide and Paint,dress up games,category,False,53,0.0,hold,,,
https://poki.com/en/g/hide-and-paint,Hide and Paint,online soccer games,category,False,53,0.0,hold,,,
https://poki.com/en/g/hide-and-paint,Hide and Paint,puzzle games,category,False,53,0.0,hold,,,
https://poki.com/en/g/hide-and-paint,Hide and Paint,how to play hide and paint,long_tail,False,53,0.0,hold,,,
https://poki.com/en/g/hide-and-paint,Hide and Paint,hide and paint controls,long_tail,False,53,0.0,hold,,,
https://poki.com/en/g/hide-and-paint,Hide and Paint,games like hide and paint,long_tail,False,53,0.0,hold,,,
https://poki.com/en/g/hide-and-paint,Hide and Paint,hide and paint unblocked,long_tail,False,53,0.0,hold,,,
https://poki.com/en/g/subway-surfers,Subway Surfers,subway surfers,game_name,True,59,0.83,watch,17.0,16.8,20.153846153846153
https://poki.com/en/g/subway-surfers,Subway Surfers,play subway surfers online,game_name,True,60,0.83,watch,13.0,7.8,3.0
https://poki.com/en/g/subway-surfers,Subway Surfers,subway surfers free,game_name,True,63,0.83,watch,28.5,27.0,36.61538461538461
https://poki.com/en/g/subway-surfers,Subway Surfers,online obby games,category,True,64,0.17,hold,,,
https://poki.com/en/g/subway-surfers,Subway Surfers,online mobile games,category,True,64,0.17,hold,,,
https://poki.com/en/g/subway-surfers,Subway Surfers,online 2 player games,category,True,64,0.17,hold,,,
https://poki.com/en/g/subway-surfers,Subway Surfers,online tycoon games,category,True,64,0.17,hold,,,
https://poki.com/en/g/subway-surfers,Subway Surfers,online skill games,category,True,64,0.17,hold,,,
https://poki.com/en/g/subway-surfers,Subway Surfers,online mouse games,category,True,64,0.17,hold,,,
https://poki.com/en/g/subway-surfers,Subway Surfers,online popular games,category,True,64,0.17,hold,,,
https://poki.com/en/g/subway-surfers,Subway Surfers,online running games,category,False,53,0.0,hold,,,
https://poki.com/en/g/subway-surfers,Subway Surfers,online backrooms games,category,False,53,0.0,hold,,,
https://poki.com/en/g/subway-surfers,Subway Surfers,dress up games,category,False,53,0.0,hold,,,
https://poki.com/en/g/subway-surfers,Subway Surfers,online soccer games,category,False,53,0.0,hold,,,
https://poki.com/en/g/subway-surfers,Subway Surfers,puzzle games,category,False,53,0.0,hold,,,
https://poki.com/en/g/subway-surfers,Subway Surfers,online drifting games,category,False,53,0.0,hold,,,
https://poki.com/en/g/subway-surfers,Subway Surfers,how to play subway surfers,long_tail,False,53,0.0,hold,,,
https://poki.com/en/g/subway-surfers,Subway Surfers,subway surfers controls,long_tail,False,53,0.0,hold,,,
https://poki.com/en/g/subway-surfers,Subway Surfers,games like subway surfers,long_tail,False,53,0.0,hold,,,
https://poki.com/en/g/subway-surfers,Subway Surfers,subway surfers unblocked,long_tail,False,53,0.0,hold,,,
https://poki.com/en/g/color-shapes,Color Shapes,color shapes,game_name,True,62,0.83,watch,32.5,34.2,45.61538461538461
https://poki.com/en/g/color-shapes,Color Shapes,play color shapes online,game_name,False,51,0.17,hold,,,
https://poki.com/en/g/color-shapes,Color Shapes,color shapes free,game_name,True,58,0.67,watch,16.0,8.6,15.307692307692308
https://poki.com/en/g/color-shapes,Color Shapes,online color games,category,True,62,0.17,hold,,,
https://poki.com/en/g/color-shapes,Color Shapes,online puzzle games,category,True,62,0.17,hold,,,
https://poki.com/en/g/color-shapes,Color Shapes,online cozy games,category,True,62,0.17,hold,,,
https://poki.com/en/g/color-shapes,Color Shapes,online sports games,category,True,62,0.17,hold,,,
https://poki.com/en/g/color-shapes,Color Shapes,online brain games,category,True,62,0.17,hold,,,
https://poki.com/en/g/color-shapes,Color Shapes,online soccer games,category,True,62,0.17,hold,,,
https://poki.com/en/g/color-shapes,Color Shapes,puzzle games,category,True,62,0.17,hold,,,
https://poki.com/en/g/color-shapes,Color Shapes,dress up games,category,False,51,0.0,hold,,,
https://poki.com/en/g/color-shapes,Color Shapes,merge games,category,False,51,0.0,hold,,,
https://poki.com/en/g/color-shapes,Color Shapes,how to play color shapes,long_tail,False,51,0.0,hold,,,
https://poki.com/en/g/color-shapes,Color Shapes,color shapes controls,long_tail,False,51,0.0,hold,,,
https://poki.com/en/g/color-shapes,Color Shapes,games like color shapes,long_tail,False,51,0.0,hold,,,
https://poki.com/en/g/color-shapes,Color Shapes,color shapes unblocked,long_tail,False,51,0.0,hold,,,
https://poki.com/en/g/butterfly-catch,Butterfly Catch,butterfly catch,game_name,True,64,0.83,watch,47.0,46.0,56.30769230769231
https://poki.com/en/g/butterfly-catch,Butterfly Catch,play butterfly catch online,game_name,False,49,0.17,hold,,,
https://poki.com/en/g/butterfly-catch,Butterfly Catch,butterfly catch free,game_name,False,49,0.17,hold,,,
https://poki.com/en/g/butterfly-catch,Butterfly Catch,online adventure games,category,True,60,0.17,hold,,,
https://poki.com/en/g/butterfly-catch,Butterfly Catch,online skill games,category,True,60,0.17,hold,,,
https://poki.com/en/g/butterfly-catch,Butterfly Catch,online soccer games,category,True,60,0.17,hold,,,
https://poki.com/en/g/butterfly-catch,Butterfly Catch,puzzle games,category,True,60,0.17,hold,,,
https://poki.com/en/g/butterfly-catch,Butterfly Catch,dress up games,category,True,60,0.17,hold,,,
https://poki.com/en/g/butterfly-catch,Butterfly Catch,merge games,category,True,60,0.17,hold,,,
https://poki.com/en/g/butterfly-catch,Butterfly Catch,idle games,category,True,60,0.17,hold,,,
https://poki.com/en/g/butterfly-catch,Butterfly Catch,how to play butterfly catch,long_tail,False,49,0.0,hold,,,
https://poki.com/en/g/butterfly-catch,Butterfly Catch,butterfly catch controls,long_tail,False,49,0.0,hold,,,
https://poki.com/en/g/butterfly-catch,Butterfly Catch,games like butterfly catch,long_tail,False,49,0.0,hold,,,
https://poki.com/en/g/butterfly-catch,Butterfly Catch,butterfly catch unblocked,long_tail,False,49,0.0,hold,,,
https://poki.com/en/g/build-your-island,Build Your Island,build your island,game_name,True,62,0.83,watch,35.5,43.2,59.0
https://poki.com/en/g/build-your-island,Build Your Island,play build your island online,game_name,False,50,0.17,hold,,,
https://poki.com/en/g/build-your-island,Build Your Island,build your island free,game_name,False,41,0.67,hold,3.0,1.2,0.46153846153846156
https://poki.com/en/g/build-your-island,Build Your Island,online minecraft games,category,True,61,0.17,hold,,,
https://poki.com/en/g/build-your-island,Build Your Island,online tycoon games,category,True,61,0.17,hold,,,
https://poki.com/en/g/build-your-island,Build Your Island,online block games,category,True,61,0.17,hold,,,
https://poki.com/en/g/build-your-island,Build Your Island,online tower defense games,category,True,61,0.17,hold,,,
https://poki.com/en/g/build-your-island,Build Your Island,online 3d games,category,True,61,0.17,hold,,,
https://poki.com/en/g/build-your-island,Build Your Island,online brainrot games,category,True,61,0.17,hold,,,
https://poki.com/en/g/build-your-island,Build Your Island,online robot games,category,True,61,0.17,hold,,,
https://poki.com/en/g/build-your-island,Build Your Island,online car games,category,False,50,0.0,hold,,,
https://poki.com/en/g/build-your-island,Build Your Island,online soccer games,category,False,50,0.0,hold,,,
https://poki.com/en/g/build-your-island,Build Your Island,puzzle games,category,False,50,0.0,hold,,,
https://poki.com/en/g/build-your-island,Build Your Island,dress up games,category,False,50,0.0,hold,,,
https://poki.com/en/g/build-your-island,Build Your Island,merge games,category,False,50,0.0,hold,,,
https://poki.com/en/g/build-your-island,Build Your Island,idle games,category,False,50,0.0,hold,,,
https://poki.com/en/g/build-your-island,Build Your Island,how to play build your island,long_tail,False,50,0.0,hold,,,
https://poki.com/en/g/build-your-island,Build Your Island,build your island controls,long_tail,False,50,0.0,hold,,,
https://poki.com/en/g/build-your-island,Build Your Island,games like build your island,long_tail,False,50,0.0,hold,,,
https://poki.com/en/g/build-your-island,Build Your Island,build your island unblocked,long_tail,False,50,0.0,hold,,,
https://poki.com/en/g/soccer-orbit-e94799b3,Soccer Orbit,soccer orbit,game_name,True,50,0.83,hold,7.0,3.8,46.38461538461539
https://poki.com/en/g/soccer-orbit-e94799b3,Soccer Orbit,play soccer orbit online,game_name,False,47,0.17,hold,,,
https://poki.com/en/g/soccer-orbit-e94799b3,Soccer Orbit,soccer orbit free,game_name,False,36,0.67,hold,0.0,0.0,15.307692307692308
https://poki.com/en/g/soccer-orbit-e94799b3,Soccer Orbit,online soccer games,category,True,58,0.17,hold,,,
https://poki.com/en/g/soccer-orbit-e94799b3,Soccer Orbit,online popular games,category,True,58,0.17,hold,,,
https://poki.com/en/g/soccer-orbit-e94799b3,Soccer Orbit,online world cup games,category,True,58,0.17,hold,,,
https://poki.com/en/g/soccer-orbit-e94799b3,Soccer Orbit,online ball games,category,True,58,0.17,hold,,,
https://poki.com/en/g/soccer-orbit-e94799b3,Soccer Orbit,online multiplayer games,category,True,58,0.17,hold,,,
https://poki.com/en/g/soccer-orbit-e94799b3,Soccer Orbit,online idle games,category,True,58,0.17,hold,,,
https://poki.com/en/g/soccer-orbit-e94799b3,Soccer Orbit,online shooting games,category,True,58,0.17,hold,,,
https://poki.com/en/g/soccer-orbit-e94799b3,Soccer Orbit,online 2 player games,category,False,47,0.0,hold,,,
https://poki.com/en/g/soccer-orbit-e94799b3,Soccer Orbit,idle games,category,False,47,0.0,hold,,,
https://poki.com/en/g/soccer-orbit-e94799b3,Soccer Orbit,puzzle games,category,False,47,0.0,hold,,,
https://poki.com/en/g/soccer-orbit-e94799b3,Soccer Orbit,dress up games,category,False,47,0.0,hold,,,
https://poki.com/en/g/soccer-orbit-e94799b3,Soccer Orbit,how to play soccer orbit,long_tail,False,47,0.0,hold,,,
https://poki.com/en/g/soccer-orbit-e94799b3,Soccer Orbit,soccer orbit controls,long_tail,False,47,0.0,hold,,,
https://poki.com/en/g/soccer-orbit-e94799b3,Soccer Orbit,games like soccer orbit,long_tail,False,47,0.0,hold,,,
https://poki.com/en/g/soccer-orbit-e94799b3,Soccer Orbit,soccer orbit unblocked,long_tail,False,47,0.0,hold,,,
https://poki.com/en/g/family-life-simulator,Family Life Simulator,family life simulator,game_name,True,51,0.67,hold,9.5,5.2,24.384615384615383
https://poki.com/en/g/family-life-simulator,Family Life Simulator,play family life simulator online,game_name,False,46,0.17,hold,,,
https://poki.com/en/g/family-life-simulator,Family Life Simulator,family life simulator free,game_name,False,46,0.17,hold,,,
https://poki.com/en/g/family-life-simulator,Family Life Simulator,online 3d games,category,True,58,0.17,hold,,,
https://poki.com/en/g/family-life-simulator,Family Life Simulator,online love games,category,True,58,0.17,hold,,,
https://poki.com/en/g/family-life-simulator,Family Life Simulator,online simulation games,category,True,58,0.17,hold,,,
https://poki.com/en/g/family-life-simulator,Family Life Simulator,online doctor games,category,True,58,0.17,hold,,,
https://poki.com/en/g/family-life-simulator,Family Life Simulator,online adventure games,category,True,58,0.17,hold,,,
https://poki.com/en/g/family-life-simulator,Family Life Simulator,online shopping games,category,True,58,0.17,hold,,,
https://poki.com/en/g/family-life-simulator,Family Life Simulator,online mobile games,category,True,58,0.17,hold,,,
https://poki.com/en/g/family-life-simulator,Family Life Simulator,online cooking games,category,False,46,0.0,hold,,,
https://poki.com/en/g/family-life-simulator,Family Life Simulator,online tycoon games,category,False,46,0.0,hold,,,
https://poki.com/en/g/family-life-simulator,Family Life Simulator,online princess games,category,False,46,0.0,hold,,,
https://poki.com/en/g/family-life-simulator,Family Life Simulator,online multiplayer games,category,False,46,0.0,hold,,,
https://poki.com/en/g/family-life-simulator,Family Life Simulator,dress up games,category,False,46,0.0,hold,,,
https://poki.com/en/g/family-life-simulator,Family Life Simulator,idle games,category,False,46,0.0,hold,,,
https://poki.com/en/g/family-life-simulator,Family Life Simulator,how to play family life simulator,long_tail,False,46,0.0,hold,,,
https://poki.com/en/g/family-life-simulator,Family Life Simulator,family life simulator controls,long_tail,False,46,0.0,hold,,,
https://poki.com/en/g/family-life-simulator,Family Life Simulator,games like family life simulator,long_tail,False,46,0.0,hold,,,
https://poki.com/en/g/family-life-simulator,Family Life Simulator,family life simulator unblocked,long_tail,False,46,0.0,hold,,,
https://poki.com/en/g/paperio-2,Paper.io 2,paper.io 2,game_name,True,60,0.83,watch,44.0,51.2,55.46153846153846
https://poki.com/en/g/paperio-2,Paper.io 2,play paper.io 2 online,game_name,False,36,0.67,hold,0.0,0.0,0.0
https://poki.com/en/g/paperio-2,Paper.io 2,paper.io 2 free,game_name,True,73,0.83,watch,50.0,20.0,7.6923076923076925
https://poki.com/en/g/paperio-2,Paper.io 2,online color games,category,True,58,0.17,hold,,,
https://poki.com/en/g/paperio-2,Paper.io 2,online typing games,category,True,58,0.17,hold,,,
https://poki.com/en/g/paperio-2,Paper.io 2,online minecraft games,category,True,58,0.17,hold,,,
https://poki.com/en/g/paperio-2,Paper.io 2,online driving games,category,True,58,0.17,hold,,,
https://poki.com/en/g/paperio-2,Paper.io 2,online papa's games,category,False,46,0.17,hold,,,
https://poki.com/en/g/paperio-2,Paper.io 2,online io games,category,True,58,0.17,hold,,,
https://poki.com/en/g/paperio-2,Paper.io 2,online 2 player games,category,True,58,0.17,hold,,,
https://poki.com/en/g/paperio-2,Paper.io 2,online popular games,category,False,46,0.0,hold,,,
https://poki.com/en/g/paperio-2,Paper.io 2,online strategy games,category,False,46,0.0,hold,,,
https://poki.com/en/g/paperio-2,Paper.io 2,online snake games,category,False,46,0.0,hold,,,
https://poki.com/en/g/paperio-2,Paper.io 2,online mobile games,category,False,46,0.0,hold,,,
https://poki.com/en/g/paperio-2,Paper.io 2,dress up games,category,False,46,0.0,hold,,,
https://poki.com/en/g/paperio-2,Paper.io 2,puzzle games,category,False,46,0.0,hold,,,
https://poki.com/en/g/paperio-2,Paper.io 2,how to play paper.io 2,long_tail,False,46,0.0,hold,,,
https://poki.com/en/g/paperio-2,Paper.io 2,paper.io 2 controls,long_tail,False,46,0.0,hold,,,
https://poki.com/en/g/paperio-2,Paper.io 2,games like paper.io 2,long_tail,False,46,0.0,hold,,,
https://poki.com/en/g/paperio-2,Paper.io 2,paper.io 2 unblocked,long_tail,False,46,0.0,hold,,,
https://poki.com/en/g/sticky-bolt,Sticky Bolt,sticky bolt,game_name,True,55,0.83,watch,15.0,8.0,26.384615384615383
https://poki.com/en/g/sticky-bolt,Sticky Bolt,play sticky bolt online,game_name,False,49,0.17,hold,,,
https://poki.com/en/g/sticky-bolt,Sticky Bolt,sticky bolt free,game_name,False,49,0.17,hold,,,
https://poki.com/en/g/sticky-bolt,Sticky Bolt,online world cup games,category,True,60,0.17,hold,,,
https://poki.com/en/g/sticky-bolt,Sticky Bolt,merge games,category,True,60,0.17,hold,,,
https://poki.com/en/g/sticky-bolt,Sticky Bolt,online soccer games,category,True,60,0.17,hold,,,
https://poki.com/en/g/sticky-bolt,Sticky Bolt,idle games,category,True,60,0.17,hold,,,
https://poki.com/en/g/sticky-bolt,Sticky Bolt,puzzle games,category,True,60,0.17,hold,,,
https://poki.com/en/g/sticky-bolt,Sticky Bolt,dress up games,category,True,60,0.17,hold,,,
https://poki.com/en/g/sticky-bolt,Sticky Bolt,how to play sticky bolt,long_tail,False,49,0.17,hold,,,
https://poki.com/en/g/sticky-bolt,Sticky Bolt,sticky bolt controls,long_tail,False,49,0.0,hold,,,
https://poki.com/en/g/sticky-bolt,Sticky Bolt,games like sticky bolt,long_tail,False,49,0.0,hold,,,
https://poki.com/en/g/sticky-bolt,Sticky Bolt,sticky bolt unblocked,long_tail,False,49,0.0,hold,,,
https://poki.com/en/g/froogoo-f380b799,FROOGOO,froogoo,game_name,False,50,0.17,hold,,,
https://poki.com/en/g/froogoo-f380b799,FROOGOO,play froogoo online,game_name,False,50,0.17,hold,,,
https://poki.com/en/g/froogoo-f380b799,FROOGOO,froogoo free,game_name,False,43,0.67,hold,8.0,3.2,1.2307692307692308
https://poki.com/en/g/froogoo-f380b799,FROOGOO,online horror games,category,True,61,0.17,hold,,,
https://poki.com/en/g/froogoo-f380b799,FROOGOO,online escape games,category,True,61,0.17,hold,,,
https://poki.com/en/g/froogoo-f380b799,FROOGOO,online shooting games,category,True,61,0.17,hold,,,
https://poki.com/en/g/froogoo-f380b799,FROOGOO,online skill games,category,True,61,0.17,hold,,,
https://poki.com/en/g/froogoo-f380b799,FROOGOO,dress up games,category,True,61,0.17,hold,,,
https://poki.com/en/g/froogoo-f380b799,FROOGOO,online soccer games,category,True,61,0.17,hold,,,
https://poki.com/en/g/froogoo-f380b799,FROOGOO,idle games,category,True,61,0.17,hold,,,
https://poki.com/en/g/froogoo-f380b799,FROOGOO,puzzle games,category,False,50,0.0,hold,,,
https://poki.com/en/g/froogoo-f380b799,FROOGOO,how to play froogoo,long_tail,False,50,0.0,hold,,,
https://poki.com/en/g/froogoo-f380b799,FROOGOO,froogoo controls,long_tail,False,50,0.0,hold,,,
https://poki.com/en/g/froogoo-f380b799,FROOGOO,games like froogoo,long_tail,False,50,0.0,hold,,,
https://poki.com/en/g/froogoo-f380b799,FROOGOO,froogoo unblocked,long_tail,False,50,0.0,hold,,,
https://poki.com/en/g/swing-to-win,Swing to win,swing to win,game_name,True,59,0.83,watch,19.5,21.0,34.07692307692308
https://poki.com/en/g/swing-to-win,Swing to win,play swing to win online,game_name,False,52,0.17,hold,,,
https://poki.com/en/g/swing-to-win,Swing to win,swing to win free,game_name,False,42,0.67,hold,0.0,0.0,0.0
https://poki.com/en/g/swing-to-win,Swing to win,online fighting games,category,True,63,0.17,hold,,,
https://poki.com/en/g/swing-to-win,Swing to win,online action games,category,True,63,0.17,hold,,,
https://poki.com/en/g/swing-to-win,Swing to win,online minecraft games,category,True,63,0.17,hold,,,
https://poki.com/en/g/swing-to-win,Swing to win,online skill games,category,True,63,0.17,hold,,,
https://poki.com/en/g/swing-to-win,Swing to win,online stickman games,category,True,63,0.17,hold,,,
https://poki.com/en/g/swing-to-win,Swing to win,online gun games,category,True,63,0.17,hold,,,
https://poki.com/en/g/swing-to-win,Swing to win,online clicker games,category,True,63,0.17,hold,,,
https://poki.com/en/g/swing-to-win,Swing to win,online classic games,category,False,52,0.0,hold,,,
https://poki.com/en/g/swing-to-win,Swing to win,online war games,category,False,52,0.0,hold,,,
https://poki.com/en/g/swing-to-win,Swing to win,online 3d games,category,False,52,0.0,hold,,,
https://poki.com/en/g/swing-to-win,Swing to win,online racing games,category,False,52,0.0,hold,,,
https://poki.com/en/g/swing-to-win,Swing to win,online soccer games,category,False,52,0.0,hold,,,
https://poki.com/en/g/swing-to-win,Swing to win,idle games,category,False,52,0.0,hold,,,
https://poki.com/en/g/swing-to-win,Swing to win,how to play swing to win,long_tail,False,52,0.0,hold,,,
https://poki.com/en/g/swing-to-win,Swing to win,swing to win controls,long_tail,False,52,0.0,hold,,,
https://poki.com/en/g/swing-to-win,Swing to win,games like swing to win,long_tail,False,52,0.0,hold,,,
https://poki.com/en/g/swing-to-win,Swing to win,swing to win unblocked,long_tail,False,52,0.0,hold,,,
https://poki.com/en/g/dragon-the-dragon,Dragon the Dragon,dragon the dragon,game_name,True,78,0.83,immediate,79.0,67.6,62.07692307692308
https://poki.com/en/g/dragon-the-dragon,Dragon the Dragon,play dragon the dragon online,game_name,False,49,0.67,hold,27.5,14.0,31.53846153846154
https://poki.com/en/g/dragon-the-dragon,Dragon the Dragon,dragon the dragon free,game_name,False,61,0.83,watch,38.5,40.6,53.92307692307692
https://poki.com/en/g/dragon-the-dragon,Dragon the Dragon,online minecraft games,category,True,60,0.17,hold,,,
https://poki.com/en/g/dragon-the-dragon,Dragon the Dragon,online shooting games,category,True,60,0.17,hold,,,
https://poki.com/en/g/dragon-the-dragon,Dragon the Dragon,online tower defense games,category,True,60,0.17,hold,,,
https://poki.com/en/g/dragon-the-dragon,Dragon the Dragon,online dinosaur games,category,True,60,0.17,hold,,,
https://poki.com/en/g/dragon-the-dragon,Dragon the Dragon,online animal games,category,True,60,0.17,hold,,,
https://poki.com/en/g/dragon-the-dragon,Dragon the Dragon,online zombie games,category,True,60,0.17,hold,,,
https://poki.com/en/g/dragon-the-dragon,Dragon the Dragon,online adventure games,category,True,60,0.17,hold,,,
https://poki.com/en/g/dragon-the-dragon,Dragon the Dragon,dress up games,category,False,49,0.0,hold,,,
https://poki.com/en/g/dragon-the-dragon,Dragon the Dragon,online soccer games,category,False,49,0.0,hold,,,
https://poki.com/en/g/dragon-the-dragon,Dragon the Dragon,puzzle games,category,False,49,0.0,hold,,,
https://poki.com/en/g/dragon-the-dragon,Dragon the Dragon,platform games,category,False,49,0.0,hold,,,
https://poki.com/en/g/dragon-the-dragon,Dragon the Dragon,how to play dragon the dragon,long_tail,False,49,0.0,hold,,,
https://poki.com/en/g/dragon-the-dragon,Dragon the Dragon,dragon the dragon controls,long_tail,False,49,0.0,hold,,,
https://poki.com/en/g/dragon-the-dragon,Dragon the Dragon,games like dragon the dragon,long_tail,False,49,0.0,hold,,,
https://poki.com/en/g/dragon-the-dragon,Dragon the Dragon,dragon the dragon unblocked,long_tail,False,49,0.0,hold,,,
https://poki.com/en/g/connect-2-balls,Connect 2 Balls,connect 2 balls,game_name,True,50,0.67,hold,3.5,1.4,25.307692307692307
https://poki.com/en/g/connect-2-balls,Connect 2 Balls,play connect 2 balls online,game_name,False,48,0.17,hold,,,
https://poki.com/en/g/connect-2-balls,Connect 2 Balls,connect 2 balls free,game_name,False,37,0.67,hold,0.0,0.0,0.0
https://poki.com/en/g/connect-2-balls,Connect 2 Balls,online pizza games,category,True,59,0.17,hold,,,
https://poki.com/en/g/connect-2-balls,Connect 2 Balls,online puzzle games,category,True,59,0.17,hold,,,
https://poki.com/en/g/connect-2-balls,Connect 2 Balls,online drawing games,category,True,59,0.17,hold,,,
https://poki.com/en/g/connect-2-balls,Connect 2 Balls,online clicker games,category,True,59,0.17,hold,,,
https://poki.com/en/g/connect-2-balls,Connect 2 Balls,online brain games,category,True,59,0.17,hold,,,
https://poki.com/en/g/connect-2-balls,Connect 2 Balls,online meccha chameleon games,category,False,48,0.17,hold,,,
https://poki.com/en/g/connect-2-balls,Connect 2 Balls,online mouse games,category,True,59,0.17,hold,,,
https://poki.com/en/g/connect-2-balls,Connect 2 Balls,online tycoon games,category,False,48,0.0,hold,,,
https://poki.com/en/g/connect-2-balls,Connect 2 Balls,online backrooms games,category,False,48,0.0,hold,,,
https://poki.com/en/g/connect-2-balls,Connect 2 Balls,online cooking games,category,False,48,0.0,hold,,,
https://poki.com/en/g/connect-2-balls,Connect 2 Balls,online brainrot games,category,False,48,0.0,hold,,,
https://poki.com/en/g/connect-2-balls,Connect 2 Balls,online princess games,category,False,48,0.0,hold,,,
https://poki.com/en/g/connect-2-balls,Connect 2 Balls,puzzle games,category,False,48,0.0,hold,,,
https://poki.com/en/g/connect-2-balls,Connect 2 Balls,how to play connect 2 balls,long_tail,False,48,0.0,hold,,,
https://poki.com/en/g/connect-2-balls,Connect 2 Balls,connect 2 balls controls,long_tail,False,48,0.0,hold,,,
https://poki.com/en/g/connect-2-balls,Connect 2 Balls,games like connect 2 balls,long_tail,False,48,0.0,hold,,,
https://poki.com/en/g/connect-2-balls,Connect 2 Balls,connect 2 balls unblocked,long_tail,False,48,0.0,hold,,,
https://poki.com/en/g/machine-eater,Machine Eater,machine eater,game_name,True,56,0.83,watch,32.0,33.6,66.53846153846153
https://poki.com/en/g/machine-eater,Machine Eater,play machine eater online,game_name,False,46,0.17,hold,,,
https://poki.com/en/g/machine-eater,Machine Eater,machine eater free,game_name,False,35,0.67,hold,0.0,0.0,0.0
https://poki.com/en/g/machine-eater,Machine Eater,online war games,category,True,57,0.17,hold,,,
https://poki.com/en/g/machine-eater,Machine Eater,online shooting games,category,True,57,0.17,hold,,,
https://poki.com/en/g/machine-eater,Machine Eater,online strategy games,category,True,57,0.17,hold,,,
https://poki.com/en/g/machine-eater,Machine Eater,online minecraft games,category,True,57,0.17,hold,,,
https://poki.com/en/g/machine-eater,Machine Eater,online adventure games,category,True,57,0.17,hold,,,
https://poki.com/en/g/machine-eater,Machine Eater,online action games,category,True,57,0.17,hold,,,
https://poki.com/en/g/machine-eater,Machine Eater,online typing games,category,True,57,0.17,hold,,,
https://poki.com/en/g/machine-eater,Machine Eater,online 3d games,category,False,46,0.0,hold,,,
https://poki.com/en/g/machine-eater,Machine Eater,online skill games,category,False,46,0.0,hold,,,
https://poki.com/en/g/machine-eater,Machine Eater,how to play machine eater,long_tail,False,46,0.0,hold,,,
https://poki.com/en/g/machine-eater,Machine Eater,machine eater controls,long_tail,False,46,0.0,hold,,,
https://poki.com/en/g/machine-eater,Machine Eater,games like machine eater,long_tail,False,46,0.0,hold,,,
https://poki.com/en/g/machine-eater,Machine Eater,machine eater unblocked,long_tail,False,46,0.0,hold,,,
https://poki.com/en/g/snake-island,Snake Island,snake island,game_name,True,61,0.83,watch,40.0,39.4,52.15384615384615
https://poki.com/en/g/snake-island,Snake Island,play snake island online,game_name,False,37,0.67,hold,0.0,0.0,0.0
https://poki.com/en/g/snake-island,Snake Island,snake island free,game_name,True,53,0.83,hold,12.0,6.4,9.384615384615385
https://poki.com/en/g/snake-island,Snake Island,online dinosaur games,category,True,59,0.17,hold,,,
https://poki.com/en/g/snake-island,Snake Island,online snake games,category,True,59,0.17,hold,,,
https://poki.com/en/g/snake-island,Snake Island,online animal games,category,True,59,0.17,hold,,,
https://poki.com/en/g/snake-island,Snake Island,online minecraft games,category,True,59,0.17,hold,,,
https://poki.com/en/g/snake-island,Snake Island,online mouse games,category,True,59,0.17,hold,,,
https://poki.com/en/g/snake-island,Snake Island,online 3d games,category,True,59,0.17,hold,,,
https://poki.com/en/g/snake-island,Snake Island,online survival games,category,True,59,0.17,hold,,,
https://poki.com/en/g/snake-island,Snake Island,online action games,category,False,48,0.0,hold,,,
https://poki.com/en/g/snake-island,Snake Island,online io games,category,False,48,0.0,hold,,,
https://poki.com/en/g/snake-island,Snake Island,online gun games,category,False,48,0.0,hold,,,
https://poki.com/en/g/snake-island,Snake Island,online meccha chameleon games,category,False,48,0.0,hold,,,
https://poki.com/en/g/snake-island,Snake Island,online fighting games,category,False,48,0.0,hold,,,
https://poki.com/en/g/snake-island,Snake Island,dress up games,category,False,48,0.0,hold,,,
https://poki.com/en/g/snake-island,Snake Island,how to play snake island,long_tail,False,48,0.0,hold,,,
https://poki.com/en/g/snake-island,Snake Island,snake island controls,long_tail,False,48,0.0,hold,,,
https://poki.com/en/g/snake-island,Snake Island,games like snake island,long_tail,False,48,0.0,hold,,,
https://poki.com/en/g/snake-island,Snake Island,snake island unblocked,long_tail,False,48,0.0,hold,,,
https://poki.com/en/g/knife-merge,Knife Merge,knife merge,game_name,True,49,0.67,hold,6.0,3.4,9.0
https://poki.com/en/g/knife-merge,Knife Merge,play knife merge online,game_name,False,35,0.67,hold,0.0,20.0,7.6923076923076925
https://poki.com/en/g/knife-merge,Knife Merge,knife merge free,game_name,False,35,0.67,hold,0.0,0.0,0.0
https://poki.com/en/g/knife-merge,Knife Merge,online minecraft games,category,True,57,0.17,hold,,,
https://poki.com/en/g/knife-merge,Knife Merge,online merge games,category,True,57,0.17,hold,,,
https://poki.com/en/g/knife-merge,Knife Merge,online 3d games,category,True,57,0.17,hold,,,
https://poki.com/en/g/knife-merge,Knife Merge,online mouse games,category,True,57,0.17,hold,,,
https://poki.com/en/g/knife-merge,Knife Merge,online skill games,category,True,57,0.17,hold,,,
https://poki.com/en/g/knife-merge,Knife Merge,online shooting games,category,True,57,0.17,hold,,,
https://poki.com/en/g/knife-merge,Knife Merge,online action games,category,True,57,0.17,hold,,,
https://poki.com/en/g/knife-merge,Knife Merge,online construction games,category,False,46,0.0,hold,,,
https://poki.com/en/g/knife-merge,Knife Merge,merge games,category,False,46,0.0,hold,,,
https://poki.com/en/g/knife-merge,Knife Merge,online soccer games,category,False,46,0.0,hold,,,
https://poki.com/en/g/knife-merge,Knife Merge,idle games,category,False,46,0.0,hold,,,
https://poki.com/en/g/knife-merge,Knife Merge,puzzle games,category,False,46,0.0,hold,,,
https://poki.com/en/g/knife-merge,Knife Merge,how to play knife merge,long_tail,False,46,0.0,hold,,,
https://poki.com/en/g/knife-merge,Knife Merge,knife merge controls,long_tail,False,46,0.0,hold,,,
https://poki.com/en/g/knife-merge,Knife Merge,games like knife merge,long_tail,False,46,0.0,hold,,,
https://poki.com/en/g/knife-merge,Knife Merge,knife merge unblocked,long_tail,False,46,0.0,hold,,,
https://poki.com/en/g/petnest-io,Petnest.io,petnest.io,game_name,False,53,0.17,hold,,,
https://poki.com/en/g/petnest-io,Petnest.io,play petnest.io online,game_name,False,53,0.17,hold,,,
https://poki.com/en/g/petnest-io,Petnest.io,petnest.io free,game_name,False,43,0.67,hold,0.0,0.0,0.0
https://poki.com/en/g/petnest-io,Petnest.io,online animal games,category,True,64,0.17,hold,,,
https://poki.com/en/g/petnest-io,Petnest.io,online 3d games,category,True,64,0.17,hold,,,
https://poki.com/en/g/petnest-io,Petnest.io,online dog games,category,True,64,0.17,hold,,,
https://poki.com/en/g/petnest-io,Petnest.io,online multiplayer games,category,True,64,0.17,hold,,,
https://poki.com/en/g/petnest-io,Petnest.io,online cozy games,category,True,64,0.17,hold,,,
https://poki.com/en/g/petnest-io,Petnest.io,online cat games,category,True,64,0.17,hold,,,
https://poki.com/en/g/petnest-io,Petnest.io,online io games,category,True,64,0.17,hold,,,
https://poki.com/en/g/petnest-io,Petnest.io,online popular games,category,False,53,0.0,hold,,,
https://poki.com/en/g/petnest-io,Petnest.io,online platform games,category,False,53,0.0,hold,,,
https://poki.com/en/g/petnest-io,Petnest.io,dress up games,category,False,53,0.0,hold,,,
https://poki.com/en/g/petnest-io,Petnest.io,puzzle games,category,False,53,0.0,hold,,,
https://poki.com/en/g/petnest-io,Petnest.io,online soccer games,category,False,53,0.0,hold,,,
https://poki.com/en/g/petnest-io,Petnest.io,platform games,category,False,53,0.0,hold,,,
https://poki.com/en/g/petnest-io,Petnest.io,how to play petnest.io,long_tail,False,53,0.0,hold,,,
https://poki.com/en/g/petnest-io,Petnest.io,petnest.io controls,long_tail,False,53,0.0,hold,,,
https://poki.com/en/g/petnest-io,Petnest.io,games like petnest.io,long_tail,False,53,0.0,hold,,,
https://poki.com/en/g/petnest-io,Petnest.io,petnest.io unblocked,long_tail,False,53,0.0,hold,,,
https://poki.com/en/g/pet-mahjong-3d,Pet Mahjong 3D,pet mahjong 3d,game_name,False,48,0.17,hold,,,
https://poki.com/en/g/pet-mahjong-3d,Pet Mahjong 3D,play pet mahjong 3d online,game_name,False,48,0.17,hold,,,
https://poki.com/en/g/pet-mahjong-3d,Pet Mahjong 3D,pet mahjong 3d free,game_name,False,37,0.67,hold,0.0,0.0,0.0
https://poki.com/en/g/pet-mahjong-3d,Pet Mahjong 3D,online merge games,category,True,59,0.17,hold,,,
https://poki.com/en/g/pet-mahjong-3d,Pet Mahjong 3D,online beauty games,category,True,59,0.17,hold,,,
https://poki.com/en/g/pet-mahjong-3d,Pet Mahjong 3D,online matching games,category,True,59,0.17,hold,,,
https://poki.com/en/g/pet-mahjong-3d,Pet Mahjong 3D,idle games,category,True,59,0.17,hold,,,
https://poki.com/en/g/pet-mahjong-3d,Pet Mahjong 3D,merge games,category,True,59,0.17,hold,,,
https://poki.com/en/g/pet-mahjong-3d,Pet Mahjong 3D,puzzle games,category,True,59,0.17,hold,,,
https://poki.com/en/g/pet-mahjong-3d,Pet Mahjong 3D,online soccer games,category,True,59,0.17,hold,,,
https://poki.com/en/g/pet-mahjong-3d,Pet Mahjong 3D,online shooting games,category,False,48,0.0,hold,,,
https://poki.com/en/g/pet-mahjong-3d,Pet Mahjong 3D,how to play pet mahjong 3d,long_tail,False,48,0.0,hold,,,
https://poki.com/en/g/pet-mahjong-3d,Pet Mahjong 3D,pet mahjong 3d controls,long_tail,False,48,0.0,hold,,,
https://poki.com/en/g/pet-mahjong-3d,Pet Mahjong 3D,games like pet mahjong 3d,long_tail,False,48,0.0,hold,,,
https://poki.com/en/g/pet-mahjong-3d,Pet Mahjong 3D,pet mahjong 3d unblocked,long_tail,False,48,0.0,hold,,,
https://poki.com/en/g/demolition-simulator,Demolition Simulator,demolition simulator,game_name,True,52,0.67,hold,5.0,2.0,8.461538461538462
https://poki.com/en/g/demolition-simulator,Demolition Simulator,play demolition simulator online,game_name,False,39,0.67,hold,0.0,0.0,0.0
https://poki.com/en/g/demolition-simulator,Demolition Simulator,demolition simulator free,game_name,True,60,0.17,hold,,,
https://poki.com/en/g/demolition-simulator,Demolition Simulator,online car games,category,True,60,0.17,hold,,,
https://poki.com/en/g/demolition-simulator,Demolition Simulator,idle games,category,True,60,0.17,hold,,,
https://poki.com/en/g/demolition-simulator,Demolition Simulator,puzzle games,category,True,60,0.17,hold,,,
https://poki.com/en/g/demolition-simulator,Demolition Simulator,online soccer games,category,True,60,0.17,hold,,,
https://poki.com/en/g/demolition-simulator,Demolition Simulator,online shooting games,category,True,60,0.17,hold,,,
https://poki.com/en/g/demolition-simulator,Demolition Simulator,how to play demolition simulator,long_tail,False,49,0.17,hold,,,
https://poki.com/en/g/demolition-simulator,Demolition Simulator,demolition simulator controls,long_tail,False,49,0.17,hold,,,
https://poki.com/en/g/demolition-simulator,Demolition Simulator,games like demolition simulator,long_tail,False,49,0.0,hold,,,
https://poki.com/en/g/demolition-simulator,Demolition Simulator,demolition simulator unblocked,long_tail,False,49,0.0,hold,,,
https://poki.com/en/g/turbo-trail,Turbo Trail,turbo trail,game_name,True,56,0.83,watch,13.0,12.6,34.38461538461539
https://poki.com/en/g/turbo-trail,Turbo Trail,play turbo trail online,game_name,False,52,0.17,hold,,,
https://poki.com/en/g/turbo-trail,Turbo Trail,turbo trail free,game_name,False,43,0.67,hold,4.5,1.8,7.3076923076923075
https://poki.com/en/g/turbo-trail,Turbo Trail,online car games,category,True,63,0.17,hold,,,
https://poki.com/en/g/turbo-trail,Turbo Trail,online boat games,category,True,63,0.17,hold,,,
https://poki.com/en/g/turbo-trail,Turbo Trail,online simulation games,category,True,63,0.17,hold,,,
https://poki.com/en/g/turbo-trail,Turbo Trail,online action games,category,True,63,0.17,hold,,,
https://poki.com/en/g/turbo-trail,Turbo Trail,online skill games,category,True,63,0.17,hold,,,
https://poki.com/en/g/turbo-trail,Turbo Trail,online parking games,category,True,63,0.17,hold,,,
https://poki.com/en/g/turbo-trail,Turbo Trail,online mobile games,category,True,63,0.17,hold,,,
https://poki.com/en/g/turbo-trail,Turbo Trail,online stickman games,category,False,52,0.0,hold,,,
https://poki.com/en/g/turbo-trail,Turbo Trail,online classic games,category,False,52,0.0,hold,,,
https://poki.com/en/g/turbo-trail,Turbo Trail,online soccer games,category,False,52,0.0,hold,,,
https://poki.com/en/g/turbo-trail,Turbo Trail,online multiplayer games,category,False,52,0.0,hold,,,
https://poki.com/en/g/turbo-trail,Turbo Trail,dress up games,category,False,52,0.0,hold,,,
https://poki.com/en/g/turbo-trail,Turbo Trail,how to play turbo trail,long_tail,False,52,0.0,hold,,,
https://poki.com/en/g/turbo-trail,Turbo Trail,turbo trail controls,long_tail,False,52,0.0,hold,,,
https://poki.com/en/g/turbo-trail,Turbo Trail,games like turbo trail,long_tail,False,52,0.0,hold,,,
https://poki.com/en/g/turbo-trail,Turbo Trail,turbo trail unblocked,long_tail,False,52,0.0,hold,,,
https://poki.com/en/g/tenslide,TenSlide,tenslide,game_name,False,39,0.67,hold,0.0,0.0,7.6923076923076925
https://poki.com/en/g/tenslide,TenSlide,play tenslide online,game_name,False,49,0.17,hold,,,
https://poki.com/en/g/tenslide,TenSlide,tenslide free,game_name,False,49,0.17,hold,,,
https://poki.com/en/g/tenslide,TenSlide,online brain games,category,True,60,0.17,hold,,,
https://poki.com/en/g/tenslide,TenSlide,online mobile games,category,True,60,0.17,hold,,,
https://poki.com/en/g/tenslide,TenSlide,online soccer games,category,True,60,0.17,hold,,,
https://poki.com/en/g/tenslide,TenSlide,merge games,category,True,60,0.17,hold,,,
https://poki.com/en/g/tenslide,TenSlide,online multiplayer games,category,True,60,0.17,hold,,,
https://poki.com/en/g/tenslide,TenSlide,dress up games,category,True,60,0.17,hold,,,
https://poki.com/en/g/tenslide,TenSlide,puzzle games,category,True,60,0.17,hold,,,
https://poki.com/en/g/tenslide,TenSlide,how to play tenslide,long_tail,False,49,0.0,hold,,,
https://poki.com/en/g/tenslide,TenSlide,tenslide controls,long_tail,False,49,0.0,hold,,,
https://poki.com/en/g/tenslide,TenSlide,games like tenslide,long_tail,False,49,0.0,hold,,,
https://poki.com/en/g/tenslide,TenSlide,tenslide unblocked,long_tail,False,49,0.0,hold,,,
https://poki.com/en/g/little-farm-world,Little Farm World,little farm world,game_name,False,56,0.83,watch,17.5,13.2,40.76923076923077
https://poki.com/en/g/little-farm-world,Little Farm World,play little farm world online,game_name,False,50,0.17,hold,,,
https://poki.com/en/g/little-farm-world,Little Farm World,little farm world free,game_name,False,39,0.67,hold,0.0,0.0,0.0
https://poki.com/en/g/little-farm-world,Little Farm World,online farm games,category,True,61,0.17,hold,,,
https://poki.com/en/g/little-farm-world,Little Farm World,online platform games,category,True,61,0.17,hold,,,
https://poki.com/en/g/little-farm-world,Little Farm World,online car games,category,True,61,0.17,hold,,,
https://poki.com/en/g/little-farm-world,Little Farm World,online animal games,category,True,61,0.17,hold,,,
https://poki.com/en/g/little-farm-world,Little Farm World,online food games,category,True,61,0.17,hold,,,
https://poki.com/en/g/little-farm-world,Little Farm World,online brain games,category,True,61,0.17,hold,,,
https://poki.com/en/g/little-farm-world,Little Farm World,online crazy games,category,True,61,0.17,hold,,,
https://poki.com/en/g/little-farm-world,Little Farm World,online racing games,category,False,50,0.0,hold,,,
https://poki.com/en/g/little-farm-world,Little Farm World,online soccer games,category,False,50,0.0,hold,,,
https://poki.com/en/g/little-farm-world,Little Farm World,online multiplayer games,category,False,50,0.0,hold,,,
https://poki.com/en/g/little-farm-world,Little Farm World,dress up games,category,False,50,0.0,hold,,,
https://poki.com/en/g/little-farm-world,Little Farm World,platform games,category,False,50,0.0,hold,,,
https://poki.com/en/g/little-farm-world,Little Farm World,how to play little farm world,long_tail,False,50,0.0,hold,,,
https://poki.com/en/g/little-farm-world,Little Farm World,little farm world controls,long_tail,False,50,0.0,hold,,,
https://poki.com/en/g/little-farm-world,Little Farm World,games like little farm world,long_tail,False,50,0.0,hold,,,
https://poki.com/en/g/little-farm-world,Little Farm World,little farm world unblocked,long_tail,False,50,0.0,hold,,,
https://poki.com/en/g/dino-merge,Dino Merge,dino merge,game_name,True,54,0.83,hold,7.5,4.4,1.6923076923076923
https://poki.com/en/g/dino-merge,Dino Merge,play dino merge online,game_name,False,49,0.17,hold,,,
https://poki.com/en/g/dino-merge,Dino Merge,dino merge free,game_name,False,49,0.17,hold,,,
https://poki.com/en/g/dino-merge,Dino Merge,online dinosaur games,category,True,60,0.17,hold,,,
https://poki.com/en/g/dino-merge,Dino Merge,online clicker games,category,True,60,0.17,hold,,,
https://poki.com/en/g/dino-merge,Dino Merge,online monster games,category,True,60,0.17,hold,,,
https://poki.com/en/g/dino-merge,Dino Merge,online mobile games,category,True,60,0.17,hold,,,
https://poki.com/en/g/dino-merge,Dino Merge,online simulation games,category,True,60,0.17,hold,,,
https://poki.com/en/g/dino-merge,Dino Merge,online popular games,category,True,60,0.17,hold,,,
https://poki.com/en/g/dino-merge,Dino Merge,merge games,category,True,60,0.17,hold,,,
https://poki.com/en/g/dino-merge,Dino Merge,online soccer games,category,False,49,0.0,hold,,,
https://poki.com/en/g/dino-merge,Dino Merge,puzzle games,category,False,49,0.0,hold,,,
https://poki.com/en/g/dino-merge,Dino Merge,dress up games,category,False,49,0.0,hold,,,
https://poki.com/en/g/dino-merge,Dino Merge,idle games,category,False,49,0.0,hold,,,
https://poki.com/en/g/dino-merge,Dino Merge,how to play dino merge,long_tail,False,49,0.0,hold,,,
https://poki.com/en/g/dino-merge,Dino Merge,dino merge controls,long_tail,False,49,0.0,hold,,,
https://poki.com/en/g/dino-merge,Dino Merge,games like dino merge,long_tail,False,49,0.0,hold,,,
https://poki.com/en/g/dino-merge,Dino Merge,dino merge unblocked,long_tail,False,49,0.0,hold,,,
https://poki.com/en/g/gobattle2,GoBattle 2,gobattle 2,game_name,True,47,0.67,hold,0.0,0.0,0.0
https://poki.com/en/g/gobattle2,GoBattle 2,play gobattle 2 online,game_name,False,46,0.17,hold,,,
https://poki.com/en/g/gobattle2,GoBattle 2,gobattle 2 free,game_name,False,36,0.67,hold,0.0,0.0,0.0
https://poki.com/en/g/gobattle2,GoBattle 2,online multiplayer games,category,True,58,0.17,hold,,,
https://poki.com/en/g/gobattle2,GoBattle 2,online co-op games,category,True,58,0.17,hold,,,
https://poki.com/en/g/gobattle2,GoBattle 2,online 2 player games,category,True,58,0.17,hold,,,
https://poki.com/en/g/gobattle2,GoBattle 2,online 3d games,category,True,58,0.17,hold,,,
https://poki.com/en/g/gobattle2,GoBattle 2,online mobile games,category,True,58,0.17,hold,,,
https://poki.com/en/g/gobattle2,GoBattle 2,online io games,category,True,58,0.17,hold,,,
https://poki.com/en/g/gobattle2,GoBattle 2,online driving games,category,True,58,0.17,hold,,,
https://poki.com/en/g/gobattle2,GoBattle 2,online action games,category,False,46,0.0,hold,,,
https://poki.com/en/g/gobattle2,GoBattle 2,online shooting games,category,False,46,0.0,hold,,,
https://poki.com/en/g/gobattle2,GoBattle 2,online soccer games,category,False,46,0.0,hold,,,
https://poki.com/en/g/gobattle2,GoBattle 2,dress up games,category,False,46,0.0,hold,,,
https://poki.com/en/g/gobattle2,GoBattle 2,how to play gobattle 2,long_tail,False,46,0.0,hold,,,
https://poki.com/en/g/gobattle2,GoBattle 2,gobattle 2 controls,long_tail,False,46,0.0,hold,,,
https://poki.com/en/g/gobattle2,GoBattle 2,games like gobattle 2,long_tail,False,46,0.0,hold,,,
https://poki.com/en/g/gobattle2,GoBattle 2,gobattle 2 unblocked,long_tail,False,46,0.0,hold,,,
https://poki.com/en/g/witch-and-prince,Witch & Prince,witch & prince,game_name,False,39,0.67,hold,0.0,0.0,0.0
https://poki.com/en/g/witch-and-prince,Witch & Prince,play witch & prince online,game_name,False,49,0.17,hold,,,
https://poki.com/en/g/witch-and-prince,Witch & Prince,witch & prince free,game_name,False,49,0.17,hold,,,
https://poki.com/en/g/witch-and-prince,Witch & Prince,online love games,category,True,60,0.17,hold,,,
https://poki.com/en/g/witch-and-prince,Witch & Prince,online block games,category,True,60,0.17,hold,,,
https://poki.com/en/g/witch-and-prince,Witch & Prince,online cozy games,category,True,60,0.17,hold,,,
https://poki.com/en/g/witch-and-prince,Witch & Prince,merge games,category,True,60,0.17,hold,,,
https://poki.com/en/g/witch-and-prince,Witch & Prince,online soccer games,category,True,60,0.17,hold,,,
https://poki.com/en/g/witch-and-prince,Witch & Prince,puzzle games,category,True,60,0.17,hold,,,
https://poki.com/en/g/witch-and-prince,Witch & Prince,dress up games,category,True,60,0.17,hold,,,
https://poki.com/en/g/witch-and-prince,Witch & Prince,how to play witch & prince,long_tail,False,49,0.0,hold,,,
https://poki.com/en/g/witch-and-prince,Witch & Prince,witch & prince controls,long_tail,False,49,0.0,hold,,,
https://poki.com/en/g/witch-and-prince,Witch & Prince,games like witch & prince,long_tail,False,49,0.0,hold,,,
https://poki.com/en/g/witch-and-prince,Witch & Prince,witch & prince unblocked,long_tail,False,49,0.0,hold,,,
https://poki.com/en/g/tap-out-block-escape,Tap Out Block Escape,tap out block escape,game_name,False,48,0.17,hold,,,
https://poki.com/en/g/tap-out-block-escape,Tap Out Block Escape,play tap out block escape online,game_name,False,37,0.67,hold,0.0,0.0,0.0
https://poki.com/en/g/tap-out-block-escape,Tap Out Block Escape,tap out block escape free,game_name,False,48,0.17,hold,,,
https://poki.com/en/g/tap-out-block-escape,Tap Out Block Escape,online block games,category,True,59,0.17,hold,,,
https://poki.com/en/g/tap-out-block-escape,Tap Out Block Escape,online meme games,category,True,59,0.17,hold,,,
https://poki.com/en/g/tap-out-block-escape,Tap Out Block Escape,online 3d games,category,True,59,0.17,hold,,,
https://poki.com/en/g/tap-out-block-escape,Tap Out Block Escape,online brainrot games,category,True,59,0.17,hold,,,
https://poki.com/en/g/tap-out-block-escape,Tap Out Block Escape,online escape games,category,True,59,0.17,hold,,,
https://poki.com/en/g/tap-out-block-escape,Tap Out Block Escape,online puzzle games,category,True,59,0.17,hold,,,
https://poki.com/en/g/tap-out-block-escape,Tap Out Block Escape,online brain games,category,True,59,0.17,hold,,,
https://poki.com/en/g/tap-out-block-escape,Tap Out Block Escape,online beauty games,category,False,48,0.0,hold,,,
https://poki.com/en/g/tap-out-block-escape,Tap Out Block Escape,online mouse games,category,False,48,0.0,hold,,,
https://poki.com/en/g/tap-out-block-escape,Tap Out Block Escape,online board games,category,False,48,0.0,hold,,,
https://poki.com/en/g/tap-out-block-escape,Tap Out Block Escape,online car games,category,False,48,0.0,hold,,,
https://poki.com/en/g/tap-out-block-escape,Tap Out Block Escape,merge games,category,False,48,0.0,hold,,,
https://poki.com/en/g/tap-out-block-escape,Tap Out Block Escape,puzzle games,category,False,48,0.0,hold,,,
https://poki.com/en/g/tap-out-block-escape,Tap Out Block Escape,how to play tap out block escape,long_tail,False,48,0.0,hold,,,
https://poki.com/en/g/tap-out-block-escape,Tap Out Block Escape,tap out block escape controls,long_tail,False,48,0.0,hold,,,
https://poki.com/en/g/tap-out-block-escape,Tap Out Block Escape,games like tap out block escape,long_tail,False,48,0.0,hold,,,
https://poki.com/en/g/tap-out-block-escape,Tap Out Block Escape,tap out block escape unblocked,long_tail,False,48,0.0,hold,,,
https://poki.com/en/g/platypus-coffee,Platypus Coffee,platypus coffee,game_name,True,53,0.83,hold,6.5,2.6,28.153846153846153
https://poki.com/en/g/platypus-coffee,Platypus Coffee,play platypus coffee online,game_name,False,50,0.17,hold,,,
https://poki.com/en/g/platypus-coffee,Platypus Coffee,platypus coffee free,game_name,False,50,0.17,hold,,,
https://poki.com/en/g/platypus-coffee,Platypus Coffee,online cooking games,category,True,61,0.17,hold,,,
https://poki.com/en/g/platypus-coffee,Platypus Coffee,online popular games,category,True,61,0.17,hold,,,
https://poki.com/en/g/platypus-coffee,Platypus Coffee,online 2 player games,category,True,61,0.17,hold,,,
https://poki.com/en/g/platypus-coffee,Platypus Coffee,online pizza games,category,True,61,0.17,hold,,,
https://poki.com/en/g/platypus-coffee,Platypus Coffee,online decoration games,category,False,50,0.17,hold,,,
https://poki.com/en/g/platypus-coffee,Platypus Coffee,online action games,category,True,61,0.17,hold,,,
https://poki.com/en/g/platypus-coffee,Platypus Coffee,online tycoon games,category,True,61,0.17,hold,,,
https://poki.com/en/g/platypus-coffee,Platypus Coffee,online soccer games,category,False,50,0.0,hold,,,
https://poki.com/en/g/platypus-coffee,Platypus Coffee,dress up games,category,False,50,0.0,hold,,,
https://poki.com/en/g/platypus-coffee,Platypus Coffee,how to play platypus coffee,long_tail,False,50,0.0,hold,,,
https://poki.com/en/g/platypus-coffee,Platypus Coffee,platypus coffee controls,long_tail,False,50,0.0,hold,,,
https://poki.com/en/g/platypus-coffee,Platypus Coffee,games like platypus coffee,long_tail,False,50,0.0,hold,,,
https://poki.com/en/g/platypus-coffee,Platypus Coffee,platypus coffee unblocked,long_tail,False,50,0.0,hold,,,
https://poki.com/en/g/barn-baron,Barn Baron,barn baron,game_name,True,57,0.83,watch,18.5,9.6,17.23076923076923
https://poki.com/en/g/barn-baron,Barn Baron,play barn baron online,game_name,False,50,0.17,hold,,,
https://poki.com/en/g/barn-baron,Barn Baron,barn baron free,game_name,False,50,0.17,hold,,,
https://poki.com/en/g/barn-baron,Barn Baron,online tycoon games,category,True,61,0.17,hold,,,
https://poki.com/en/g/barn-baron,Barn Baron,online farm games,category,True,61,0.17,hold,,,
https://poki.com/en/g/barn-baron,Barn Baron,online dog games,category,True,61,0.17,hold,,,
https://poki.com/en/g/barn-baron,Barn Baron,online action games,category,True,61,0.17,hold,,,
https://poki.com/en/g/barn-baron,Barn Baron,online nitrome games,category,False,50,0.17,hold,,,
https://poki.com/en/g/barn-baron,Barn Baron,idle games,category,True,61,0.17,hold,,,
https://poki.com/en/g/barn-baron,Barn Baron,online soccer games,category,True,61,0.17,hold,,,
https://poki.com/en/g/barn-baron,Barn Baron,dress up games,category,False,50,0.0,hold,,,
https://poki.com/en/g/barn-baron,Barn Baron,how to play barn baron,long_tail,False,50,0.0,hold,,,
https://poki.com/en/g/barn-baron,Barn Baron,barn baron controls,long_tail,False,50,0.0,hold,,,
https://poki.com/en/g/barn-baron,Barn Baron,games like barn baron,long_tail,False,50,0.0,hold,,,
https://poki.com/en/g/barn-baron,Barn Baron,barn baron unblocked,long_tail,False,50,0.0,hold,,,
https://poki.com/en/g/mooverse-d9cc7bd1,Mooverse,mooverse,game_name,False,46,0.17,hold,,,
https://poki.com/en/g/mooverse-d9cc7bd1,Mooverse,play mooverse online,game_name,False,46,0.17,hold,,,
https://poki.com/en/g/mooverse-d9cc7bd1,Mooverse,mooverse free,game_name,False,46,0.17,hold,,,
https://poki.com/en/g/mooverse-d9cc7bd1,Mooverse,online animal games,category,True,57,0.17,hold,,,
https://poki.com/en/g/mooverse-d9cc7bd1,Mooverse,online monkey games,category,False,46,0.17,hold,,,
https://poki.com/en/g/mooverse-d9cc7bd1,Mooverse,online merge games,category,True,57,0.17,hold,,,
https://poki.com/en/g/mooverse-d9cc7bd1,Mooverse,online idle games,category,True,57,0.17,hold,,,
https://poki.com/en/g/mooverse-d9cc7bd1,Mooverse,online co-op games,category,True,57,0.17,hold,,,
https://poki.com/en/g/mooverse-d9cc7bd1,Mooverse,online platform games,category,True,57,0.17,hold,,,
https://poki.com/en/g/mooverse-d9cc7bd1,Mooverse,idle games,category,True,57,0.17,hold,,,
https://poki.com/en/g/mooverse-d9cc7bd1,Mooverse,merge games,category,False,46,0.0,hold,,,
https://poki.com/en/g/mooverse-d9cc7bd1,Mooverse,online soccer games,category,False,46,0.0,hold,,,
https://poki.com/en/g/mooverse-d9cc7bd1,Mooverse,platform games,category,False,46,0.0,hold,,,
https://poki.com/en/g/mooverse-d9cc7bd1,Mooverse,how to play mooverse,long_tail,False,46,0.0,hold,,,
https://poki.com/en/g/mooverse-d9cc7bd1,Mooverse,mooverse controls,long_tail,False,46,0.0,hold,,,
https://poki.com/en/g/mooverse-d9cc7bd1,Mooverse,games like mooverse,long_tail,False,46,0.0,hold,,,
https://poki.com/en/g/mooverse-d9cc7bd1,Mooverse,mooverse unblocked,long_tail,False,46,0.0,hold,,,
https://poki.com/en/g/word-solitaire,Word Solitaire,word solitaire,game_name,True,65,0.67,watch,53.5,50.0,57.15384615384615
https://poki.com/en/g/word-solitaire,Word Solitaire,play word solitaire online,game_name,True,75,0.83,immediate,50.0,20.0,7.6923076923076925
https://poki.com/en/g/word-solitaire,Word Solitaire,word solitaire free,game_name,True,67,0.67,watch,44.5,22.0,37.15384615384615
https://poki.com/en/g/word-solitaire,Word Solitaire,online brain games,category,True,59,0.17,hold,,,
https://poki.com/en/g/word-solitaire,Word Solitaire,merge games,category,True,59,0.17,hold,,,
https://poki.com/en/g/word-solitaire,Word Solitaire,online soccer games,category,True,59,0.17,hold,,,
https://poki.com/en/g/word-solitaire,Word Solitaire,dress up games,category,True,59,0.17,hold,,,
https://poki.com/en/g/word-solitaire,Word Solitaire,puzzle games,category,True,59,0.17,hold,,,
https://poki.com/en/g/word-solitaire,Word Solitaire,how to play word solitaire,long_tail,True,59,0.17,hold,,,
https://poki.com/en/g/word-solitaire,Word Solitaire,word solitaire controls,long_tail,False,48,0.17,hold,,,
https://poki.com/en/g/word-solitaire,Word Solitaire,games like word solitaire,long_tail,False,48,0.0,hold,,,
https://poki.com/en/g/word-solitaire,Word Solitaire,word solitaire unblocked,long_tail,False,48,0.0,hold,,,
https://poki.com/en/g/police-drift-escape,Police Drift Escape,police drift escape,game_name,False,63,0.67,watch,50.0,20.0,7.6923076923076925
https://poki.com/en/g/police-drift-escape,Police Drift Escape,play police drift escape online,game_name,False,48,0.17,hold,,,
https://poki.com/en/g/police-drift-escape,Police Drift Escape,police drift escape free,game_name,False,48,0.17,hold,,,
https://poki.com/en/g/police-drift-escape,Police Drift Escape,online car games,category,True,59,0.17,hold,,,
https://poki.com/en/g/police-drift-escape,Police Drift Escape,online police games,category,True,59,0.17,hold,,,
https://poki.com/en/g/police-drift-escape,Police Drift Escape,online drifting games,category,True,59,0.17,hold,,,
https://poki.com/en/g/police-drift-escape,Police Drift Escape,online racing games,category,True,59,0.17,hold,,,
https://poki.com/en/g/police-drift-escape,Police Drift Escape,online shooting games,category,True,59,0.17,hold,,,
https://poki.com/en/g/police-drift-escape,Police Drift Escape,online typing games,category,True,59,0.17,hold,,,
https://poki.com/en/g/police-drift-escape,Police Drift Escape,online escape games,category,True,59,0.17,hold,,,
https://poki.com/en/g/police-drift-escape,Police Drift Escape,online action games,category,False,48,0.0,hold,,,
https://poki.com/en/g/police-drift-escape,Police Drift Escape,online mouse games,category,False,48,0.0,hold,,,
https://poki.com/en/g/police-drift-escape,Police Drift Escape,online gun games,category,False,48,0.0,hold,,,
https://poki.com/en/g/police-drift-escape,Police Drift Escape,online airplane games,category,False,48,0.0,hold,,,
https://poki.com/en/g/police-drift-escape,Police Drift Escape,online io games,category,False,48,0.0,hold,,,
https://poki.com/en/g/police-drift-escape,Police Drift Escape,online soccer games,category,False,48,0.0,hold,,,
https://poki.com/en/g/police-drift-escape,Police Drift Escape,how to play police drift escape,long_tail,False,48,0.0,hold,,,
https://poki.com/en/g/police-drift-escape,Police Drift Escape,police drift escape controls,long_tail,False,48,0.0,hold,,,
https://poki.com/en/g/police-drift-escape,Police Drift Escape,games like police drift escape,long_tail,False,48,0.0,hold,,,
https://poki.com/en/g/police-drift-escape,Police Drift Escape,police drift escape unblocked,long_tail,False,48,0.0,hold,,,
https://poki.com/en/g/fluffy-donut,Fluffy Donut,fluffy donut,game_name,True,56,0.83,watch,17.5,13.8,14.538461538461538
https://poki.com/en/g/fluffy-donut,Fluffy Donut,play fluffy donut online,game_name,False,49,0.17,hold,,,
https://poki.com/en/g/fluffy-donut,Fluffy Donut,fluffy donut free,game_name,False,39,0.67,hold,0.0,0.0,7.6923076923076925
https://poki.com/en/g/fluffy-donut,Fluffy Donut,online cozy games,category,True,60,0.17,hold,,,
https://poki.com/en/g/fluffy-donut,Fluffy Donut,online cooking games,category,True,60,0.17,hold,,,
https://poki.com/en/g/fluffy-donut,Fluffy Donut,online animal games,category,True,60,0.17,hold,,,
https://poki.com/en/g/fluffy-donut,Fluffy Donut,online food games,category,True,60,0.17,hold,,,
https://poki.com/en/g/fluffy-donut,Fluffy Donut,online dress up games,category,True,60,0.17,hold,,,
https://poki.com/en/g/fluffy-donut,Fluffy Donut,merge games,category,True,60,0.17,hold,,,
https://poki.com/en/g/fluffy-donut,Fluffy Donut,dress up games,category,True,60,0.17,hold,,,
https://poki.com/en/g/fluffy-donut,Fluffy Donut,how to play fluffy donut,long_tail,False,49,0.0,hold,,,
https://poki.com/en/g/fluffy-donut,Fluffy Donut,fluffy donut controls,long_tail,False,49,0.0,hold,,,
https://poki.com/en/g/fluffy-donut,Fluffy Donut,games like fluffy donut,long_tail,False,49,0.0,hold,,,
https://poki.com/en/g/fluffy-donut,Fluffy Donut,fluffy donut unblocked,long_tail,False,49,0.0,hold,,,
https://poki.com/en/g/pop-pop-01b4d2c0,POP POP!,pop pop,game_name,True,71,0.67,watch,69.0,70.2,76.38461538461539
https://poki.com/en/g/pop-pop-01b4d2c0,POP POP!,play pop pop online,game_name,False,47,0.83,hold,24.0,20.6,44.38461538461539
https://poki.com/en/g/pop-pop-01b4d2c0,POP POP!,pop pop free,game_name,False,61,0.83,watch,34.5,37.6,56.30769230769231
https://poki.com/en/g/pop-pop-01b4d2c0,POP POP!,online block games,category,True,61,0.17,hold,,,
https://poki.com/en/g/pop-pop-01b4d2c0,POP POP!,online backrooms games,category,False,50,0.17,hold,,,
https://poki.com/en/g/pop-pop-01b4d2c0,POP POP!,online popular games,category,True,61,0.17,hold,,,
https://poki.com/en/g/pop-pop-01b4d2c0,POP POP!,online adventure games,category,True,61,0.17,hold,,,
https://poki.com/en/g/pop-pop-01b4d2c0,POP POP!,online horror games,category,True,61,0.17,hold,,,
https://poki.com/en/g/pop-pop-01b4d2c0,POP POP!,merge games,category,True,61,0.17,hold,,,
https://poki.com/en/g/pop-pop-01b4d2c0,POP POP!,online soccer games,category,True,61,0.17,hold,,,
https://poki.com/en/g/pop-pop-01b4d2c0,POP POP!,dress up games,category,False,50,0.0,hold,,,
https://poki.com/en/g/pop-pop-01b4d2c0,POP POP!,how to play pop pop,long_tail,False,50,0.0,hold,,,
https://poki.com/en/g/pop-pop-01b4d2c0,POP POP!,pop pop controls,long_tail,False,50,0.0,hold,,,
https://poki.com/en/g/pop-pop-01b4d2c0,POP POP!,games like pop pop,long_tail,False,50,0.0,hold,,,
https://poki.com/en/g/pop-pop-01b4d2c0,POP POP!,pop pop unblocked,long_tail,False,50,0.0,hold,,,
https://poki.com/en/g/hole-io,Hole.io,hole.io,game_name,True,63,0.83,watch,32.5,25.6,34.61538461538461
https://poki.com/en/g/hole-io,Hole.io,play hole.io online,game_name,False,67,0.67,watch,50.0,20.0,7.6923076923076925
https://poki.com/en/g/hole-io,Hole.io,hole.io free,game_name,True,75,0.83,immediate,50.0,34.4,13.23076923076923
https://poki.com/en/g/hole-io,Hole.io,online 2 player games,category,True,63,0.17,hold,,,
https://poki.com/en/g/hole-io,Hole.io,online shooting games,category,True,63,0.17,hold,,,
https://poki.com/en/g/hole-io,Hole.io,online car games,category,True,63,0.17,hold,,,
https://poki.com/en/g/hole-io,Hole.io,online action games,category,True,63,0.17,hold,,,
https://poki.com/en/g/hole-io,Hole.io,online skill games,category,True,63,0.17,hold,,,
https://poki.com/en/g/hole-io,Hole.io,online multiplayer games,category,True,63,0.17,hold,,,
https://poki.com/en/g/hole-io,Hole.io,online io games,category,True,63,0.17,hold,,,
https://poki.com/en/g/hole-io,Hole.io,dress up games,category,False,52,0.0,hold,,,
https://poki.com/en/g/hole-io,Hole.io,puzzle games,category,False,52,0.0,hold,,,
https://poki.com/en/g/hole-io,Hole.io,online soccer games,category,False,52,0.0,hold,,,
https://poki.com/en/g/hole-io,Hole.io,how to play hole.io,long_tail,False,52,0.0,hold,,,
https://poki.com/en/g/hole-io,Hole.io,hole.io controls,long_tail,False,52,0.0,hold,,,
https://poki.com/en/g/hole-io,Hole.io,games like hole.io,long_tail,False,52,0.0,hold,,,
https://poki.com/en/g/hole-io,Hole.io,hole.io unblocked,long_tail,False,52,0.0,hold,,,
https://poki.com/en/g/steal-pet,Steal Pet,steal pet,game_name,True,75,0.83,immediate,64.5,47.8,50.84615384615385
https://poki.com/en/g/steal-pet,Steal Pet,play steal pet online,game_name,False,51,0.17,hold,,,
https://poki.com/en/g/steal-pet,Steal Pet,steal pet free,game_name,True,62,0.17,hold,,,
https://poki.com/en/g/steal-pet,Steal Pet,online 2 player games,category,True,62,0.17,hold,,,
https://poki.com/en/g/steal-pet,Steal Pet,online shooting games,category,True,62,0.17,hold,,,
https://poki.com/en/g/steal-pet,Steal Pet,online car games,category,True,62,0.17,hold,,,
https://poki.com/en/g/steal-pet,Steal Pet,online action games,category,True,62,0.17,hold,,,
https://poki.com/en/g/steal-pet,Steal Pet,online skill games,category,True,62,0.17,hold,,,
https://poki.com/en/g/steal-pet,Steal Pet,online multiplayer games,category,True,62,0.17,hold,,,
https://poki.com/en/g/steal-pet,Steal Pet,online io games,category,True,62,0.17,hold,,,
https://poki.com/en/g/steal-pet,Steal Pet,dress up games,category,False,51,0.0,hold,,,
https://poki.com/en/g/steal-pet,Steal Pet,puzzle games,category,False,51,0.0,hold,,,
https://poki.com/en/g/steal-pet,Steal Pet,online soccer games,category,False,51,0.0,hold,,,
https://poki.com/en/g/steal-pet,Steal Pet,how to play steal pet,long_tail,False,51,0.0,hold,,,
https://poki.com/en/g/steal-pet,Steal Pet,steal pet controls,long_tail,False,51,0.0,hold,,,
https://poki.com/en/g/steal-pet,Steal Pet,games like steal pet,long_tail,False,51,0.0,hold,,,
https://poki.com/en/g/steal-pet,Steal Pet,steal pet unblocked,long_tail,False,51,0.0,hold,,,
https://poki.com/en/g/pando-mystery-mine,Pando Mystery Mine,pando mystery mine,game_name,False,52,0.17,hold,,,
https://poki.com/en/g/pando-mystery-mine,Pando Mystery Mine,play pando mystery mine online,game_name,False,52,0.17,hold,,,
https://poki.com/en/g/pando-mystery-mine,Pando Mystery Mine,pando mystery mine free,game_name,False,67,0.67,watch,50.0,20.0,7.6923076923076925
https://poki.com/en/g/pando-mystery-mine,Pando Mystery Mine,online adventure games,category,True,63,0.17,hold,,,
https://poki.com/en/g/pando-mystery-mine,Pando Mystery Mine,online 3d games,category,True,63,0.17,hold,,,
https://poki.com/en/g/pando-mystery-mine,Pando Mystery Mine,online simulation games,category,True,63,0.17,hold,,,
https://poki.com/en/g/pando-mystery-mine,Pando Mystery Mine,online platform games,category,True,63,0.17,hold,,,
https://poki.com/en/g/pando-mystery-mine,Pando Mystery Mine,online mobile games,category,True,63,0.17,hold,,,
https://poki.com/en/g/pando-mystery-mine,Pando Mystery Mine,online typing games,category,True,63,0.17,hold,,,
https://poki.com/en/g/pando-mystery-mine,Pando Mystery Mine,online flash games,category,True,63,0.17,hold,,,
https://poki.com/en/g/pando-mystery-mine,Pando Mystery Mine,idle games,category,False,52,0.0,hold,,,
https://poki.com/en/g/pando-mystery-mine,Pando Mystery Mine,puzzle games,category,False,52,0.0,hold,,,
https://poki.com/en/g/pando-mystery-mine,Pando Mystery Mine,online soccer games,category,False,52,0.0,hold,,,
https://poki.com/en/g/pando-mystery-mine,Pando Mystery Mine,merge games,category,False,52,0.0,hold,,,
https://poki.com/en/g/pando-mystery-mine,Pando Mystery Mine,dress up games,category,False,52,0.0,hold,,,
https://poki.com/en/g/pando-mystery-mine,Pando Mystery Mine,how to play pando mystery mine,long_tail,False,52,0.0,hold,,,
https://poki.com/en/g/pando-mystery-mine,Pando Mystery Mine,pando mystery mine controls,long_tail,False,52,0.0,hold,,,
https://poki.com/en/g/pando-mystery-mine,Pando Mystery Mine,games like pando mystery mine,long_tail,False,52,0.0,hold,,,
https://poki.com/en/g/pando-mystery-mine,Pando Mystery Mine,pando mystery mine unblocked,long_tail,False,52,0.0,hold,,,
https://poki.com/en/g/mini-gp-racers,Mini GP Racers,mini gp racers,game_name,False,51,0.17,hold,,,
https://poki.com/en/g/mini-gp-racers,Mini GP Racers,play mini gp racers online,game_name,False,51,0.17,hold,,,
https://poki.com/en/g/mini-gp-racers,Mini GP Racers,mini gp racers free,game_name,False,40,0.67,hold,0.0,0.0,0.0
https://poki.com/en/g/mini-gp-racers,Mini GP Racers,online car games,category,True,62,0.17,hold,,,
https://poki.com/en/g/mini-gp-racers,Mini GP Racers,online driving games,category,True,62,0.17,hold,,,
https://poki.com/en/g/mini-gp-racers,Mini GP Racers,online adventure games,category,True,62,0.17,hold,,,
https://poki.com/en/g/mini-gp-racers,Mini GP Racers,online drifting games,category,True,62,0.17,hold,,,
https://poki.com/en/g/mini-gp-racers,Mini GP Racers,online popular games,category,True,62,0.17,hold,,,
https://poki.com/en/g/mini-gp-racers,Mini GP Racers,puzzle games,category,True,62,0.17,hold,,,
https://poki.com/en/g/mini-gp-racers,Mini GP Racers,online soccer games,category,True,62,0.17,hold,,,
https://poki.com/en/g/mini-gp-racers,Mini GP Racers,merge games,category,False,51,0.0,hold,,,
https://poki.com/en/g/mini-gp-racers,Mini GP Racers,dress up games,category,False,51,0.0,hold,,,
https://poki.com/en/g/mini-gp-racers,Mini GP Racers,online shooting games,category,False,51,0.0,hold,,,
https://poki.com/en/g/mini-gp-racers,Mini GP Racers,how to play mini gp racers,long_tail,False,51,0.0,hold,,,
https://poki.com/en/g/mini-gp-racers,Mini GP Racers,mini gp racers controls,long_tail,False,51,0.0,hold,,,
https://poki.com/en/g/mini-gp-racers,Mini GP Racers,games like mini gp racers,long_tail,False,51,0.0,hold,,,
https://poki.com/en/g/mini-gp-racers,Mini GP Racers,mini gp racers unblocked,long_tail,False,51,0.0,hold,,,
https://poki.com/en/g/dunk-dude,Dunk Dude,dunk dude,game_name,True,52,0.83,hold,7.5,6.6,2.5384615384615383
https://poki.com/en/g/dunk-dude,Dunk Dude,play dunk dude online,game_name,False,49,0.17,hold,,,
https://poki.com/en/g/dunk-dude,Dunk Dude,dunk dude free,game_name,False,49,0.17,hold,,,
https://poki.com/en/g/dunk-dude,Dunk Dude,online basketball games,category,True,60,0.17,hold,,,
https://poki.com/en/g/dunk-dude,Dunk Dude,online soccer games,category,True,60,0.17,hold,,,
https://poki.com/en/g/dunk-dude,Dunk Dude,puzzle games,category,True,60,0.17,hold,,,
https://poki.com/en/g/dunk-dude,Dunk Dude,merge games,category,True,60,0.17,hold,,,
https://poki.com/en/g/dunk-dude,Dunk Dude,dress up games,category,True,60,0.17,hold,,,
https://poki.com/en/g/dunk-dude,Dunk Dude,online shooting games,category,True,60,0.17,hold,,,
https://poki.com/en/g/dunk-dude,Dunk Dude,how to play dunk dude,long_tail,False,49,0.17,hold,,,
https://poki.com/en/g/dunk-dude,Dunk Dude,dunk dude controls,long_tail,False,49,0.0,hold,,,
https://poki.com/en/g/dunk-dude,Dunk Dude,games like dunk dude,long_tail,False,49,0.0,hold,,,
https://poki.com/en/g/dunk-dude,Dunk Dude,dunk dude unblocked,long_tail,False,49,0.0,hold,,,
https://poki.com/en/g/arrow-parking,Arrow Parking,arrow parking,game_name,True,60,0.83,watch,36.0,38.6,63.23076923076923
https://poki.com/en/g/arrow-parking,Arrow Parking,play arrow parking online,game_name,False,38,0.67,hold,0.0,0.0,0.0
https://poki.com/en/g/arrow-parking,Arrow Parking,arrow parking free,game_name,False,39,0.67,hold,4.0,3.0,8.461538461538462
https://poki.com/en/g/arrow-parking,Arrow Parking,online drifting games,category,True,60,0.17,hold,,,
https://poki.com/en/g/arrow-parking,Arrow Parking,puzzle games,category,True,60,0.17,hold,,,
https://poki.com/en/g/arrow-parking,Arrow Parking,online soccer games,category,True,60,0.17,hold,,,
https://poki.com/en/g/arrow-parking,Arrow Parking,merge games,category,True,60,0.17,hold,,,
https://poki.com/en/g/arrow-parking,Arrow Parking,dress up games,category,True,60,0.17,hold,,,
https://poki.com/en/g/arrow-parking,Arrow Parking,online shooting games,category,True,60,0.17,hold,,,
https://poki.com/en/g/arrow-parking,Arrow Parking,how to play arrow parking,long_tail,False,49,0.17,hold,,,
https://poki.com/en/g/arrow-parking,Arrow Parking,arrow parking controls,long_tail,False,49,0.0,hold,,,
https://poki.com/en/g/arrow-parking,Arrow Parking,games like arrow parking,long_tail,False,49,0.0,hold,,,
https://poki.com/en/g/arrow-parking,Arrow Parking,arrow parking unblocked,long_tail,False,49,0.0,hold,,,
https://poki.com/en/g/draw-me-legs,Draw me Legs,draw me legs,game_name,True,59,0.67,watch,16.0,10.4,4.0
https://poki.com/en/g/draw-me-legs,Draw me Legs,play draw me legs online,game_name,False,51,0.17,hold,,,
https://poki.com/en/g/draw-me-legs,Draw me Legs,draw me legs free,game_name,False,51,0.17,hold,,,
https://poki.com/en/g/draw-me-legs,Draw me Legs,online tycoon games,category,True,62,0.17,hold,,,
https://poki.com/en/g/draw-me-legs,Draw me Legs,online snake games,category,True,62,0.17,hold,,,
https://poki.com/en/g/draw-me-legs,Draw me Legs,online drawing games,category,True,62,0.17,hold,,,
https://poki.com/en/g/draw-me-legs,Draw me Legs,online mobile games,category,True,62,0.17,hold,,,
https://poki.com/en/g/draw-me-legs,Draw me Legs,online brain games,category,True,62,0.17,hold,,,
https://poki.com/en/g/draw-me-legs,Draw me Legs,online ragdoll games,category,True,62,0.17,hold,,,
https://poki.com/en/g/draw-me-legs,Draw me Legs,puzzle games,category,True,62,0.17,hold,,,
https://poki.com/en/g/draw-me-legs,Draw me Legs,online soccer games,category,False,51,0.0,hold,,,
https://poki.com/en/g/draw-me-legs,Draw me Legs,merge games,category,False,51,0.0,hold,,,
https://poki.com/en/g/draw-me-legs,Draw me Legs,dress up games,category,False,51,0.0,hold,,,
https://poki.com/en/g/draw-me-legs,Draw me Legs,online shooting games,category,False,51,0.0,hold,,,
https://poki.com/en/g/draw-me-legs,Draw me Legs,how to play draw me legs,long_tail,False,51,0.0,hold,,,
https://poki.com/en/g/draw-me-legs,Draw me Legs,draw me legs controls,long_tail,False,51,0.0,hold,,,
https://poki.com/en/g/draw-me-legs,Draw me Legs,games like draw me legs,long_tail,False,51,0.0,hold,,,
https://poki.com/en/g/draw-me-legs,Draw me Legs,draw me legs unblocked,long_tail,False,51,0.0,hold,,,
https://poki.com/en/g/sliceblock,SliceBlock,sliceblock,game_name,False,30,0.67,ignore,0.0,0.0,7.6923076923076925
https://poki.com/en/g/sliceblock,SliceBlock,play sliceblock online,game_name,False,30,0.67,ignore,0.0,0.0,0.0
https://poki.com/en/g/sliceblock,SliceBlock,sliceblock free,game_name,False,41,0.17,hold,,,
https://poki.com/en/g/sliceblock,SliceBlock,online platform games,category,True,52,0.17,hold,,,
https://poki.com/en/g/sliceblock,SliceBlock,online brain games,category,True,52,0.17,hold,,,
https://poki.com/en/g/sliceblock,SliceBlock,puzzle games,category,True,52,0.17,hold,,,
https://poki.com/en/g/sliceblock,SliceBlock,online soccer games,category,True,52,0.17,hold,,,
https://poki.com/en/g/sliceblock,SliceBlock,merge games,category,True,52,0.17,hold,,,
https://poki.com/en/g/sliceblock,SliceBlock,dress up games,category,True,52,0.17,hold,,,
https://poki.com/en/g/sliceblock,SliceBlock,online shooting games,category,True,52,0.17,hold,,,
https://poki.com/en/g/sliceblock,SliceBlock,how to play sliceblock,long_tail,False,41,0.0,hold,,,
https://poki.com/en/g/sliceblock,SliceBlock,sliceblock controls,long_tail,False,41,0.0,hold,,,
https://poki.com/en/g/sliceblock,SliceBlock,games like sliceblock,long_tail,False,41,0.0,hold,,,
https://poki.com/en/g/sliceblock,SliceBlock,sliceblock unblocked,long_tail,False,41,0.0,hold,,,
https://poki.com/en/g/brawl-tanks,Brawl Tanks,brawl tanks,game_name,True,61,0.67,watch,21.0,13.0,5.0
https://poki.com/en/g/brawl-tanks,Brawl Tanks,play brawl tanks online,game_name,False,51,0.17,hold,,,
https://poki.com/en/g/brawl-tanks,Brawl Tanks,brawl tanks free,game_name,False,51,0.17,hold,,,
https://poki.com/en/g/brawl-tanks,Brawl Tanks,online tank games,category,True,62,0.17,hold,,,
https://poki.com/en/g/brawl-tanks,Brawl Tanks,online mouse games,category,True,62,0.17,hold,,,
https://poki.com/en/g/brawl-tanks,Brawl Tanks,online 3d games,category,True,62,0.17,hold,,,
https://poki.com/en/g/brawl-tanks,Brawl Tanks,online platform games,category,True,62,0.17,hold,,,
https://poki.com/en/g/brawl-tanks,Brawl Tanks,online action games,category,True,62,0.17,hold,,,
https://poki.com/en/g/brawl-tanks,Brawl Tanks,online fighting games,category,True,62,0.17,hold,,,
https://poki.com/en/g/brawl-tanks,Brawl Tanks,online brainrot games,category,True,62,0.17,hold,,,
https://poki.com/en/g/brawl-tanks,Brawl Tanks,puzzle games,category,False,51,0.0,hold,,,
https://poki.com/en/g/brawl-tanks,Brawl Tanks,online soccer games,category,False,51,0.0,hold,,,
https://poki.com/en/g/brawl-tanks,Brawl Tanks,platform games,category,False,51,0.0,hold,,,
https://poki.com/en/g/brawl-tanks,Brawl Tanks,how to play brawl tanks,long_tail,False,51,0.0,hold,,,
https://poki.com/en/g/brawl-tanks,Brawl Tanks,brawl tanks controls,long_tail,False,51,0.0,hold,,,
https://poki.com/en/g/brawl-tanks,Brawl Tanks,games like brawl tanks,long_tail,False,51,0.0,hold,,,
https://poki.com/en/g/brawl-tanks,Brawl Tanks,brawl tanks unblocked,long_tail,False,51,0.0,hold,,,
https://poki.com/en/g/shopping-cat-jam,Shopping Cat Jam,shopping cat jam,game_name,False,42,0.67,hold,0.0,0.0,0.0
https://poki.com/en/g/shopping-cat-jam,Shopping Cat Jam,play shopping cat jam online,game_name,False,52,0.17,hold,,,
https://poki.com/en/g/shopping-cat-jam,Shopping Cat Jam,shopping cat jam free,game_name,False,52,0.17,hold,,,
https://poki.com/en/g/shopping-cat-jam,Shopping Cat Jam,online shopping games,category,True,63,0.17,hold,,,
https://poki.com/en/g/shopping-cat-jam,Shopping Cat Jam,online cat games,category,True,63,0.17,hold,,,
https://poki.com/en/g/shopping-cat-jam,Shopping Cat Jam,online food games,category,True,63,0.17,hold,,,
https://poki.com/en/g/shopping-cat-jam,Shopping Cat Jam,online clicker games,category,True,63,0.17,hold,,,
https://poki.com/en/g/shopping-cat-jam,Shopping Cat Jam,online chess games,category,True,63,0.17,hold,,,
https://poki.com/en/g/shopping-cat-jam,Shopping Cat Jam,online dress up games,category,True,63,0.17,hold,,,
https://poki.com/en/g/shopping-cat-jam,Shopping Cat Jam,online cozy games,category,True,63,0.17,hold,,,
https://poki.com/en/g/shopping-cat-jam,Shopping Cat Jam,online shooting games,category,False,52,0.0,hold,,,
https://poki.com/en/g/shopping-cat-jam,Shopping Cat Jam,online mobile games,category,False,52,0.0,hold,,,
https://poki.com/en/g/shopping-cat-jam,Shopping Cat Jam,online mouse games,category,False,52,0.0,hold,,,
https://poki.com/en/g/shopping-cat-jam,Shopping Cat Jam,puzzle games,category,False,52,0.0,hold,,,
https://poki.com/en/g/shopping-cat-jam,Shopping Cat Jam,online soccer games,category,False,52,0.0,hold,,,
https://poki.com/en/g/shopping-cat-jam,Shopping Cat Jam,dress up games,category,False,52,0.0,hold,,,
https://poki.com/en/g/shopping-cat-jam,Shopping Cat Jam,how to play shopping cat jam,long_tail,False,52,0.0,hold,,,
https://poki.com/en/g/shopping-cat-jam,Shopping Cat Jam,shopping cat jam controls,long_tail,False,52,0.0,hold,,,
https://poki.com/en/g/shopping-cat-jam,Shopping Cat Jam,games like shopping cat jam,long_tail,False,52,0.0,hold,,,
https://poki.com/en/g/shopping-cat-jam,Shopping Cat Jam,shopping cat jam unblocked,long_tail,False,52,0.0,hold,,,
https://poki.com/en/g/sling-clash,Sling Clash,sling clash,game_name,True,54,0.83,hold,2.5,1.0,7.923076923076923
https://poki.com/en/g/sling-clash,Sling Clash,play sling clash online,game_name,False,42,0.67,hold,0.0,1.4,8.23076923076923
https://poki.com/en/g/sling-clash,Sling Clash,sling clash free,game_name,False,52,0.17,hold,,,
https://poki.com/en/g/sling-clash,Sling Clash,online 2 player games,category,True,63,0.17,hold,,,
https://poki.com/en/g/sling-clash,Sling Clash,online multiplayer games,category,True,63,0.17,hold,,,
https://poki.com/en/g/sling-clash,Sling Clash,online backrooms games,category,False,52,0.17,hold,,,
https://poki.com/en/g/sling-clash,Sling Clash,online popular games,category,True,63,0.17,hold,,,
https://poki.com/en/g/sling-clash,Sling Clash,online fighting games,category,True,63,0.17,hold,,,
https://poki.com/en/g/sling-clash,Sling Clash,online 3d games,category,True,63,0.17,hold,,,
https://poki.com/en/g/sling-clash,Sling Clash,online first person shooter games,category,True,63,0.17,hold,,,
https://poki.com/en/g/sling-clash,Sling Clash,online classic games,category,False,52,0.0,hold,,,
https://poki.com/en/g/sling-clash,Sling Clash,online simulation games,category,False,52,0.0,hold,,,
https://poki.com/en/g/sling-clash,Sling Clash,online mobile games,category,False,52,0.0,hold,,,
https://poki.com/en/g/sling-clash,Sling Clash,online animal games,category,False,52,0.0,hold,,,
https://poki.com/en/g/sling-clash,Sling Clash,idle games,category,False,52,0.0,hold,,,
https://poki.com/en/g/sling-clash,Sling Clash,online soccer games,category,False,52,0.0,hold,,,
https://poki.com/en/g/sling-clash,Sling Clash,how to play sling clash,long_tail,False,52,0.0,hold,,,
https://poki.com/en/g/sling-clash,Sling Clash,sling clash controls,long_tail,False,52,0.0,hold,,,
https://poki.com/en/g/sling-clash,Sling Clash,games like sling clash,long_tail,False,52,0.0,hold,,,
https://poki.com/en/g/sling-clash,Sling Clash,sling clash unblocked,long_tail,False,52,0.0,hold,,,
https://poki.com/en/g/matchblast,MatchBlast,matchblast,game_name,False,39,0.67,hold,0.0,0.0,0.0
https://poki.com/en/g/matchblast,MatchBlast,play matchblast online,game_name,False,50,0.17,hold,,,
https://poki.com/en/g/matchblast,MatchBlast,matchblast free,game_name,False,50,0.17,hold,,,
https://poki.com/en/g/matchblast,MatchBlast,online puzzle games,category,True,61,0.17,hold,,,
https://poki.com/en/g/matchblast,MatchBlast,online matching games,category,True,61,0.17,hold,,,
https://poki.com/en/g/matchblast,MatchBlast,online brain games,category,True,61,0.17,hold,,,
https://poki.com/en/g/matchblast,MatchBlast,online match 3 games,category,True,61,0.17,hold,,,
https://poki.com/en/g/matchblast,MatchBlast,online music games,category,True,61,0.17,hold,,,
https://poki.com/en/g/matchblast,MatchBlast,online quiz games,category,True,61,0.17,hold,,,
https://poki.com/en/g/matchblast,MatchBlast,puzzle games,category,True,61,0.17,hold,,,
https://poki.com/en/g/matchblast,MatchBlast,online soccer games,category,False,50,0.0,hold,,,
https://poki.com/en/g/matchblast,MatchBlast,how to play matchblast,long_tail,False,50,0.0,hold,,,
https://poki.com/en/g/matchblast,MatchBlast,matchblast controls,long_tail,False,50,0.0,hold,,,
https://poki.com/en/g/matchblast,MatchBlast,games like matchblast,long_tail,False,50,0.0,hold,,,
https://poki.com/en/g/matchblast,MatchBlast,matchblast unblocked,long_tail,False,50,0.0,hold,,,
https://poki.com/en/g/red-pippy,Red Pippy,red pippy,game_name,False,71,0.67,watch,97.0,46.6,17.923076923076923
https://poki.com/en/g/red-pippy,Red Pippy,play red pippy online,game_name,False,52,0.17,hold,,,
https://poki.com/en/g/red-pippy,Red Pippy,red pippy free,game_name,False,52,0.17,hold,,,
https://poki.com/en/g/red-pippy,Red Pippy,online animal games,category,True,63,0.17,hold,,,
https://poki.com/en/g/red-pippy,Red Pippy,online adventure games,category,True,63,0.17,hold,,,
https://poki.com/en/g/red-pippy,Red Pippy,online skill games,category,True,63,0.17,hold,,,
https://poki.com/en/g/red-pippy,Red Pippy,online action games,category,True,63,0.17,hold,,,
https://poki.com/en/g/red-pippy,Red Pippy,online platform games,category,True,63,0.17,hold,,,
https://poki.com/en/g/red-pippy,Red Pippy,online multiplayer games,category,True,63,0.17,hold,,,
https://poki.com/en/g/red-pippy,Red Pippy,online shooting games,category,True,63,0.17,hold,,,
https://poki.com/en/g/red-pippy,Red Pippy,online mobile games,category,False,52,0.0,hold,,,
https://poki.com/en/g/red-pippy,Red Pippy,online watermelon games,category,False,52,0.0,hold,,,
https://poki.com/en/g/red-pippy,Red Pippy,puzzle games,category,False,52,0.0,hold,,,
https://poki.com/en/g/red-pippy,Red Pippy,online soccer games,category,False,52,0.0,hold,,,
https://poki.com/en/g/red-pippy,Red Pippy,platform games,category,False,52,0.0,hold,,,
https://poki.com/en/g/red-pippy,Red Pippy,how to play red pippy,long_tail,False,52,0.0,hold,,,
https://poki.com/en/g/red-pippy,Red Pippy,red pippy controls,long_tail,False,52,0.0,hold,,,
https://poki.com/en/g/red-pippy,Red Pippy,games like red pippy,long_tail,False,52,0.0,hold,,,
https://poki.com/en/g/red-pippy,Red Pippy,red pippy unblocked,long_tail,False,52,0.0,hold,,,
https://poki.com/en/g/claw-defense,Claw Defense,claw defense,game_name,True,57,0.83,watch,10.5,6.0,15.384615384615385
https://poki.com/en/g/claw-defense,Claw Defense,play claw defense online,game_name,False,52,0.17,hold,,,
https://poki.com/en/g/claw-defense,Claw Defense,claw defense free,game_name,False,52,0.17,hold,,,
https://poki.com/en/g/claw-defense,Claw Defense,online gun games,category,True,63,0.17,hold,,,
https://poki.com/en/g/claw-defense,Claw Defense,online shooting games,category,True,63,0.17,hold,,,
https://poki.com/en/g/claw-defense,Claw Defense,online car games,category,True,63,0.17,hold,,,
https://poki.com/en/g/claw-defense,Claw Defense,online action games,category,True,63,0.17,hold,,,
https://poki.com/en/g/claw-defense,Claw Defense,online 2 player games,category,True,63,0.17,hold,,,
https://poki.com/en/g/claw-defense,Claw Defense,online skill games,category,True,63,0.17,hold,,,
https://poki.com/en/g/claw-defense,Claw Defense,online mouse games,category,True,63,0.17,hold,,,
https://poki.com/en/g/claw-defense,Claw Defense,online arcade games,category,False,52,0.0,hold,,,
https://poki.com/en/g/claw-defense,Claw Defense,online popular games,category,False,52,0.0,hold,,,
https://poki.com/en/g/claw-defense,Claw Defense,online idle games,category,False,52,0.0,hold,,,
https://poki.com/en/g/claw-defense,Claw Defense,online number games,category,False,52,0.0,hold,,,
https://poki.com/en/g/claw-defense,Claw Defense,merge games,category,False,52,0.0,hold,,,
https://poki.com/en/g/claw-defense,Claw Defense,puzzle games,category,False,52,0.0,hold,,,
https://poki.com/en/g/claw-defense,Claw Defense,how to play claw defense,long_tail,False,52,0.0,hold,,,
https://poki.com/en/g/claw-defense,Claw Defense,claw defense controls,long_tail,False,52,0.0,hold,,,
https://poki.com/en/g/claw-defense,Claw Defense,games like claw defense,long_tail,False,52,0.0,hold,,,
https://poki.com/en/g/claw-defense,Claw Defense,claw defense unblocked,long_tail,False,52,0.0,hold,,,
https://poki.com/en/g/aidan-in-danger,Aidan in Danger,aidan in danger,game_name,True,62,0.17,hold,,,
https://poki.com/en/g/aidan-in-danger,Aidan in Danger,play aidan in danger online,game_name,False,40,0.67,hold,0.0,0.0,7.6923076923076925
https://poki.com/en/g/aidan-in-danger,Aidan in Danger,aidan in danger free,game_name,False,51,0.17,hold,,,
https://poki.com/en/g/aidan-in-danger,Aidan in Danger,online skill games,category,True,62,0.17,hold,,,
https://poki.com/en/g/aidan-in-danger,Aidan in Danger,online shooting games,category,True,62,0.17,hold,,,
https://poki.com/en/g/aidan-in-danger,Aidan in Danger,online 3d games,category,True,62,0.17,hold,,,
https://poki.com/en/g/aidan-in-danger,Aidan in Danger,online anime games,category,True,62,0.17,hold,,,
https://poki.com/en/g/aidan-in-danger,Aidan in Danger,online backrooms games,category,False,51,0.17,hold,,,
https://poki.com/en/g/aidan-in-danger,Aidan in Danger,online car games,category,True,62,0.17,hold,,,
https://poki.com/en/g/aidan-in-danger,Aidan in Danger,online construction games,category,True,62,0.17,hold,,,
https://poki.com/en/g/aidan-in-danger,Aidan in Danger,puzzle games,category,False,51,0.0,hold,,,
https://poki.com/en/g/aidan-in-danger,Aidan in Danger,online soccer games,category,False,51,0.0,hold,,,
https://poki.com/en/g/aidan-in-danger,Aidan in Danger,platform games,category,False,51,0.0,hold,,,
https://poki.com/en/g/aidan-in-danger,Aidan in Danger,how to play aidan in danger,long_tail,False,51,0.0,hold,,,
https://poki.com/en/g/aidan-in-danger,Aidan in Danger,aidan in danger controls,long_tail,False,51,0.0,hold,,,
https://poki.com/en/g/aidan-in-danger,Aidan in Danger,games like aidan in danger,long_tail,False,51,0.0,hold,,,
https://poki.com/en/g/aidan-in-danger,Aidan in Danger,aidan in danger unblocked,long_tail,False,51,0.0,hold,,,
https://poki.com/en/g/tiny-sticker-town,Tiny Sticker Town,tiny sticker town,game_name,False,37,0.67,hold,0.0,0.0,0.0
https://poki.com/en/g/tiny-sticker-town,Tiny Sticker Town,play tiny sticker town online,game_name,False,47,0.17,hold,,,
https://poki.com/en/g/tiny-sticker-town,Tiny Sticker Town,tiny sticker town free,game_name,False,47,0.17,hold,,,
https://poki.com/en/g/tiny-sticker-town,Tiny Sticker Town,online mobile games,category,True,58,0.17,hold,,,
https://poki.com/en/g/tiny-sticker-town,Tiny Sticker Town,online cozy games,category,True,58,0.17,hold,,,
https://poki.com/en/g/tiny-sticker-town,Tiny Sticker Town,online platform games,category,True,58,0.17,hold,,,
https://poki.com/en/g/tiny-sticker-town,Tiny Sticker Town,online decoration games,category,True,58,0.17,hold,,,
https://poki.com/en/g/tiny-sticker-town,Tiny Sticker Town,online merge games,category,True,58,0.17,hold,,,
https://poki.com/en/g/tiny-sticker-town,Tiny Sticker Town,online car games,category,True,58,0.17,hold,,,
https://poki.com/en/g/tiny-sticker-town,Tiny Sticker Town,online princess games,category,True,58,0.17,hold,,,
https://poki.com/en/g/tiny-sticker-town,Tiny Sticker Town,merge games,category,False,47,0.0,hold,,,
https://poki.com/en/g/tiny-sticker-town,Tiny Sticker Town,dress up games,category,False,47,0.0,hold,,,
https://poki.com/en/g/tiny-sticker-town,Tiny Sticker Town,platform games,category,False,47,0.0,hold,,,
https://poki.com/en/g/tiny-sticker-town,Tiny Sticker Town,how to play tiny sticker town,long_tail,False,47,0.0,hold,,,
https://poki.com/en/g/tiny-sticker-town,Tiny Sticker Town,tiny sticker town controls,long_tail,False,47,0.0,hold,,,
https://poki.com/en/g/tiny-sticker-town,Tiny Sticker Town,games like tiny sticker town,long_tail,False,47,0.0,hold,,,
https://poki.com/en/g/tiny-sticker-town,Tiny Sticker Town,tiny sticker town unblocked,long_tail,False,47,0.0,hold,,,
https://poki.com/en/g/kitty-sort,Kitty Sort,kitty sort,game_name,True,56,0.67,watch,13.0,6.6,7.846153846153846
https://poki.com/en/g/kitty-sort,Kitty Sort,play kitty sort online,game_name,False,50,0.17,hold,,,
https://poki.com/en/g/kitty-sort,Kitty Sort,kitty sort free,game_name,False,50,0.17,hold,,,
https://poki.com/en/g/kitty-sort,Kitty Sort,online cat games,category,True,61,0.17,hold,,,
https://poki.com/en/g/kitty-sort,Kitty Sort,online matching games,category,True,61,0.17,hold,,,
https://poki.com/en/g/kitty-sort,Kitty Sort,online puzzle games,category,True,61,0.17,hold,,,
https://poki.com/en/g/kitty-sort,Kitty Sort,online brain games,category,True,61,0.17,hold,,,
https://poki.com/en/g/kitty-sort,Kitty Sort,merge games,category,True,61,0.17,hold,,,
https://poki.com/en/g/kitty-sort,Kitty Sort,puzzle games,category,True,61,0.17,hold,,,
https://poki.com/en/g/kitty-sort,Kitty Sort,dress up games,category,True,61,0.17,hold,,,
https://poki.com/en/g/kitty-sort,Kitty Sort,online soccer games,category,False,50,0.0,hold,,,
https://poki.com/en/g/kitty-sort,Kitty Sort,how to play kitty sort,long_tail,False,50,0.0,hold,,,
https://poki.com/en/g/kitty-sort,Kitty Sort,kitty sort controls,long_tail,False,50,0.0,hold,,,
https://poki.com/en/g/kitty-sort,Kitty Sort,games like kitty sort,long_tail,False,50,0.0,hold,,,
https://poki.com/en/g/kitty-sort,Kitty Sort,kitty sort unblocked,long_tail,False,50,0.0,hold,,,
https://poki.com/en/g/pixellent,Pixellent,pixellent,game_name,True,62,0.17,hold,,,
https://poki.com/en/g/pixellent,Pixellent,play pixellent online,game_name,False,51,0.17,hold,,,
https://poki.com/en/g/pixellent,Pixellent,pixellent free,game_name,False,51,0.17,hold,,,
https://poki.com/en/g/pixellent,Pixellent,online puzzle games,category,True,62,0.17,hold,,,
https://poki.com/en/g/pixellent,Pixellent,online beauty games,category,True,62,0.17,hold,,,
https://poki.com/en/g/pixellent,Pixellent,online mobile games,category,True,62,0.17,hold,,,
https://poki.com/en/g/pixellent,Pixellent,online brain games,category,True,62,0.17,hold,,,
https://poki.com/en/g/pixellent,Pixellent,online car games,category,True,62,0.17,hold,,,
https://poki.com/en/g/pixellent,Pixellent,online idle games,category,True,62,0.17,hold,,,
https://poki.com/en/g/pixellent,Pixellent,puzzle games,category,True,62,0.17,hold,,,
https://poki.com/en/g/pixellent,Pixellent,online soccer games,category,False,51,0.0,hold,,,
https://poki.com/en/g/pixellent,Pixellent,dress up games,category,False,51,0.0,hold,,,
https://poki.com/en/g/pixellent,Pixellent,idle games,category,False,51,0.0,hold,,,
https://poki.com/en/g/pixellent,Pixellent,merge games,category,False,51,0.0,hold,,,
https://poki.com/en/g/pixellent,Pixellent,how to play pixellent,long_tail,False,51,0.0,hold,,,
https://poki.com/en/g/pixellent,Pixellent,pixellent controls,long_tail,False,51,0.0,hold,,,
https://poki.com/en/g/pixellent,Pixellent,games like pixellent,long_tail,False,51,0.0,hold,,,
https://poki.com/en/g/pixellent,Pixellent,pixellent unblocked,long_tail,False,51,0.0,hold,,,
https://poki.com/en/g/euro-car-parking,Euro Car Parking,euro car parking,game_name,True,54,0.83,hold,4.0,1.6,14.307692307692308
https://poki.com/en/g/euro-car-parking,Euro Car Parking,play euro car parking online,game_name,False,52,0.17,hold,,,
https://poki.com/en/g/euro-car-parking,Euro Car Parking,euro car parking free,game_name,False,52,0.17,hold,,,
https://poki.com/en/g/euro-car-parking,Euro Car Parking,online car games,category,True,63,0.17,hold,,,
https://poki.com/en/g/euro-car-parking,Euro Car Parking,online 3d games,category,True,63,0.17,hold,,,
https://poki.com/en/g/euro-car-parking,Euro Car Parking,online driving games,category,True,63,0.17,hold,,,
https://poki.com/en/g/euro-car-parking,Euro Car Parking,online adventure games,category,True,63,0.17,hold,,,
https://poki.com/en/g/euro-car-parking,Euro Car Parking,online shooting games,category,True,63,0.17,hold,,,
https://poki.com/en/g/euro-car-parking,Euro Car Parking,online dirt bike games,category,True,63,0.17,hold,,,
https://poki.com/en/g/euro-car-parking,Euro Car Parking,online action games,category,True,63,0.17,hold,,,
https://poki.com/en/g/euro-car-parking,Euro Car Parking,online popular games,category,False,52,0.0,hold,,,
https://poki.com/en/g/euro-car-parking,Euro Car Parking,online pizza games,category,False,52,0.0,hold,,,
https://poki.com/en/g/euro-car-parking,Euro Car Parking,online parking games,category,False,52,0.0,hold,,,
https://poki.com/en/g/euro-car-parking,Euro Car Parking,online gun games,category,False,52,0.0,hold,,,
https://poki.com/en/g/euro-car-parking,Euro Car Parking,online multiplayer games,category,False,52,0.0,hold,,,
https://poki.com/en/g/euro-car-parking,Euro Car Parking,online soccer games,category,False,52,0.0,hold,,,
https://poki.com/en/g/euro-car-parking,Euro Car Parking,how to play euro car parking,long_tail,False,52,0.0,hold,,,
https://poki.com/en/g/euro-car-parking,Euro Car Parking,euro car parking controls,long_tail,False,52,0.0,hold,,,
https://poki.com/en/g/euro-car-parking,Euro Car Parking,games like euro car parking,long_tail,False,52,0.0,hold,,,
https://poki.com/en/g/euro-car-parking,Euro Car Parking,euro car parking unblocked,long_tail,False,52,0.0,hold,,,
https://poki.com/en/g/fashion-world-tour,Fashion World Tour,fashion world tour,game_name,True,51,0.83,hold,4.0,2.0,30.923076923076923
https://poki.com/en/g/fashion-world-tour,Fashion World Tour,play fashion world tour online,game_name,False,49,0.17,hold,,,
https://poki.com/en/g/fashion-world-tour,Fashion World Tour,fashion world tour free,game_name,False,49,0.17,hold,,,
https://poki.com/en/g/fashion-world-tour,Fashion World Tour,online fashion games,category,True,60,0.17,hold,,,
https://poki.com/en/g/fashion-world-tour,Fashion World Tour,online dress up games,category,True,60,0.17,hold,,,
https://poki.com/en/g/fashion-world-tour,Fashion World Tour,online cozy games,category,True,60,0.17,hold,,,
https://poki.com/en/g/fashion-world-tour,Fashion World Tour,dress up games,category,True,60,0.17,hold,,,
https://poki.com/en/g/fashion-world-tour,Fashion World Tour,puzzle games,category,True,60,0.17,hold,,,
https://poki.com/en/g/fashion-world-tour,Fashion World Tour,online soccer games,category,True,60,0.17,hold,,,
https://poki.com/en/g/fashion-world-tour,Fashion World Tour,how to play fashion world tour,long_tail,False,49,0.17,hold,,,
https://poki.com/en/g/fashion-world-tour,Fashion World Tour,fashion world tour controls,long_tail,False,49,0.0,hold,,,
https://poki.com/en/g/fashion-world-tour,Fashion World Tour,games like fashion world tour,long_tail,False,49,0.0,hold,,,
https://poki.com/en/g/fashion-world-tour,Fashion World Tour,fashion world tour unblocked,long_tail,False,49,0.0,hold,,,
https://poki.com/en/g/police-simulator-3d,Police Simulator 3D,police simulator 3d,game_name,True,46,0.17,hold,,,
https://poki.com/en/g/police-simulator-3d,Police Simulator 3D,play police simulator 3d online,game_name,False,34,0.17,ignore,,,
https://poki.com/en/g/police-simulator-3d,Police Simulator 3D,police simulator 3d free,game_name,False,34,0.17,ignore,,,
https://poki.com/en/g/police-simulator-3d,Police Simulator 3D,online police games,category,True,46,0.17,hold,,,
https://poki.com/en/g/police-simulator-3d,Police Simulator 3D,online escape games,category,True,46,0.17,hold,,,
https://poki.com/en/g/police-simulator-3d,Police Simulator 3D,online shooting games,category,True,46,0.17,hold,,,
https://poki.com/en/g/police-simulator-3d,Police Simulator 3D,online driving games,category,True,46,0.17,hold,,,
https://poki.com/en/g/police-simulator-3d,Police Simulator 3D,online hidden object games,category,True,46,0.17,hold,,,
https://poki.com/en/g/police-simulator-3d,Police Simulator 3D,online survival games,category,True,46,0.17,hold,,,
https://poki.com/en/g/police-simulator-3d,Police Simulator 3D,online 3d games,category,True,46,0.17,hold,,,
https://poki.com/en/g/police-simulator-3d,Police Simulator 3D,online popular games,category,False,34,0.0,ignore,,,
https://poki.com/en/g/police-simulator-3d,Police Simulator 3D,online simulation games,category,False,34,0.0,ignore,,,
https://poki.com/en/g/police-simulator-3d,Police Simulator 3D,online mobile games,category,False,34,0.0,ignore,,,
https://poki.com/en/g/police-simulator-3d,Police Simulator 3D,online action games,category,False,34,0.0,ignore,,,
https://poki.com/en/g/police-simulator-3d,Police Simulator 3D,online cat games,category,False,34,0.0,ignore,,,
https://poki.com/en/g/police-simulator-3d,Police Simulator 3D,dress up games,category,False,34,0.0,ignore,,,
https://poki.com/en/g/police-simulator-3d,Police Simulator 3D,how to play police simulator 3d,long_tail,False,34,0.0,ignore,,,
https://poki.com/en/g/police-simulator-3d,Police Simulator 3D,police simulator 3d controls,long_tail,False,34,0.0,ignore,,,
https://poki.com/en/g/police-simulator-3d,Police Simulator 3D,games like police simulator 3d,long_tail,False,34,0.0,ignore,,,
https://poki.com/en/g/police-simulator-3d,Police Simulator 3D,police simulator 3d unblocked,long_tail,False,34,0.0,ignore,,,
https://poki.com/en/g/swat-squad-tactics,SWAT Squad Tactics,swat squad tactics,game_name,True,45,0.17,hold,,,
https://poki.com/en/g/swat-squad-tactics,SWAT Squad Tactics,play swat squad tactics online,game_name,False,34,0.17,ignore,,,
https://poki.com/en/g/swat-squad-tactics,SWAT Squad Tactics,swat squad tactics free,game_name,False,23,0.67,ignore,0.0,20.0,7.6923076923076925
https://poki.com/en/g/swat-squad-tactics,SWAT Squad Tactics,online police games,category,True,45,0.17,hold,,,
https://poki.com/en/g/swat-squad-tactics,SWAT Squad Tactics,online shooting games,category,True,45,0.17,hold,,,
https://poki.com/en/g/swat-squad-tactics,SWAT Squad Tactics,online gun games,category,True,45,0.17,hold,,,
https://poki.com/en/g/swat-squad-tactics,SWAT Squad Tactics,online hunting games,category,True,45,0.17,hold,,,
https://poki.com/en/g/swat-squad-tactics,SWAT Squad Tactics,online 3d games,category,True,45,0.17,hold,,,
https://poki.com/en/g/swat-squad-tactics,SWAT Squad Tactics,online nitrome games,category,False,34,0.17,ignore,,,
https://poki.com/en/g/swat-squad-tactics,SWAT Squad Tactics,online action games,category,True,45,0.17,hold,,,
https://poki.com/en/g/swat-squad-tactics,SWAT Squad Tactics,online clicker games,category,False,34,0.0,ignore,,,
https://poki.com/en/g/swat-squad-tactics,SWAT Squad Tactics,online dinosaur games,category,False,34,0.0,ignore,,,
https://poki.com/en/g/swat-squad-tactics,SWAT Squad Tactics,online soccer games,category,False,34,0.0,ignore,,,
https://poki.com/en/g/swat-squad-tactics,SWAT Squad Tactics,dress up games,category,False,34,0.0,ignore,,,
https://poki.com/en/g/swat-squad-tactics,SWAT Squad Tactics,puzzle games,category,False,34,0.0,ignore,,,
https://poki.com/en/g/swat-squad-tactics,SWAT Squad Tactics,how to play swat squad tactics,long_tail,False,34,0.0,ignore,,,
https://poki.com/en/g/swat-squad-tactics,SWAT Squad Tactics,swat squad tactics controls,long_tail,False,34,0.0,ignore,,,
https://poki.com/en/g/swat-squad-tactics,SWAT Squad Tactics,games like swat squad tactics,long_tail,False,34,0.0,ignore,,,
https://poki.com/en/g/swat-squad-tactics,SWAT Squad Tactics,swat squad tactics unblocked,long_tail,False,34,0.0,ignore,,,
https://poki.com/en/g/no-fault-cup-2026,No Fault Cup 2026,no fault cup 2026,game_name,False,53,0.83,hold,0.0,0.0,25.76923076923077
https://poki.com/en/g/no-fault-cup-2026,No Fault Cup 2026,play no fault cup 2026 online,game_name,False,52,0.17,hold,,,
https://poki.com/en/g/no-fault-cup-2026,No Fault Cup 2026,no fault cup 2026 free,game_name,False,52,0.17,hold,,,
https://poki.com/en/g/no-fault-cup-2026,No Fault Cup 2026,online soccer games,category,True,63,0.17,hold,,,
https://poki.com/en/g/no-fault-cup-2026,No Fault Cup 2026,online penalty games,category,True,63,0.17,hold,,,
https://poki.com/en/g/no-fault-cup-2026,No Fault Cup 2026,online sports games,category,True,63,0.17,hold,,,
https://poki.com/en/g/no-fault-cup-2026,No Fault Cup 2026,online world cup games,category,True,63,0.17,hold,,,
https://poki.com/en/g/no-fault-cup-2026,No Fault Cup 2026,online anime games,category,True,63,0.17,hold,,,
https://poki.com/en/g/no-fault-cup-2026,No Fault Cup 2026,online arcade games,category,True,63,0.17,hold,,,
https://poki.com/en/g/no-fault-cup-2026,No Fault Cup 2026,online popular games,category,True,63,0.17,hold,,,
https://poki.com/en/g/no-fault-cup-2026,No Fault Cup 2026,online meme games,category,False,52,0.0,hold,,,
https://poki.com/en/g/no-fault-cup-2026,No Fault Cup 2026,online clicker games,category,False,52,0.0,hold,,,
https://poki.com/en/g/no-fault-cup-2026,No Fault Cup 2026,dress up games,category,False,52,0.0,hold,,,
https://poki.com/en/g/no-fault-cup-2026,No Fault Cup 2026,puzzle games,category,False,52,0.0,hold,,,
https://poki.com/en/g/no-fault-cup-2026,No Fault Cup 2026,how to play no fault cup 2026,long_tail,False,52,0.0,hold,,,
https://poki.com/en/g/no-fault-cup-2026,No Fault Cup 2026,no fault cup 2026 controls,long_tail,False,52,0.0,hold,,,
https://poki.com/en/g/no-fault-cup-2026,No Fault Cup 2026,games like no fault cup 2026,long_tail,False,52,0.0,hold,,,
https://poki.com/en/g/no-fault-cup-2026,No Fault Cup 2026,no fault cup 2026 unblocked,long_tail,False,52,0.0,hold,,,
https://poki.com/en/g/tenfall,TenFall,tenfall,game_name,False,45,0.17,hold,,,
https://poki.com/en/g/tenfall,TenFall,play tenfall online,game_name,False,35,0.67,hold,0.0,0.0,0.0
https://poki.com/en/g/tenfall,TenFall,tenfall free,game_name,False,45,0.17,hold,,,
https://poki.com/en/g/tenfall,TenFall,online brain games,category,True,57,0.17,hold,,,
https://poki.com/en/g/tenfall,TenFall,online number games,category,True,57,0.17,hold,,,
https://poki.com/en/g/tenfall,TenFall,online puzzle games,category,True,57,0.17,hold,,,
https://poki.com/en/g/tenfall,TenFall,online block games,category,True,57,0.17,hold,,,
https://poki.com/en/g/tenfall,TenFall,online mobile games,category,True,57,0.17,hold,,,
https://poki.com/en/g/tenfall,TenFall,merge games,category,True,57,0.17,hold,,,
https://poki.com/en/g/tenfall,TenFall,puzzle games,category,True,57,0.17,hold,,,
https://poki.com/en/g/tenfall,TenFall,dress up games,category,False,45,0.0,hold,,,
https://poki.com/en/g/tenfall,TenFall,how to play tenfall,long_tail,False,45,0.0,hold,,,
https://poki.com/en/g/tenfall,TenFall,tenfall controls,long_tail,False,45,0.0,hold,,,
https://poki.com/en/g/tenfall,TenFall,games like tenfall,long_tail,False,45,0.0,hold,,,
https://poki.com/en/g/tenfall,TenFall,tenfall unblocked,long_tail,False,45,0.0,hold,,,
https://poki.com/en/g/words-queen,Words Queen,words queen,game_name,True,61,0.83,watch,45.0,41.0,48.61538461538461
https://poki.com/en/g/words-queen,Words Queen,play words queen online,game_name,False,46,0.17,hold,,,
https://poki.com/en/g/words-queen,Words Queen,words queen free,game_name,False,40,0.67,hold,11.0,5.0,21.153846153846153
https://poki.com/en/g/words-queen,Words Queen,online puzzle games,category,True,58,0.17,hold,,,
https://poki.com/en/g/words-queen,Words Queen,online clicker games,category,True,58,0.17,hold,,,
https://poki.com/en/g/words-queen,Words Queen,online word games,category,True,58,0.17,hold,,,
https://poki.com/en/g/words-queen,Words Queen,online zombie games,category,True,58,0.17,hold,,,
https://poki.com/en/g/words-queen,Words Queen,online brain games,category,True,58,0.17,hold,,,
https://poki.com/en/g/words-queen,Words Queen,online skill games,category,True,58,0.17,hold,,,
https://poki.com/en/g/words-queen,Words Queen,online idle games,category,True,58,0.17,hold,,,
https://poki.com/en/g/words-queen,Words Queen,puzzle games,category,False,46,0.0,hold,,,
https://poki.com/en/g/words-queen,Words Queen,dress up games,category,False,46,0.0,hold,,,
https://poki.com/en/g/words-queen,Words Queen,idle games,category,False,46,0.0,hold,,,
https://poki.com/en/g/words-queen,Words Queen,how to play words queen,long_tail,False,46,0.0,hold,,,
https://poki.com/en/g/words-queen,Words Queen,words queen controls,long_tail,False,46,0.0,hold,,,
https://poki.com/en/g/words-queen,Words Queen,games like words queen,long_tail,False,46,0.0,hold,,,
https://poki.com/en/g/words-queen,Words Queen,words queen unblocked,long_tail,False,46,0.0,hold,,,
https://poki.com/en/g/diva-dream-horse,Diva Dream Horse,diva dream horse,game_name,False,50,0.17,hold,,,
https://poki.com/en/g/diva-dream-horse,Diva Dream Horse,play diva dream horse online,game_name,False,50,0.17,hold,,,
https://poki.com/en/g/diva-dream-horse,Diva Dream Horse,diva dream horse free,game_name,False,40,0.67,hold,0.0,0.0,0.0
https://poki.com/en/g/diva-dream-horse,Diva Dream Horse,online 2 player games,category,True,61,0.17,hold,,,
https://poki.com/en/g/diva-dream-horse,Diva Dream Horse,online shooting games,category,True,61,0.17,hold,,,
https://poki.com/en/g/diva-dream-horse,Diva Dream Horse,online car games,category,True,61,0.17,hold,,,
https://poki.com/en/g/diva-dream-horse,Diva Dream Horse,online action games,category,True,61,0.17,hold,,,
https://poki.com/en/g/diva-dream-horse,Diva Dream Horse,online skill games,category,True,61,0.17,hold,,,
https://poki.com/en/g/diva-dream-horse,Diva Dream Horse,online multiplayer games,category,True,61,0.17,hold,,,
https://poki.com/en/g/diva-dream-horse,Diva Dream Horse,dress up games,category,True,61,0.17,hold,,,
https://poki.com/en/g/diva-dream-horse,Diva Dream Horse,puzzle games,category,False,50,0.0,hold,,,
https://poki.com/en/g/diva-dream-horse,Diva Dream Horse,online soccer games,category,False,50,0.0,hold,,,
https://poki.com/en/g/diva-dream-horse,Diva Dream Horse,how to play diva dream horse,long_tail,False,50,0.0,hold,,,
https://poki.com/en/g/diva-dream-horse,Diva Dream Horse,diva dream horse controls,long_tail,False,50,0.0,hold,,,
https://poki.com/en/g/diva-dream-horse,Diva Dream Horse,games like diva dream horse,long_tail,False,50,0.0,hold,,,
https://poki.com/en/g/diva-dream-horse,Diva Dream Horse,diva dream horse unblocked,long_tail,False,50,0.0,hold,,,
https://poki.com/en/g/oh-snack,"Oh, Snack!","oh, snack",game_name,False,64,0.67,watch,81.5,86.2,87.07692307692308
https://poki.com/en/g/oh-snack,"Oh, Snack!","play oh, snack online",game_name,False,59,0.67,watch,64.5,64.4,71.6923076923077
https://poki.com/en/g/oh-snack,"Oh, Snack!","oh, snack free",game_name,False,66,0.67,watch,86.5,88.8,90.15384615384616
https://poki.com/en/g/oh-snack,"Oh, Snack!",online 2 player games,category,True,61,0.17,hold,,,
https://poki.com/en/g/oh-snack,"Oh, Snack!",online shooting games,category,True,61,0.17,hold,,,
https://poki.com/en/g/oh-snack,"Oh, Snack!",online car games,category,True,61,0.17,hold,,,
https://poki.com/en/g/oh-snack,"Oh, Snack!",online action games,category,True,61,0.17,hold,,,
https://poki.com/en/g/oh-snack,"Oh, Snack!",online skill games,category,True,61,0.17,hold,,,
https://poki.com/en/g/oh-snack,"Oh, Snack!",online multiplayer games,category,True,61,0.17,hold,,,
https://poki.com/en/g/oh-snack,"Oh, Snack!",dress up games,category,True,61,0.17,hold,,,
https://poki.com/en/g/oh-snack,"Oh, Snack!",puzzle games,category,False,50,0.0,hold,,,
https://poki.com/en/g/oh-snack,"Oh, Snack!",online soccer games,category,False,50,0.0,hold,,,
https://poki.com/en/g/oh-snack,"Oh, Snack!","how to play oh, snack",long_tail,False,50,0.0,hold,,,
https://poki.com/en/g/oh-snack,"Oh, Snack!","oh, snack controls",long_tail,False,50,0.0,hold,,,
https://poki.com/en/g/oh-snack,"Oh, Snack!","games like oh, snack",long_tail,False,50,0.0,hold,,,
https://poki.com/en/g/oh-snack,"Oh, Snack!","oh, snack unblocked",long_tail,False,50,0.0,hold,,,
https://poki.com/en/g/goose-taxi,Goose Taxi,goose taxi,game_name,True,52,0.83,hold,3.0,2.0,10.923076923076923
https://poki.com/en/g/goose-taxi,Goose Taxi,play goose taxi online,game_name,False,50,0.17,hold,,,
https://poki.com/en/g/goose-taxi,Goose Taxi,goose taxi free,game_name,False,50,0.17,hold,,,
https://poki.com/en/g/goose-taxi,Goose Taxi,online 2 player games,category,True,61,0.17,hold,,,
https://poki.com/en/g/goose-taxi,Goose Taxi,online shooting games,category,True,61,0.17,hold,,,
https://poki.com/en/g/goose-taxi,Goose Taxi,online car games,category,True,61,0.17,hold,,,
https://poki.com/en/g/goose-taxi,Goose Taxi,online action games,category,True,61,0.17,hold,,,
https://poki.com/en/g/goose-taxi,Goose Taxi,online skill games,category,True,61,0.17,hold,,,
https://poki.com/en/g/goose-taxi,Goose Taxi,online multiplayer games,category,True,61,0.17,hold,,,
https://poki.com/en/g/goose-taxi,Goose Taxi,dress up games,category,True,61,0.17,hold,,,
https://poki.com/en/g/goose-taxi,Goose Taxi,puzzle games,category,False,50,0.0,hold,,,
https://poki.com/en/g/goose-taxi,Goose Taxi,online soccer games,category,False,50,0.0,hold,,,
https://poki.com/en/g/goose-taxi,Goose Taxi,how to play goose taxi,long_tail,False,50,0.0,hold,,,
https://poki.com/en/g/goose-taxi,Goose Taxi,goose taxi controls,long_tail,False,50,0.0,hold,,,
https://poki.com/en/g/goose-taxi,Goose Taxi,games like goose taxi,long_tail,False,50,0.0,hold,,,
https://poki.com/en/g/goose-taxi,Goose Taxi,goose taxi unblocked,long_tail,False,50,0.0,hold,,,
https://poki.com/en/g/color-slime,Color Slime,color slime,game_name,True,60,0.83,watch,31.0,28.6,36.92307692307692
https://poki.com/en/g/color-slime,Color Slime,play color slime online,game_name,False,50,0.17,hold,,,
https://poki.com/en/g/color-slime,Color Slime,color slime free,game_name,False,65,0.67,watch,50.0,20.0,7.6923076923076925
https://poki.com/en/g/color-slime,Color Slime,online 2 player games,category,True,61,0.17,hold,,,
https://poki.com/en/g/color-slime,Color Slime,online shooting games,category,True,61,0.17,hold,,,
https://poki.com/en/g/color-slime,Color Slime,online car games,category,True,61,0.17,hold,,,
https://poki.com/en/g/color-slime,Color Slime,online action games,category,True,61,0.17,hold,,,
https://poki.com/en/g/color-slime,Color Slime,online skill games,category,True,61,0.17,hold,,,
https://poki.com/en/g/color-slime,Color Slime,online multiplayer games,category,True,61,0.17,hold,,,
https://poki.com/en/g/color-slime,Color Slime,dress up games,category,True,61,0.17,hold,,,
https://poki.com/en/g/color-slime,Color Slime,puzzle games,category,False,50,0.0,hold,,,
https://poki.com/en/g/color-slime,Color Slime,online soccer games,category,False,50,0.0,hold,,,
https://poki.com/en/g/color-slime,Color Slime,how to play color slime,long_tail,False,50,0.0,hold,,,
https://poki.com/en/g/color-slime,Color Slime,color slime controls,long_tail,False,50,0.0,hold,,,
https://poki.com/en/g/color-slime,Color Slime,games like color slime,long_tail,False,50,0.0,hold,,,
https://poki.com/en/g/color-slime,Color Slime,color slime unblocked,long_tail,False,50,0.0,hold,,,
https://poki.com/en/g/football-rush,Football Rush,football rush,game_name,True,81,0.83,immediate,73.5,55.4,39.92307692307692
https://poki.com/en/g/football-rush,Football Rush,play football rush online,game_name,False,50,0.17,hold,,,
https://poki.com/en/g/football-rush,Football Rush,football rush free,game_name,False,48,0.67,hold,19.5,10.6,11.307692307692308
https://poki.com/en/g/football-rush,Football Rush,online 2 player games,category,True,61,0.17,hold,,,
https://poki.com/en/g/football-rush,Football Rush,online shooting games,category,True,61,0.17,hold,,,
https://poki.com/en/g/football-rush,Football Rush,online car games,category,True,61,0.17,hold,,,
https://poki.com/en/g/football-rush,Football Rush,online action games,category,True,61,0.17,hold,,,
https://poki.com/en/g/football-rush,Football Rush,online skill games,category,True,61,0.17,hold,,,
https://poki.com/en/g/football-rush,Football Rush,online multiplayer games,category,True,61,0.17,hold,,,
https://poki.com/en/g/football-rush,Football Rush,online soccer games,category,True,61,0.17,hold,,,
https://poki.com/en/g/football-rush,Football Rush,dress up games,category,False,50,0.0,hold,,,
https://poki.com/en/g/football-rush,Football Rush,puzzle games,category,False,50,0.0,hold,,,
https://poki.com/en/g/football-rush,Football Rush,how to play football rush,long_tail,False,50,0.0,hold,,,
https://poki.com/en/g/football-rush,Football Rush,football rush controls,long_tail,False,50,0.0,hold,,,
https://poki.com/en/g/football-rush,Football Rush,games like football rush,long_tail,False,50,0.0,hold,,,
https://poki.com/en/g/football-rush,Football Rush,football rush unblocked,long_tail,False,50,0.0,hold,,,
https://poki.com/en/g/lever-dash,Lever Dash,lever dash,game_name,True,56,0.83,watch,13.0,7.2,17.23076923076923
https://poki.com/en/g/lever-dash,Lever Dash,play lever dash online,game_name,False,50,0.17,hold,,,
https://poki.com/en/g/lever-dash,Lever Dash,lever dash free,game_name,False,50,0.17,hold,,,
https://poki.com/en/g/lever-dash,Lever Dash,online 2 player games,category,True,61,0.17,hold,,,
https://poki.com/en/g/lever-dash,Lever Dash,online shooting games,category,True,61,0.17,hold,,,
https://poki.com/en/g/lever-dash,Lever Dash,online car games,category,True,61,0.17,hold,,,
https://poki.com/en/g/lever-dash,Lever Dash,online action games,category,True,61,0.17,hold,,,
https://poki.com/en/g/lever-dash,Lever Dash,online skill games,category,True,61,0.17,hold,,,
https://poki.com/en/g/lever-dash,Lever Dash,online multiplayer games,category,True,61,0.17,hold,,,
https://poki.com/en/g/lever-dash,Lever Dash,dress up games,category,True,61,0.17,hold,,,
https://poki.com/en/g/lever-dash,Lever Dash,puzzle games,category,False,50,0.0,hold,,,
https://poki.com/en/g/lever-dash,Lever Dash,online soccer games,category,False,50,0.0,hold,,,
https://poki.com/en/g/lever-dash,Lever Dash,how to play lever dash,long_tail,False,50,0.0,hold,,,
https://poki.com/en/g/lever-dash,Lever Dash,lever dash controls,long_tail,False,50,0.0,hold,,,
https://poki.com/en/g/lever-dash,Lever Dash,games like lever dash,long_tail,False,50,0.0,hold,,,
https://poki.com/en/g/lever-dash,Lever Dash,lever dash unblocked,long_tail,False,50,0.0,hold,,,
https://poki.com/en/g/train-attack-merge-war,Train Attack Merge War,train attack merge war,game_name,True,63,0.17,hold,,,
https://poki.com/en/g/train-attack-merge-war,Train Attack Merge War,play train attack merge war online,game_name,False,52,0.17,hold,,,
https://poki.com/en/g/train-attack-merge-war,Train Attack Merge War,train attack merge war free,game_name,False,41,0.67,hold,0.0,0.0,0.0
https://poki.com/en/g/train-attack-merge-war,Train Attack Merge War,online boat games,category,True,63,0.17,hold,,,
https://poki.com/en/g/train-attack-merge-war,Train Attack Merge War,online shooting games,category,True,63,0.17,hold,,,
https://poki.com/en/g/train-attack-merge-war,Train Attack Merge War,online action games,category,True,63,0.17,hold,,,
https://poki.com/en/g/train-attack-merge-war,Train Attack Merge War,online car games,category,True,63,0.17,hold,,,
https://poki.com/en/g/train-attack-merge-war,Train Attack Merge War,online war games,category,True,63,0.17,hold,,,
https://poki.com/en/g/train-attack-merge-war,Train Attack Merge War,online adventure games,category,True,63,0.17,hold,,,
https://poki.com/en/g/train-attack-merge-war,Train Attack Merge War,online merge games,category,True,63,0.17,hold,,,
https://poki.com/en/g/train-attack-merge-war,Train Attack Merge War,online skill games,category,False,52,0.0,hold,,,
https://poki.com/en/g/train-attack-merge-war,Train Attack Merge War,online driving games,category,False,52,0.0,hold,,,
https://poki.com/en/g/train-attack-merge-war,Train Attack Merge War,online typing games,category,False,52,0.0,hold,,,
https://poki.com/en/g/train-attack-merge-war,Train Attack Merge War,merge games,category,False,52,0.0,hold,,,
https://poki.com/en/g/train-attack-merge-war,Train Attack Merge War,puzzle games,category,False,52,0.0,hold,,,
https://poki.com/en/g/train-attack-merge-war,Train Attack Merge War,how to play train attack merge war,long_tail,False,52,0.0,hold,,,
https://poki.com/en/g/train-attack-merge-war,Train Attack Merge War,train attack merge war controls,long_tail,False,52,0.0,hold,,,
https://poki.com/en/g/train-attack-merge-war,Train Attack Merge War,games like train attack merge war,long_tail,False,52,0.0,hold,,,
https://poki.com/en/g/train-attack-merge-war,Train Attack Merge War,train attack merge war unblocked,long_tail,False,52,0.0,hold,,,
https://poki.com/en/g/captcha,CAPTCHA,captcha,game_name,True,64,0.83,watch,41.5,25.4,36.23076923076923
https://poki.com/en/g/captcha,CAPTCHA,play captcha online,game_name,False,59,0.33,hold,,,
https://poki.com/en/g/captcha,CAPTCHA,captcha free,game_name,True,54,0.83,hold,15.5,12.6,29.153846153846153
https://poki.com/en/g/captcha,CAPTCHA,online quiz games,category,True,59,0.17,hold,,,
https://poki.com/en/g/captcha,CAPTCHA,online backrooms games,category,False,48,0.17,hold,,,
https://poki.com/en/g/captcha,CAPTCHA,puzzle games,category,True,59,0.17,hold,,,
https://poki.com/en/g/captcha,CAPTCHA,online shooting games,category,True,59,0.17,hold,,,
https://poki.com/en/g/captcha,CAPTCHA,online soccer games,category,True,59,0.17,hold,,,
https://poki.com/en/g/captcha,CAPTCHA,how to play captcha,long_tail,True,59,0.17,hold,,,
https://poki.com/en/g/captcha,CAPTCHA,captcha controls,long_tail,False,48,0.17,hold,,,
https://poki.com/en/g/captcha,CAPTCHA,games like captcha,long_tail,False,48,0.0,hold,,,
https://poki.com/en/g/captcha,CAPTCHA,captcha unblocked,long_tail,False,48,0.0,hold,,,
https://poki.com/en/g/build-a-bud,Build a Bud,build a bud,game_name,True,69,0.83,watch,37.5,20.8,15.615384615384615
https://poki.com/en/g/build-a-bud,Build a Bud,play build a bud online,game_name,False,51,0.17,hold,,,
https://poki.com/en/g/build-a-bud,Build a Bud,build a bud free,game_name,False,51,0.17,hold,,,
https://poki.com/en/g/build-a-bud,Build a Bud,online mobile games,category,True,63,0.17,hold,,,
https://poki.com/en/g/build-a-bud,Build a Bud,online color games,category,True,63,0.17,hold,,,
https://poki.com/en/g/build-a-bud,Build a Bud,online monster games,category,True,63,0.17,hold,,,
https://poki.com/en/g/build-a-bud,Build a Bud,online survival games,category,True,63,0.17,hold,,,
https://poki.com/en/g/build-a-bud,Build a Bud,online action games,category,True,63,0.17,hold,,,
https://poki.com/en/g/build-a-bud,Build a Bud,puzzle games,category,True,63,0.17,hold,,,
https://poki.com/en/g/build-a-bud,Build a Bud,online shooting games,category,True,63,0.17,hold,,,
https://poki.com/en/g/build-a-bud,Build a Bud,online soccer games,category,False,51,0.0,hold,,,
https://poki.com/en/g/build-a-bud,Build a Bud,dress up games,category,False,51,0.0,hold,,,
https://poki.com/en/g/build-a-bud,Build a Bud,merge games,category,False,51,0.0,hold,,,
https://poki.com/en/g/build-a-bud,Build a Bud,how to play build a bud,long_tail,False,51,0.0,hold,,,
https://poki.com/en/g/build-a-bud,Build a Bud,build a bud controls,long_tail,False,51,0.0,hold,,,
https://poki.com/en/g/build-a-bud,Build a Bud,games like build a bud,long_tail,False,51,0.0,hold,,,
https://poki.com/en/g/build-a-bud,Build a Bud,build a bud unblocked,long_tail,False,51,0.0,hold,,,
https://poki.com/en/g/dress-up-duck,Dress Up Duck,dress up duck,game_name,True,56,0.83,watch,9.0,5.0,8.76923076923077
https://poki.com/en/g/dress-up-duck,Dress Up Duck,play dress up duck online,game_name,False,52,0.17,hold,,,
https://poki.com/en/g/dress-up-duck,Dress Up Duck,dress up duck free,game_name,False,52,0.17,hold,,,
https://poki.com/en/g/dress-up-duck,Dress Up Duck,online easy games,category,True,63,0.17,hold,,,
https://poki.com/en/g/dress-up-duck,Dress Up Duck,online animal games,category,True,63,0.17,hold,,,
https://poki.com/en/g/dress-up-duck,Dress Up Duck,online dress up games,category,True,63,0.17,hold,,,
https://poki.com/en/g/dress-up-duck,Dress Up Duck,online block games,category,True,63,0.17,hold,,,
https://poki.com/en/g/dress-up-duck,Dress Up Duck,online decoration games,category,True,63,0.17,hold,,,
https://poki.com/en/g/dress-up-duck,Dress Up Duck,online make up games,category,True,63,0.17,hold,,,
https://poki.com/en/g/dress-up-duck,Dress Up Duck,dress up games,category,True,63,0.17,hold,,,
https://poki.com/en/g/dress-up-duck,Dress Up Duck,puzzle games,category,False,52,0.0,hold,,,
https://poki.com/en/g/dress-up-duck,Dress Up Duck,online shooting games,category,False,52,0.0,hold,,,
https://poki.com/en/g/dress-up-duck,Dress Up Duck,online soccer games,category,False,52,0.0,hold,,,
https://poki.com/en/g/dress-up-duck,Dress Up Duck,merge games,category,False,52,0.0,hold,,,
https://poki.com/en/g/dress-up-duck,Dress Up Duck,how to play dress up duck,long_tail,False,52,0.0,hold,,,
https://poki.com/en/g/dress-up-duck,Dress Up Duck,dress up duck controls,long_tail,False,52,0.0,hold,,,
https://poki.com/en/g/dress-up-duck,Dress Up Duck,games like dress up duck,long_tail,False,52,0.0,hold,,,
https://poki.com/en/g/dress-up-duck,Dress Up Duck,dress up duck unblocked,long_tail,False,52,0.0,hold,,,
https://poki.com/en/g/treasure-island,Treasure Island,treasure island,game_name,True,73,0.83,watch,82.5,85.8,83.46153846153847
https://poki.com/en/g/treasure-island,Treasure Island,play treasure island online,game_name,False,37,0.67,hold,0.0,0.0,0.0
https://poki.com/en/g/treasure-island,Treasure Island,treasure island free,game_name,True,56,0.83,watch,24.5,38.6,35.76923076923077
https://poki.com/en/g/treasure-island,Treasure Island,online dinosaur games,category,True,59,0.17,hold,,,
https://poki.com/en/g/treasure-island,Treasure Island,puzzle games,category,True,59,0.17,hold,,,
https://poki.com/en/g/treasure-island,Treasure Island,online shooting games,category,True,59,0.17,hold,,,
https://poki.com/en/g/treasure-island,Treasure Island,online soccer games,category,True,59,0.17,hold,,,
https://poki.com/en/g/treasure-island,Treasure Island,merge games,category,True,59,0.17,hold,,,
https://poki.com/en/g/treasure-island,Treasure Island,how to play treasure island,long_tail,True,59,0.17,hold,,,
https://poki.com/en/g/treasure-island,Treasure Island,treasure island controls,long_tail,True,59,0.17,hold,,,
https://poki.com/en/g/treasure-island,Treasure Island,games like treasure island,long_tail,False,48,0.0,hold,,,
https://poki.com/en/g/treasure-island,Treasure Island,treasure island unblocked,long_tail,False,48,0.0,hold,,,
https://poki.com/en/g/almanak,Almanak,almanak,game_name,True,49,0.67,hold,9.5,7.6,2.923076923076923
https://poki.com/en/g/almanak,Almanak,play almanak online,game_name,False,44,0.17,hold,,,
https://poki.com/en/g/almanak,Almanak,almanak free,game_name,False,44,0.17,hold,,,
https://poki.com/en/g/almanak,Almanak,online puzzle games,category,True,55,0.17,hold,,,
https://poki.com/en/g/almanak,Almanak,online brain games,category,True,55,0.17,hold,,,
https://poki.com/en/g/almanak,Almanak,puzzle games,category,True,55,0.17,hold,,,
https://poki.com/en/g/almanak,Almanak,online shooting games,category,True,55,0.17,hold,,,
https://poki.com/en/g/almanak,Almanak,online soccer games,category,True,55,0.17,hold,,,
https://poki.com/en/g/almanak,Almanak,merge games,category,True,55,0.17,hold,,,
https://poki.com/en/g/almanak,Almanak,how to play almanak,long_tail,False,44,0.17,hold,,,
https://poki.com/en/g/almanak,Almanak,almanak controls,long_tail,False,44,0.0,hold,,,
https://poki.com/en/g/almanak,Almanak,games like almanak,long_tail,False,44,0.0,hold,,,
https://poki.com/en/g/almanak,Almanak,almanak unblocked,long_tail,False,44,0.0,hold,,,
https://poki.com/en/g/beauty-superstar,Beauty Superstar,beauty superstar,game_name,False,47,0.83,hold,2.5,1.8,7.076923076923077
https://poki.com/en/g/beauty-superstar,Beauty Superstar,play beauty superstar online,game_name,False,45,0.17,hold,,,
https://poki.com/en/g/beauty-superstar,Beauty Superstar,beauty superstar free,game_name,False,45,0.17,hold,,,
https://poki.com/en/g/beauty-superstar,Beauty Superstar,online beauty games,category,True,57,0.17,hold,,,
https://poki.com/en/g/beauty-superstar,Beauty Superstar,online dress up games,category,True,57,0.17,hold,,,
https://poki.com/en/g/beauty-superstar,Beauty Superstar,online fashion games,category,True,57,0.17,hold,,,
https://poki.com/en/g/beauty-superstar,Beauty Superstar,online platform games,category,True,57,0.17,hold,,,
https://poki.com/en/g/beauty-superstar,Beauty Superstar,online doctor games,category,True,57,0.17,hold,,,
https://poki.com/en/g/beauty-superstar,Beauty Superstar,online cooking games,category,True,57,0.17,hold,,,
https://poki.com/en/g/beauty-superstar,Beauty Superstar,dress up games,category,True,57,0.17,hold,,,
https://poki.com/en/g/beauty-superstar,Beauty Superstar,puzzle games,category,False,45,0.0,hold,,,
https://poki.com/en/g/beauty-superstar,Beauty Superstar,online shooting games,category,False,45,0.0,hold,,,
https://poki.com/en/g/beauty-superstar,Beauty Superstar,online soccer games,category,False,45,0.0,hold,,,
https://poki.com/en/g/beauty-superstar,Beauty Superstar,platform games,category,False,45,0.0,hold,,,
https://poki.com/en/g/beauty-superstar,Beauty Superstar,how to play beauty superstar,long_tail,False,45,0.0,hold,,,
https://poki.com/en/g/beauty-superstar,Beauty Superstar,beauty superstar controls,long_tail,False,45,0.0,hold,,,
https://poki.com/en/g/beauty-superstar,Beauty Superstar,games like beauty superstar,long_tail,False,45,0.0,hold,,,
https://poki.com/en/g/beauty-superstar,Beauty Superstar,beauty superstar unblocked,long_tail,False,45,0.0,hold,,,
https://poki.com/en/g/bottle-shooting-c3a6e132,Bottle Shooting,bottle shooting,game_name,True,54,0.83,hold,22.5,22.6,40.46153846153846
https://poki.com/en/g/bottle-shooting-c3a6e132,Bottle Shooting,play bottle shooting online,game_name,False,47,0.17,hold,,,
https://poki.com/en/g/bottle-shooting-c3a6e132,Bottle Shooting,bottle shooting free,game_name,False,36,0.67,hold,0.0,0.0,0.0
https://poki.com/en/g/bottle-shooting-c3a6e132,Bottle Shooting,online boat games,category,True,58,0.17,hold,,,
https://poki.com/en/g/bottle-shooting-c3a6e132,Bottle Shooting,online shooting games,category,True,58,0.17,hold,,,
https://poki.com/en/g/bottle-shooting-c3a6e132,Bottle Shooting,online slime games,category,True,58,0.17,hold,,,
https://poki.com/en/g/bottle-shooting-c3a6e132,Bottle Shooting,online ball games,category,True,58,0.17,hold,,,
https://poki.com/en/g/bottle-shooting-c3a6e132,Bottle Shooting,online adventure games,category,True,58,0.17,hold,,,
https://poki.com/en/g/bottle-shooting-c3a6e132,Bottle Shooting,online fighting games,category,True,58,0.17,hold,,,
https://poki.com/en/g/bottle-shooting-c3a6e132,Bottle Shooting,online brain games,category,True,58,0.17,hold,,,
https://poki.com/en/g/bottle-shooting-c3a6e132,Bottle Shooting,online sniper games,category,False,47,0.0,hold,,,
https://poki.com/en/g/bottle-shooting-c3a6e132,Bottle Shooting,online cooking games,category,False,47,0.0,hold,,,
https://poki.com/en/g/bottle-shooting-c3a6e132,Bottle Shooting,online soccer games,category,False,47,0.0,hold,,,
https://poki.com/en/g/bottle-shooting-c3a6e132,Bottle Shooting,puzzle games,category,False,47,0.0,hold,,,
https://poki.com/en/g/bottle-shooting-c3a6e132,Bottle Shooting,how to play bottle shooting,long_tail,False,47,0.0,hold,,,
https://poki.com/en/g/bottle-shooting-c3a6e132,Bottle Shooting,bottle shooting controls,long_tail,False,47,0.0,hold,,,
https://poki.com/en/g/bottle-shooting-c3a6e132,Bottle Shooting,games like bottle shooting,long_tail,False,47,0.0,hold,,,
https://poki.com/en/g/bottle-shooting-c3a6e132,Bottle Shooting,bottle shooting unblocked,long_tail,False,47,0.0,hold,,,
https://poki.com/en/g/flip-match,Flip Match,flip match,game_name,True,50,0.83,hold,11.5,12.4,31.76923076923077
https://poki.com/en/g/flip-match,Flip Match,play flip match online,game_name,False,46,0.17,hold,,,
https://poki.com/en/g/flip-match,Flip Match,flip match free,game_name,False,37,0.67,hold,2.0,0.8,0.3076923076923077
https://poki.com/en/g/flip-match,Flip Match,online puzzle games,category,True,57,0.17,hold,,,
https://poki.com/en/g/flip-match,Flip Match,online merge games,category,True,57,0.17,hold,,,
https://poki.com/en/g/flip-match,Flip Match,online matching games,category,True,57,0.17,hold,,,
https://poki.com/en/g/flip-match,Flip Match,online adventure games,category,True,57,0.17,hold,,,
https://poki.com/en/g/flip-match,Flip Match,online brain games,category,True,57,0.17,hold,,,
https://poki.com/en/g/flip-match,Flip Match,online card games,category,True,57,0.17,hold,,,
https://poki.com/en/g/flip-match,Flip Match,online horror games,category,True,57,0.17,hold,,,
https://poki.com/en/g/flip-match,Flip Match,puzzle games,category,False,46,0.0,hold,,,
https://poki.com/en/g/flip-match,Flip Match,online shooting games,category,False,46,0.0,hold,,,
https://poki.com/en/g/flip-match,Flip Match,merge games,category,False,46,0.0,hold,,,
https://poki.com/en/g/flip-match,Flip Match,how to play flip match,long_tail,False,46,0.0,hold,,,
https://poki.com/en/g/flip-match,Flip Match,flip match controls,long_tail,False,46,0.0,hold,,,
https://poki.com/en/g/flip-match,Flip Match,games like flip match,long_tail,False,46,0.0,hold,,,
https://poki.com/en/g/flip-match,Flip Match,flip match unblocked,long_tail,False,46,0.0,hold,,,
https://poki.com/en/g/guardians-of-the-tower,Guardians of the Tower,guardians of the tower,game_name,True,64,0.83,watch,60.0,58.4,67.92307692307692
https://poki.com/en/g/guardians-of-the-tower,Guardians of the Tower,play guardians of the tower online,game_name,False,45,0.17,hold,,,
https://poki.com/en/g/guardians-of-the-tower,Guardians of the Tower,guardians of the tower free,game_name,False,35,0.67,hold,0.0,0.0,0.0
https://poki.com/en/g/guardians-of-the-tower,Guardians of the Tower,online tower defense games,category,True,56,0.17,hold,,,
https://poki.com/en/g/guardians-of-the-tower,Guardians of the Tower,online shooting games,category,True,56,0.17,hold,,,
https://poki.com/en/g/guardians-of-the-tower,Guardians of the Tower,online action games,category,True,56,0.17,hold,,,
https://poki.com/en/g/guardians-of-the-tower,Guardians of the Tower,online simulation games,category,True,56,0.17,hold,,,
https://poki.com/en/g/guardians-of-the-tower,Guardians of the Tower,online strategy games,category,True,56,0.17,hold,,,
https://poki.com/en/g/guardians-of-the-tower,Guardians of the Tower,online skill games,category,True,56,0.17,hold,,,
https://poki.com/en/g/guardians-of-the-tower,Guardians of the Tower,merge games,category,True,56,0.17,hold,,,
https://poki.com/en/g/guardians-of-the-tower,Guardians of the Tower,puzzle games,category,False,45,0.0,hold,,,
https://poki.com/en/g/guardians-of-the-tower,Guardians of the Tower,how to play guardians of the tower,long_tail,False,45,0.0,hold,,,
https://poki.com/en/g/guardians-of-the-tower,Guardians of the Tower,guardians of the tower controls,long_tail,False,45,0.0,hold,,,
https://poki.com/en/g/guardians-of-the-tower,Guardians of the Tower,games like guardians of the tower,long_tail,False,45,0.0,hold,,,
https://poki.com/en/g/guardians-of-the-tower,Guardians of the Tower,guardians of the tower unblocked,long_tail,False,45,0.0,hold,,,
https://poki.com/en/g/incremental-racing,Incremental Racing,incremental racing,game_name,True,48,0.67,hold,0.0,0.0,0.0
https://poki.com/en/g/incremental-racing,Incremental Racing,play incremental racing online,game_name,False,37,0.67,hold,0.0,0.0,0.0
https://poki.com/en/g/incremental-racing,Incremental Racing,incremental racing free,game_name,False,47,0.17,hold,,,
https://poki.com/en/g/incremental-racing,Incremental Racing,online car games,category,True,59,0.17,hold,,,
https://poki.com/en/g/incremental-racing,Incremental Racing,online clicker games,category,True,59,0.17,hold,,,
https://poki.com/en/g/incremental-racing,Incremental Racing,online drifting games,category,True,59,0.17,hold,,,
https://poki.com/en/g/incremental-racing,Incremental Racing,online 3d games,category,True,59,0.17,hold,,,
https://poki.com/en/g/incremental-racing,Incremental Racing,online tycoon games,category,True,59,0.17,hold,,,
https://poki.com/en/g/incremental-racing,Incremental Racing,online shooting games,category,True,59,0.17,hold,,,
https://poki.com/en/g/incremental-racing,Incremental Racing,online classic games,category,True,59,0.17,hold,,,
https://poki.com/en/g/incremental-racing,Incremental Racing,online popular games,category,False,47,0.0,hold,,,
https://poki.com/en/g/incremental-racing,Incremental Racing,online idle games,category,False,47,0.0,hold,,,
https://poki.com/en/g/incremental-racing,Incremental Racing,online action games,category,False,47,0.0,hold,,,
https://poki.com/en/g/incremental-racing,Incremental Racing,online arcade games,category,False,47,0.0,hold,,,
https://poki.com/en/g/incremental-racing,Incremental Racing,online skill games,category,False,47,0.0,hold,,,
https://poki.com/en/g/incremental-racing,Incremental Racing,idle games,category,False,47,0.0,hold,,,
https://poki.com/en/g/incremental-racing,Incremental Racing,how to play incremental racing,long_tail,False,47,0.0,hold,,,
https://poki.com/en/g/incremental-racing,Incremental Racing,incremental racing controls,long_tail,False,47,0.0,hold,,,
https://poki.com/en/g/incremental-racing,Incremental Racing,games like incremental racing,long_tail,False,47,0.0,hold,,,
https://poki.com/en/g/incremental-racing,Incremental Racing,incremental racing unblocked,long_tail,False,47,0.0,hold,,,
https://poki.com/en/g/just-right,Just Right,just right,game_name,True,77,0.83,immediate,97.5,91.6,82.61538461538461
https://poki.com/en/g/just-right,Just Right,play just right online,game_name,False,54,0.67,hold,37.5,19.6,7.538461538461538
https://poki.com/en/g/just-right,Just Right,just right free,game_name,True,69,0.83,watch,69.0,65.2,61.46153846153846
https://poki.com/en/g/just-right,Just Right,online puzzle games,category,True,57,0.17,hold,,,
https://poki.com/en/g/just-right,Just Right,online educational games,category,True,57,0.17,hold,,,
https://poki.com/en/g/just-right,Just Right,online airplane games,category,True,57,0.17,hold,,,
https://poki.com/en/g/just-right,Just Right,online car games,category,True,57,0.17,hold,,,
https://poki.com/en/g/just-right,Just Right,online brain games,category,True,57,0.17,hold,,,
https://poki.com/en/g/just-right,Just Right,online snake games,category,True,57,0.17,hold,,,
https://poki.com/en/g/just-right,Just Right,puzzle games,category,True,57,0.17,hold,,,
https://poki.com/en/g/just-right,Just Right,dress up games,category,False,46,0.0,hold,,,
https://poki.com/en/g/just-right,Just Right,online soccer games,category,False,46,0.0,hold,,,
https://poki.com/en/g/just-right,Just Right,idle games,category,False,46,0.0,hold,,,
https://poki.com/en/g/just-right,Just Right,how to play just right,long_tail,False,46,0.0,hold,,,
https://poki.com/en/g/just-right,Just Right,just right controls,long_tail,False,46,0.0,hold,,,
https://poki.com/en/g/just-right,Just Right,games like just right,long_tail,False,46,0.0,hold,,,
https://poki.com/en/g/just-right,Just Right,just right unblocked,long_tail,False,46,0.0,hold,,,
https://poki.com/en/g/sword-legends,Sword Legends,sword legends,game_name,True,62,0.83,watch,52.5,59.0,67.23076923076923
https://poki.com/en/g/sword-legends,Sword Legends,play sword legends online,game_name,False,46,0.17,hold,,,
https://poki.com/en/g/sword-legends,Sword Legends,sword legends free,game_name,False,61,0.67,watch,50.0,20.0,7.6923076923076925
https://poki.com/en/g/sword-legends,Sword Legends,online obby games,category,True,57,0.17,hold,,,
https://poki.com/en/g/sword-legends,Sword Legends,online robot games,category,True,57,0.17,hold,,,
https://poki.com/en/g/sword-legends,Sword Legends,online idle games,category,True,57,0.17,hold,,,
https://poki.com/en/g/sword-legends,Sword Legends,online adventure games,category,True,57,0.17,hold,,,
https://poki.com/en/g/sword-legends,Sword Legends,online shooting games,category,True,57,0.17,hold,,,
https://poki.com/en/g/sword-legends,Sword Legends,online skill games,category,True,57,0.17,hold,,,
https://poki.com/en/g/sword-legends,Sword Legends,online mobile games,category,True,57,0.17,hold,,,
https://poki.com/en/g/sword-legends,Sword Legends,online cooking games,category,False,46,0.0,hold,,,
https://poki.com/en/g/sword-legends,Sword Legends,online puzzle games,category,False,46,0.0,hold,,,
https://poki.com/en/g/sword-legends,Sword Legends,online 3d games,category,False,46,0.0,hold,,,
https://poki.com/en/g/sword-legends,Sword Legends,merge games,category,False,46,0.0,hold,,,
https://poki.com/en/g/sword-legends,Sword Legends,idle games,category,False,46,0.0,hold,,,
https://poki.com/en/g/sword-legends,Sword Legends,dress up games,category,False,46,0.0,hold,,,
https://poki.com/en/g/sword-legends,Sword Legends,how to play sword legends,long_tail,False,46,0.0,hold,,,
https://poki.com/en/g/sword-legends,Sword Legends,sword legends controls,long_tail,False,46,0.0,hold,,,
https://poki.com/en/g/sword-legends,Sword Legends,games like sword legends,long_tail,False,46,0.0,hold,,,
https://poki.com/en/g/sword-legends,Sword Legends,sword legends unblocked,long_tail,False,46,0.0,hold,,,
https://poki.com/en/g/war-race,War Race,war race,game_name,True,54,0.67,hold,19.5,21.8,27.23076923076923
https://poki.com/en/g/war-race,War Race,play war race online,game_name,False,63,0.67,watch,50.0,20.0,7.6923076923076925
https://poki.com/en/g/war-race,War Race,war race free,game_name,False,39,0.67,hold,6.5,3.8,9.076923076923077
https://poki.com/en/g/war-race,War Race,online robot games,category,True,59,0.17,hold,,,
https://poki.com/en/g/war-race,War Race,online gun games,category,True,59,0.17,hold,,,
https://poki.com/en/g/war-race,War Race,online police games,category,True,59,0.17,hold,,,
https://poki.com/en/g/war-race,War Race,online anime games,category,True,59,0.17,hold,,,
https://poki.com/en/g/war-race,War Race,online 3d games,category,True,59,0.17,hold,,,
https://poki.com/en/g/war-race,War Race,online driving games,category,True,59,0.17,hold,,,
https://poki.com/en/g/war-race,War Race,online running games,category,True,59,0.17,hold,,,
https://poki.com/en/g/war-race,War Race,online sports games,category,False,47,0.0,hold,,,
https://poki.com/en/g/war-race,War Race,online action games,category,False,47,0.0,hold,,,
https://poki.com/en/g/war-race,War Race,online popular games,category,False,47,0.0,hold,,,
https://poki.com/en/g/war-race,War Race,online multiplayer games,category,False,47,0.0,hold,,,
https://poki.com/en/g/war-race,War Race,merge games,category,False,47,0.0,hold,,,
https://poki.com/en/g/war-race,War Race,online shooting games,category,False,47,0.0,hold,,,
https://poki.com/en/g/war-race,War Race,how to play war race,long_tail,False,47,0.0,hold,,,
https://poki.com/en/g/war-race,War Race,war race controls,long_tail,False,47,0.0,hold,,,
https://poki.com/en/g/war-race,War Race,games like war race,long_tail,False,47,0.0,hold,,,
https://poki.com/en/g/war-race,War Race,war race unblocked,long_tail,False,47,0.0,hold,,,
https://poki.com/en/g/pool-live,Pool Live,pool live,game_name,True,58,0.67,watch,21.5,25.0,48.76923076923077
https://poki.com/en/g/pool-live,Pool Live,play pool live online,game_name,False,51,0.17,hold,,,
https://poki.com/en/g/pool-live,Pool Live,pool live free,game_name,True,55,0.67,watch,11.0,12.0,35.76923076923077
https://poki.com/en/g/pool-live,Pool Live,online 2 player games,category,True,62,0.17,hold,,,
https://poki.com/en/g/pool-live,Pool Live,online shooting games,category,True,62,0.17,hold,,,
https://poki.com/en/g/pool-live,Pool Live,online car games,category,True,62,0.17,hold,,,
https://poki.com/en/g/pool-live,Pool Live,online action games,category,True,62,0.17,hold,,,
https://poki.com/en/g/pool-live,Pool Live,online skill games,category,True,62,0.17,hold,,,
https://poki.com/en/g/pool-live,Pool Live,online multiplayer games,category,True,62,0.17,hold,,,
https://poki.com/en/g/pool-live,Pool Live,online adventure games,category,True,62,0.17,hold,,,
https://poki.com/en/g/pool-live,Pool Live,dress up games,category,False,51,0.0,hold,,,
https://poki.com/en/g/pool-live,Pool Live,puzzle games,category,False,51,0.0,hold,,,
https://poki.com/en/g/pool-live,Pool Live,online soccer games,category,False,51,0.0,hold,,,
https://poki.com/en/g/pool-live,Pool Live,how to play pool live,long_tail,False,51,0.0,hold,,,
https://poki.com/en/g/pool-live,Pool Live,pool live controls,long_tail,False,51,0.0,hold,,,
https://poki.com/en/g/pool-live,Pool Live,games like pool live,long_tail,False,51,0.0,hold,,,
https://poki.com/en/g/pool-live,Pool Live,pool live unblocked,long_tail,False,51,0.0,hold,,,
https://poki.com/en/g/clean-slate,Clean Slate,clean slate,game_name,True,65,0.67,watch,46.5,49.4,66.61538461538461
https://poki.com/en/g/clean-slate,Clean Slate,play clean slate online,game_name,False,40,0.67,hold,0.0,0.0,0.0
https://poki.com/en/g/clean-slate,Clean Slate,clean slate free,game_name,True,53,0.67,hold,5.5,4.2,16.76923076923077
https://poki.com/en/g/clean-slate,Clean Slate,online 2 player games,category,True,62,0.17,hold,,,
https://poki.com/en/g/clean-slate,Clean Slate,online shooting games,category,True,62,0.17,hold,,,
https://poki.com/en/g/clean-slate,Clean Slate,online car games,category,True,62,0.17,hold,,,
https://poki.com/en/g/clean-slate,Clean Slate,online action games,category,True,62,0.17,hold,,,
https://poki.com/en/g/clean-slate,Clean Slate,online skill games,category,True,62,0.17,hold,,,
https://poki.com/en/g/clean-slate,Clean Slate,online multiplayer games,category,True,62,0.17,hold,,,
https://poki.com/en/g/clean-slate,Clean Slate,online adventure games,category,True,62,0.17,hold,,,
https://poki.com/en/g/clean-slate,Clean Slate,dress up games,category,False,51,0.0,hold,,,
https://poki.com/en/g/clean-slate,Clean Slate,puzzle games,category,False,51,0.0,hold,,,
https://poki.com/en/g/clean-slate,Clean Slate,online soccer games,category,False,51,0.0,hold,,,
https://poki.com/en/g/clean-slate,Clean Slate,how to play clean slate,long_tail,False,51,0.0,hold,,,
https://poki.com/en/g/clean-slate,Clean Slate,clean slate controls,long_tail,False,51,0.0,hold,,,
https://poki.com/en/g/clean-slate,Clean Slate,games like clean slate,long_tail,False,51,0.0,hold,,,
https://poki.com/en/g/clean-slate,Clean Slate,clean slate unblocked,long_tail,False,51,0.0,hold,,,
https://poki.com/en/g/city-taxi-simulator,City Taxi Simulator,city taxi simulator,game_name,True,57,0.67,watch,13.0,7.6,8.538461538461538
https://poki.com/en/g/city-taxi-simulator,City Taxi Simulator,play city taxi simulator online,game_name,False,40,0.67,hold,0.0,0.0,0.0
https://poki.com/en/g/city-taxi-simulator,City Taxi Simulator,city taxi simulator free,game_name,False,51,0.17,hold,,,
https://poki.com/en/g/city-taxi-simulator,City Taxi Simulator,online 2 player games,category,True,62,0.17,hold,,,
https://poki.com/en/g/city-taxi-simulator,City Taxi Simulator,online shooting games,category,True,62,0.17,hold,,,
https://poki.com/en/g/city-taxi-simulator,City Taxi Simulator,online car games,category,True,62,0.17,hold,,,
https://poki.com/en/g/city-taxi-simulator,City Taxi Simulator,online action games,category,True,62,0.17,hold,,,
https://poki.com/en/g/city-taxi-simulator,City Taxi Simulator,online skill games,category,True,62,0.17,hold,,,
https://poki.com/en/g/city-taxi-simulator,City Taxi Simulator,online multiplayer games,category,True,62,0.17,hold,,,
https://poki.com/en/g/city-taxi-simulator,City Taxi Simulator,online adventure games,category,True,62,0.17,hold,,,
https://poki.com/en/g/city-taxi-simulator,City Taxi Simulator,dress up games,category,False,51,0.0,hold,,,
https://poki.com/en/g/city-taxi-simulator,City Taxi Simulator,puzzle games,category,False,51,0.0,hold,,,
https://poki.com/en/g/city-taxi-simulator,City Taxi Simulator,online soccer games,category,False,51,0.0,hold,,,
https://poki.com/en/g/city-taxi-simulator,City Taxi Simulator,how to play city taxi simulator,long_tail,False,51,0.0,hold,,,
https://poki.com/en/g/city-taxi-simulator,City Taxi Simulator,city taxi simulator controls,long_tail,False,51,0.0,hold,,,
https://poki.com/en/g/city-taxi-simulator,City Taxi Simulator,games like city taxi simulator,long_tail,False,51,0.0,hold,,,
https://poki.com/en/g/city-taxi-simulator,City Taxi Simulator,city taxi simulator unblocked,long_tail,False,51,0.0,hold,,,
https://poki.com/en/g/gyroblade,GYROBLADE,gyroblade,game_name,True,67,0.67,watch,50.0,20.0,7.6923076923076925
https://poki.com/en/g/gyroblade,GYROBLADE,play gyroblade online,game_name,False,40,0.17,hold,,,
https://poki.com/en/g/gyroblade,GYROBLADE,gyroblade free,game_name,False,30,0.67,ignore,0.0,0.0,7.6923076923076925
https://poki.com/en/g/gyroblade,GYROBLADE,online multiplayer games,category,True,51,0.17,hold,,,
https://poki.com/en/g/gyroblade,GYROBLADE,puzzle games,category,True,51,0.17,hold,,,
https://poki.com/en/g/gyroblade,GYROBLADE,dress up games,category,True,51,0.17,hold,,,
https://poki.com/en/g/gyroblade,GYROBLADE,online soccer games,category,True,51,0.17,hold,,,
https://poki.com/en/g/gyroblade,GYROBLADE,idle games,category,True,51,0.17,hold,,,
https://poki.com/en/g/gyroblade,GYROBLADE,online shooting games,category,True,51,0.17,hold,,,
https://poki.com/en/g/gyroblade,GYROBLADE,how to play gyroblade,long_tail,False,40,0.17,hold,,,
https://poki.com/en/g/gyroblade,GYROBLADE,gyroblade controls,long_tail,False,40,0.0,hold,,,
https://poki.com/en/g/gyroblade,GYROBLADE,games like gyroblade,long_tail,False,40,0.0,hold,,,
https://poki.com/en/g/gyroblade,GYROBLADE,gyroblade unblocked,long_tail,False,40,0.0,hold,,,
https://poki.com/en/g/project-gatherwood,Project Gatherwood,project gatherwood,game_name,False,42,0.17,hold,,,
https://poki.com/en/g/project-gatherwood,Project Gatherwood,play project gatherwood online,game_name,False,42,0.17,hold,,,
https://poki.com/en/g/project-gatherwood,Project Gatherwood,project gatherwood free,game_name,False,42,0.17,hold,,,
https://poki.com/en/g/project-gatherwood,Project Gatherwood,online easy games,category,True,53,0.17,hold,,,
https://poki.com/en/g/project-gatherwood,Project Gatherwood,online multiplayer games,category,True,53,0.17,hold,,,
https://poki.com/en/g/project-gatherwood,Project Gatherwood,online adventure games,category,True,53,0.17,hold,,,
https://poki.com/en/g/project-gatherwood,Project Gatherwood,online idle games,category,True,53,0.17,hold,,,
https://poki.com/en/g/project-gatherwood,Project Gatherwood,online 2 player games,category,True,53,0.17,hold,,,
https://poki.com/en/g/project-gatherwood,Project Gatherwood,puzzle games,category,True,53,0.17,hold,,,
https://poki.com/en/g/project-gatherwood,Project Gatherwood,dress up games,category,True,53,0.17,hold,,,
https://poki.com/en/g/project-gatherwood,Project Gatherwood,online soccer games,category,False,42,0.0,hold,,,
https://poki.com/en/g/project-gatherwood,Project Gatherwood,idle games,category,False,42,0.0,hold,,,
https://poki.com/en/g/project-gatherwood,Project Gatherwood,how to play project gatherwood,long_tail,False,42,0.0,hold,,,
https://poki.com/en/g/project-gatherwood,Project Gatherwood,project gatherwood controls,long_tail,False,42,0.0,hold,,,
https://poki.com/en/g/project-gatherwood,Project Gatherwood,games like project gatherwood,long_tail,False,42,0.0,hold,,,
https://poki.com/en/g/project-gatherwood,Project Gatherwood,project gatherwood unblocked,long_tail,False,42,0.0,hold,,,
https://poki.com/en/g/talking-tom-drop-and-pop,Talking Tom Drop & Pop,talking tom drop & pop,game_name,False,51,0.17,hold,,,
https://poki.com/en/g/talking-tom-drop-and-pop,Talking Tom Drop & Pop,play talking tom drop & pop online,game_name,False,51,0.17,hold,,,
https://poki.com/en/g/talking-tom-drop-and-pop,Talking Tom Drop & Pop,talking tom drop & pop free,game_name,False,41,0.67,hold,0.0,0.0,0.0
https://poki.com/en/g/talking-tom-drop-and-pop,Talking Tom Drop & Pop,online cat games,category,True,62,0.17,hold,,,
https://poki.com/en/g/talking-tom-drop-and-pop,Talking Tom Drop & Pop,online multiplayer games,category,True,62,0.17,hold,,,
https://poki.com/en/g/talking-tom-drop-and-pop,Talking Tom Drop & Pop,online dress up games,category,True,62,0.17,hold,,,
https://poki.com/en/g/talking-tom-drop-and-pop,Talking Tom Drop & Pop,online cozy games,category,True,62,0.17,hold,,,
https://poki.com/en/g/talking-tom-drop-and-pop,Talking Tom Drop & Pop,merge games,category,True,62,0.17,hold,,,
https://poki.com/en/g/talking-tom-drop-and-pop,Talking Tom Drop & Pop,puzzle games,category,True,62,0.17,hold,,,
https://poki.com/en/g/talking-tom-drop-and-pop,Talking Tom Drop & Pop,dress up games,category,True,62,0.17,hold,,,
https://poki.com/en/g/talking-tom-drop-and-pop,Talking Tom Drop & Pop,online soccer games,category,False,51,0.0,hold,,,
https://poki.com/en/g/talking-tom-drop-and-pop,Talking Tom Drop & Pop,idle games,category,False,51,0.0,hold,,,
https://poki.com/en/g/talking-tom-drop-and-pop,Talking Tom Drop & Pop,how to play talking tom drop & pop,long_tail,False,51,0.0,hold,,,
https://poki.com/en/g/talking-tom-drop-and-pop,Talking Tom Drop & Pop,talking tom drop & pop controls,long_tail,False,51,0.0,hold,,,
https://poki.com/en/g/talking-tom-drop-and-pop,Talking Tom Drop & Pop,games like talking tom drop & pop,long_tail,False,51,0.0,hold,,,
https://poki.com/en/g/talking-tom-drop-and-pop,Talking Tom Drop & Pop,talking tom drop & pop unblocked,long_tail,False,51,0.0,hold,,,
https://poki.com/en/g/little-steps-big-troubles,"Little Steps, Big Troubles","little steps, big troubles",game_name,False,55,0.67,watch,51.5,53.4,59.61538461538461
https://poki.com/en/g/little-steps-big-troubles,"Little Steps, Big Troubles","play little steps, big troubles online",game_name,False,53,0.67,hold,30.5,16.4,18.307692307692307
https://poki.com/en/g/little-steps-big-troubles,"Little Steps, Big Troubles","little steps, big troubles free",game_name,False,55,0.67,watch,51.5,53.4,59.61538461538461
https://poki.com/en/g/little-steps-big-troubles,"Little Steps, Big Troubles",online mobile games,category,True,61,0.17,hold,,,
https://poki.com/en/g/little-steps-big-troubles,"Little Steps, Big Troubles",online meme games,category,True,61,0.17,hold,,,
https://poki.com/en/g/little-steps-big-troubles,"Little Steps, Big Troubles",puzzle games,category,True,61,0.17,hold,,,
https://poki.com/en/g/little-steps-big-troubles,"Little Steps, Big Troubles",dress up games,category,True,61,0.17,hold,,,
https://poki.com/en/g/little-steps-big-troubles,"Little Steps, Big Troubles",online soccer games,category,True,61,0.17,hold,,,
https://poki.com/en/g/little-steps-big-troubles,"Little Steps, Big Troubles",idle games,category,True,61,0.17,hold,,,
https://poki.com/en/g/little-steps-big-troubles,"Little Steps, Big Troubles",online shooting games,category,True,61,0.17,hold,,,
https://poki.com/en/g/little-steps-big-troubles,"Little Steps, Big Troubles","how to play little steps, big troubles",long_tail,False,50,0.0,hold,,,
https://poki.com/en/g/little-steps-big-troubles,"Little Steps, Big Troubles","little steps, big troubles controls",long_tail,False,50,0.0,hold,,,
https://poki.com/en/g/little-steps-big-troubles,"Little Steps, Big Troubles","games like little steps, big troubles",long_tail,False,50,0.0,hold,,,
https://poki.com/en/g/little-steps-big-troubles,"Little Steps, Big Troubles","little steps, big troubles unblocked",long_tail,False,50,0.0,hold,,,
https://poki.com/en/g/flipbot,FlipBot,flipbot,game_name,False,46,0.17,hold,,,
https://poki.com/en/g/flipbot,FlipBot,play flipbot online,game_name,False,62,0.67,watch,50.0,20.0,7.6923076923076925
https://poki.com/en/g/flipbot,FlipBot,flipbot free,game_name,False,46,0.17,hold,,,
https://poki.com/en/g/flipbot,FlipBot,online food games,category,True,58,0.17,hold,,,
https://poki.com/en/g/flipbot,FlipBot,online platform games,category,True,58,0.17,hold,,,
https://poki.com/en/g/flipbot,FlipBot,online puzzle games,category,True,58,0.17,hold,,,
https://poki.com/en/g/flipbot,FlipBot,online 3d games,category,True,58,0.17,hold,,,
https://poki.com/en/g/flipbot,FlipBot,online hidden object games,category,True,58,0.17,hold,,,
https://poki.com/en/g/flipbot,FlipBot,online shooting games,category,True,58,0.17,hold,,,
https://poki.com/en/g/flipbot,FlipBot,puzzle games,category,True,58,0.17,hold,,,
https://poki.com/en/g/flipbot,FlipBot,dress up games,category,False,46,0.0,hold,,,
https://poki.com/en/g/flipbot,FlipBot,online soccer games,category,False,46,0.0,hold,,,
https://poki.com/en/g/flipbot,FlipBot,platform games,category,False,46,0.0,hold,,,
https://poki.com/en/g/flipbot,FlipBot,how to play flipbot,long_tail,False,46,0.0,hold,,,
https://poki.com/en/g/flipbot,FlipBot,flipbot controls,long_tail,False,46,0.0,hold,,,
https://poki.com/en/g/flipbot,FlipBot,games like flipbot,long_tail,False,46,0.0,hold,,,
https://poki.com/en/g/flipbot,FlipBot,flipbot unblocked,long_tail,False,46,0.0,hold,,,
https://poki.com/en/g/mad-stick,Mad Stick,mad stick,game_name,True,57,0.67,watch,26.5,27.4,32.69230769230769
https://poki.com/en/g/mad-stick,Mad Stick,play mad stick online,game_name,False,49,0.17,hold,,,
https://poki.com/en/g/mad-stick,Mad Stick,mad stick free,game_name,False,40,0.67,hold,4.0,1.6,8.307692307692308
https://poki.com/en/g/mad-stick,Mad Stick,online stickman games,category,True,60,0.17,hold,,,
https://poki.com/en/g/mad-stick,Mad Stick,online ragdoll games,category,True,60,0.17,hold,,,
https://poki.com/en/g/mad-stick,Mad Stick,online war games,category,True,60,0.17,hold,,,
https://poki.com/en/g/mad-stick,Mad Stick,online car games,category,True,60,0.17,hold,,,
https://poki.com/en/g/mad-stick,Mad Stick,online 3d games,category,True,60,0.17,hold,,,
https://poki.com/en/g/mad-stick,Mad Stick,online shooting games,category,True,60,0.17,hold,,,
https://poki.com/en/g/mad-stick,Mad Stick,online block games,category,True,60,0.17,hold,,,
https://poki.com/en/g/mad-stick,Mad Stick,online 2 player games,category,False,49,0.0,hold,,,
https://poki.com/en/g/mad-stick,Mad Stick,online gun games,category,False,49,0.0,hold,,,
https://poki.com/en/g/mad-stick,Mad Stick,puzzle games,category,False,49,0.0,hold,,,
https://poki.com/en/g/mad-stick,Mad Stick,dress up games,category,False,49,0.0,hold,,,
https://poki.com/en/g/mad-stick,Mad Stick,online soccer games,category,False,49,0.0,hold,,,
https://poki.com/en/g/mad-stick,Mad Stick,idle games,category,False,49,0.0,hold,,,
https://poki.com/en/g/mad-stick,Mad Stick,how to play mad stick,long_tail,False,49,0.0,hold,,,
https://poki.com/en/g/mad-stick,Mad Stick,mad stick controls,long_tail,False,49,0.0,hold,,,
https://poki.com/en/g/mad-stick,Mad Stick,games like mad stick,long_tail,False,49,0.0,hold,,,
https://poki.com/en/g/mad-stick,Mad Stick,mad stick unblocked,long_tail,False,49,0.0,hold,,,
https://poki.com/en/g/portal-master,Portal Master,portal master,game_name,True,55,0.67,watch,27.5,33.8,51.53846153846154
https://poki.com/en/g/portal-master,Portal Master,play portal master online,game_name,False,46,0.17,hold,,,
https://poki.com/en/g/portal-master,Portal Master,portal master free,game_name,False,37,0.67,hold,4.0,3.4,13.76923076923077
https://poki.com/en/g/portal-master,Portal Master,online 3d games,category,True,58,0.17,hold,,,
https://poki.com/en/g/portal-master,Portal Master,online backrooms games,category,False,46,0.17,hold,,,
https://poki.com/en/g/portal-master,Portal Master,online anime games,category,True,58,0.17,hold,,,
https://poki.com/en/g/portal-master,Portal Master,online platform games,category,True,58,0.17,hold,,,
https://poki.com/en/g/portal-master,Portal Master,online skill games,category,True,58,0.17,hold,,,
https://poki.com/en/g/portal-master,Portal Master,online clicker games,category,True,58,0.17,hold,,,
https://poki.com/en/g/portal-master,Portal Master,online first person shooter games,category,True,58,0.17,hold,,,
https://poki.com/en/g/portal-master,Portal Master,online multiplayer games,category,False,46,0.0,hold,,,
https://poki.com/en/g/portal-master,Portal Master,online mobile games,category,False,46,0.0,hold,,,
https://poki.com/en/g/portal-master,Portal Master,online space games,category,False,46,0.0,hold,,,
https://poki.com/en/g/portal-master,Portal Master,online io games,category,False,46,0.0,hold,,,
https://poki.com/en/g/portal-master,Portal Master,puzzle games,category,False,46,0.0,hold,,,
https://poki.com/en/g/portal-master,Portal Master,dress up games,category,False,46,0.0,hold,,,
https://poki.com/en/g/portal-master,Portal Master,how to play portal master,long_tail,False,46,0.0,hold,,,
https://poki.com/en/g/portal-master,Portal Master,portal master controls,long_tail,False,46,0.0,hold,,,
https://poki.com/en/g/portal-master,Portal Master,games like portal master,long_tail,False,46,0.0,hold,,,
https://poki.com/en/g/portal-master,Portal Master,portal master unblocked,long_tail,False,46,0.0,hold,,,
https://poki.com/en/g/robot-police-iron-panther,Robot Police Iron Panther,robot police iron panther,game_name,True,54,0.17,hold,,,
https://poki.com/en/g/robot-police-iron-panther,Robot Police Iron Panther,play robot police iron panther online,game_name,False,43,0.17,hold,,,
https://poki.com/en/g/robot-police-iron-panther,Robot Police Iron Panther,robot police iron panther free,game_name,False,32,0.67,ignore,0.0,0.0,0.0
https://poki.com/en/g/robot-police-iron-panther,Robot Police Iron Panther,online police games,category,True,54,0.17,hold,,,
https://poki.com/en/g/robot-police-iron-panther,Robot Police Iron Panther,online robot games,category,True,54,0.17,hold,,,
https://poki.com/en/g/robot-police-iron-panther,Robot Police Iron Panther,online war games,category,True,54,0.17,hold,,,
https://poki.com/en/g/robot-police-iron-panther,Robot Police Iron Panther,online brainrot games,category,True,54,0.17,hold,,,
https://poki.com/en/g/robot-police-iron-panther,Robot Police Iron Panther,online fighting games,category,True,54,0.17,hold,,,
https://poki.com/en/g/robot-police-iron-panther,Robot Police Iron Panther,online racing games,category,True,54,0.17,hold,,,
https://poki.com/en/g/robot-police-iron-panther,Robot Police Iron Panther,online strategy games,category,True,54,0.17,hold,,,
https://poki.com/en/g/robot-police-iron-panther,Robot Police Iron Panther,online car games,category,False,43,0.0,hold,,,
https://poki.com/en/g/robot-police-iron-panther,Robot Police Iron Panther,puzzle games,category,False,43,0.0,hold,,,
https://poki.com/en/g/robot-police-iron-panther,Robot Police Iron Panther,dress up games,category,False,43,0.0,hold,,,
https://poki.com/en/g/robot-police-iron-panther,Robot Police Iron Panther,online soccer games,category,False,43,0.0,hold,,,
https://poki.com/en/g/robot-police-iron-panther,Robot Police Iron Panther,idle games,category,False,43,0.0,hold,,,
https://poki.com/en/g/robot-police-iron-panther,Robot Police Iron Panther,online shooting games,category,False,43,0.0,hold,,,
https://poki.com/en/g/robot-police-iron-panther,Robot Police Iron Panther,how to play robot police iron panther,long_tail,False,43,0.0,hold,,,
https://poki.com/en/g/robot-police-iron-panther,Robot Police Iron Panther,robot police iron panther controls,long_tail,False,43,0.0,hold,,,
https://poki.com/en/g/robot-police-iron-panther,Robot Police Iron Panther,games like robot police iron panther,long_tail,False,43,0.0,hold,,,
https://poki.com/en/g/robot-police-iron-panther,Robot Police Iron Panther,robot police iron panther unblocked,long_tail,False,43,0.0,hold,,,
https://poki.com/en/g/tnt-sandbox,TNT Sandbox,tnt sandbox,game_name,True,79,0.67,immediate,50.0,20.0,7.6923076923076925
https://poki.com/en/g/tnt-sandbox,TNT Sandbox,play tnt sandbox online,game_name,False,68,0.67,watch,50.0,20.0,7.6923076923076925
https://poki.com/en/g/tnt-sandbox,TNT Sandbox,tnt sandbox free,game_name,False,53,0.17,hold,,,
https://poki.com/en/g/tnt-sandbox,TNT Sandbox,online block games,category,True,64,0.17,hold,,,
https://poki.com/en/g/tnt-sandbox,TNT Sandbox,online shooting games,category,True,64,0.17,hold,,,
https://poki.com/en/g/tnt-sandbox,TNT Sandbox,online meme games,category,True,64,0.17,hold,,,
https://poki.com/en/g/tnt-sandbox,TNT Sandbox,online backrooms games,category,False,53,0.17,hold,,,
https://poki.com/en/g/tnt-sandbox,TNT Sandbox,online adventure games,category,True,64,0.17,hold,,,
https://poki.com/en/g/tnt-sandbox,TNT Sandbox,online popular games,category,True,64,0.17,hold,,,
https://poki.com/en/g/tnt-sandbox,TNT Sandbox,online classic games,category,True,64,0.17,hold,,,
https://poki.com/en/g/tnt-sandbox,TNT Sandbox,online space games,category,False,53,0.0,hold,,,
https://poki.com/en/g/tnt-sandbox,TNT Sandbox,online mobile games,category,False,53,0.0,hold,,,
https://poki.com/en/g/tnt-sandbox,TNT Sandbox,online car games,category,False,53,0.0,hold,,,
https://poki.com/en/g/tnt-sandbox,TNT Sandbox,online gun games,category,False,53,0.0,hold,,,
https://poki.com/en/g/tnt-sandbox,TNT Sandbox,puzzle games,category,False,53,0.0,hold,,,
https://poki.com/en/g/tnt-sandbox,TNT Sandbox,how to play tnt sandbox,long_tail,False,53,0.0,hold,,,
https://poki.com/en/g/tnt-sandbox,TNT Sandbox,tnt sandbox controls,long_tail,False,53,0.0,hold,,,
https://poki.com/en/g/tnt-sandbox,TNT Sandbox,games like tnt sandbox,long_tail,False,53,0.0,hold,,,
https://poki.com/en/g/tnt-sandbox,TNT Sandbox,tnt sandbox unblocked,long_tail,False,53,0.0,hold,,,
https://poki.com/en/g/nsr-street-car-racing,NSR Street Car Racing,nsr street car racing,game_name,True,43,0.67,hold,0.0,20.0,7.6923076923076925
https://poki.com/en/g/nsr-street-car-racing,NSR Street Car Racing,play nsr street car racing online,game_name,False,43,0.17,hold,,,
https://poki.com/en/g/nsr-street-car-racing,NSR Street Car Racing,nsr street car racing free,game_name,False,43,0.17,hold,,,
https://poki.com/en/g/nsr-street-car-racing,NSR Street Car Racing,online car games,category,True,54,0.17,hold,,,
https://poki.com/en/g/nsr-street-car-racing,NSR Street Car Racing,online drifting games,category,True,54,0.17,hold,,,
https://poki.com/en/g/nsr-street-car-racing,NSR Street Car Racing,online 3d games,category,True,54,0.17,hold,,,
https://poki.com/en/g/nsr-street-car-racing,NSR Street Car Racing,online truck games,category,True,54,0.17,hold,,,
https://poki.com/en/g/nsr-street-car-racing,NSR Street Car Racing,online driving games,category,True,54,0.17,hold,,,
https://poki.com/en/g/nsr-street-car-racing,NSR Street Car Racing,online racing games,category,True,54,0.17,hold,,,
https://poki.com/en/g/nsr-street-car-racing,NSR Street Car Racing,online 2 player games,category,True,54,0.17,hold,,,
https://poki.com/en/g/nsr-street-car-racing,NSR Street Car Racing,online shooting games,category,False,43,0.0,hold,,,
https://poki.com/en/g/nsr-street-car-racing,NSR Street Car Racing,online first person shooter games,category,False,43,0.0,hold,,,
https://poki.com/en/g/nsr-street-car-racing,NSR Street Car Racing,online puzzle games,category,False,43,0.0,hold,,,
https://poki.com/en/g/nsr-street-car-racing,NSR Street Car Racing,online bike games,category,False,43,0.0,hold,,,
https://poki.com/en/g/nsr-street-car-racing,NSR Street Car Racing,online soccer games,category,False,43,0.0,hold,,,
https://poki.com/en/g/nsr-street-car-racing,NSR Street Car Racing,puzzle games,category,False,43,0.0,hold,,,
https://poki.com/en/g/nsr-street-car-racing,NSR Street Car Racing,how to play nsr street car racing,long_tail,False,43,0.0,hold,,,
https://poki.com/en/g/nsr-street-car-racing,NSR Street Car Racing,nsr street car racing controls,long_tail,False,43,0.0,hold,,,
https://poki.com/en/g/nsr-street-car-racing,NSR Street Car Racing,games like nsr street car racing,long_tail,False,43,0.0,hold,,,
https://poki.com/en/g/nsr-street-car-racing,NSR Street Car Racing,nsr street car racing unblocked,long_tail,False,43,0.0,hold,,,
https://poki.com/en/g/real-bike-driving,Real Bike Driving,real bike driving,game_name,True,49,0.67,hold,0.0,1.2,6.076923076923077
https://poki.com/en/g/real-bike-driving,Real Bike Driving,play real bike driving online,game_name,False,37,0.67,hold,0.0,0.0,0.0
https://poki.com/en/g/real-bike-driving,Real Bike Driving,real bike driving free,game_name,False,48,0.17,hold,,,
https://poki.com/en/g/real-bike-driving,Real Bike Driving,online boat games,category,True,59,0.17,hold,,,
https://poki.com/en/g/real-bike-driving,Real Bike Driving,online driving games,category,True,59,0.17,hold,,,
https://poki.com/en/g/real-bike-driving,Real Bike Driving,online bike games,category,True,59,0.17,hold,,,
https://poki.com/en/g/real-bike-driving,Real Bike Driving,online car games,category,True,59,0.17,hold,,,
https://poki.com/en/g/real-bike-driving,Real Bike Driving,online 3d games,category,True,59,0.17,hold,,,
https://poki.com/en/g/real-bike-driving,Real Bike Driving,online drifting games,category,True,59,0.17,hold,,,
https://poki.com/en/g/real-bike-driving,Real Bike Driving,online racing games,category,True,59,0.17,hold,,,
https://poki.com/en/g/real-bike-driving,Real Bike Driving,online dirt bike games,category,False,48,0.0,hold,,,
https://poki.com/en/g/real-bike-driving,Real Bike Driving,online popular games,category,False,48,0.0,hold,,,
https://poki.com/en/g/real-bike-driving,Real Bike Driving,online mouse games,category,False,48,0.0,hold,,,
https://poki.com/en/g/real-bike-driving,Real Bike Driving,online mobile games,category,False,48,0.0,hold,,,
https://poki.com/en/g/real-bike-driving,Real Bike Driving,online farm games,category,False,48,0.0,hold,,,
https://poki.com/en/g/real-bike-driving,Real Bike Driving,dress up games,category,False,48,0.0,hold,,,
https://poki.com/en/g/real-bike-driving,Real Bike Driving,how to play real bike driving,long_tail,False,48,0.0,hold,,,
https://poki.com/en/g/real-bike-driving,Real Bike Driving,real bike driving controls,long_tail,False,48,0.0,hold,,,
https://poki.com/en/g/real-bike-driving,Real Bike Driving,games like real bike driving,long_tail,False,48,0.0,hold,,,
https://poki.com/en/g/real-bike-driving,Real Bike Driving,real bike driving unblocked,long_tail,False,48,0.0,hold,,,
https://poki.com/en/g/clean-the-roof,Clean The Roof,clean the roof,game_name,True,56,0.67,watch,37.5,42.8,53.0
https://poki.com/en/g/clean-the-roof,Clean The Roof,play clean the roof online,game_name,False,44,0.17,hold,,,
https://poki.com/en/g/clean-the-roof,Clean The Roof,clean the roof free,game_name,False,38,0.67,hold,10.0,5.2,2.0
https://poki.com/en/g/clean-the-roof,Clean The Roof,online shooting games,category,True,55,0.17,hold,,,
https://poki.com/en/g/clean-the-roof,Clean The Roof,online gun games,category,True,55,0.17,hold,,,
https://poki.com/en/g/clean-the-roof,Clean The Roof,online soccer games,category,True,55,0.17,hold,,,
https://poki.com/en/g/clean-the-roof,Clean The Roof,online stickman games,category,True,55,0.17,hold,,,
https://poki.com/en/g/clean-the-roof,Clean The Roof,online 3d games,category,True,55,0.17,hold,,,
https://poki.com/en/g/clean-the-roof,Clean The Roof,online action games,category,True,55,0.17,hold,,,
https://poki.com/en/g/clean-the-roof,Clean The Roof,online survival games,category,True,55,0.17,hold,,,
https://poki.com/en/g/clean-the-roof,Clean The Roof,puzzle games,category,False,44,0.0,hold,,,
https://poki.com/en/g/clean-the-roof,Clean The Roof,how to play clean the roof,long_tail,False,44,0.0,hold,,,
https://poki.com/en/g/clean-the-roof,Clean The Roof,clean the roof controls,long_tail,False,44,0.0,hold,,,
https://poki.com/en/g/clean-the-roof,Clean The Roof,games like clean the roof,long_tail,False,44,0.0,hold,,,
https://poki.com/en/g/clean-the-roof,Clean The Roof,clean the roof unblocked,long_tail,False,44,0.0,hold,,,
https://poki.com/en/g/minni-home-play-family,Minni Home - Play Family,minni home - play family,game_name,False,51,0.17,hold,,,
https://poki.com/en/g/minni-home-play-family,Minni Home - Play Family,play minni home - play family online,game_name,False,40,0.67,hold,0.0,0.0,0.0
https://poki.com/en/g/minni-home-play-family,Minni Home - Play Family,minni home - play family free,game_name,False,51,0.17,hold,,,
https://poki.com/en/g/minni-home-play-family,Minni Home - Play Family,online shooting games,category,True,62,0.17,hold,,,
https://poki.com/en/g/minni-home-play-family,Minni Home - Play Family,online car games,category,True,62,0.17,hold,,,
https://poki.com/en/g/minni-home-play-family,Minni Home - Play Family,online 2 player games,category,True,62,0.17,hold,,,
https://poki.com/en/g/minni-home-play-family,Minni Home - Play Family,online action games,category,True,62,0.17,hold,,,
https://poki.com/en/g/minni-home-play-family,Minni Home - Play Family,online skill games,category,True,62,0.17,hold,,,
https://poki.com/en/g/minni-home-play-family,Minni Home - Play Family,online multiplayer games,category,True,62,0.17,hold,,,
https://poki.com/en/g/minni-home-play-family,Minni Home - Play Family,online adventure games,category,True,62,0.17,hold,,,
https://poki.com/en/g/minni-home-play-family,Minni Home - Play Family,dress up games,category,False,51,0.0,hold,,,
https://poki.com/en/g/minni-home-play-family,Minni Home - Play Family,puzzle games,category,False,51,0.0,hold,,,
https://poki.com/en/g/minni-home-play-family,Minni Home - Play Family,online soccer games,category,False,51,0.0,hold,,,
https://poki.com/en/g/minni-home-play-family,Minni Home - Play Family,how to play minni home - play family,long_tail,False,51,0.0,hold,,,
https://poki.com/en/g/minni-home-play-family,Minni Home - Play Family,minni home - play family controls,long_tail,False,51,0.0,hold,,,
https://poki.com/en/g/minni-home-play-family,Minni Home - Play Family,games like minni home - play family,long_tail,False,51,0.0,hold,,,
https://poki.com/en/g/minni-home-play-family,Minni Home - Play Family,minni home - play family unblocked,long_tail,False,51,0.0,hold,,,
https://poki.com/en/g/rig-mart,Rig Mart,rig mart,game_name,True,74,0.67,watch,50.0,35.4,13.615384615384615
https://poki.com/en/g/rig-mart,Rig Mart,play rig mart online,game_name,False,51,0.17,hold,,,
https://poki.com/en/g/rig-mart,Rig Mart,rig mart free,game_name,False,51,0.17,hold,,,
https://poki.com/en/g/rig-mart,Rig Mart,online shooting games,category,True,62,0.17,hold,,,
https://poki.com/en/g/rig-mart,Rig Mart,online car games,category,True,62,0.17,hold,,,
https://poki.com/en/g/rig-mart,Rig Mart,online 2 player games,category,True,62,0.17,hold,,,
https://poki.com/en/g/rig-mart,Rig Mart,online action games,category,True,62,0.17,hold,,,
https://poki.com/en/g/rig-mart,Rig Mart,online skill games,category,True,62,0.17,hold,,,
https://poki.com/en/g/rig-mart,Rig Mart,online multiplayer games,category,True,62,0.17,hold,,,
https://poki.com/en/g/rig-mart,Rig Mart,online adventure games,category,True,62,0.17,hold,,,
https://poki.com/en/g/rig-mart,Rig Mart,dress up games,category,False,51,0.0,hold,,,
https://poki.com/en/g/rig-mart,Rig Mart,puzzle games,category,False,51,0.0,hold,,,
https://poki.com/en/g/rig-mart,Rig Mart,online soccer games,category,False,51,0.0,hold,,,
https://poki.com/en/g/rig-mart,Rig Mart,how to play rig mart,long_tail,False,51,0.0,hold,,,
https://poki.com/en/g/rig-mart,Rig Mart,rig mart controls,long_tail,False,51,0.0,hold,,,
https://poki.com/en/g/rig-mart,Rig Mart,games like rig mart,long_tail,False,51,0.0,hold,,,
https://poki.com/en/g/rig-mart,Rig Mart,rig mart unblocked,long_tail,False,51,0.0,hold,,,
https://poki.com/en/g/caveman-gon,Caveman Gon,caveman gon,game_name,True,51,0.67,hold,0.0,0.0,0.0
https://poki.com/en/g/caveman-gon,Caveman Gon,play caveman gon online,game_name,False,51,0.17,hold,,,
https://poki.com/en/g/caveman-gon,Caveman Gon,caveman gon free,game_name,False,51,0.17,hold,,,
https://poki.com/en/g/caveman-gon,Caveman Gon,online shooting games,category,True,62,0.17,hold,,,
https://poki.com/en/g/caveman-gon,Caveman Gon,online car games,category,True,62,0.17,hold,,,
https://poki.com/en/g/caveman-gon,Caveman Gon,online 2 player games,category,True,62,0.17,hold,,,
https://poki.com/en/g/caveman-gon,Caveman Gon,online action games,category,True,62,0.17,hold,,,
https://poki.com/en/g/caveman-gon,Caveman Gon,online skill games,category,True,62,0.17,hold,,,
https://poki.com/en/g/caveman-gon,Caveman Gon,online multiplayer games,category,True,62,0.17,hold,,,
https://poki.com/en/g/caveman-gon,Caveman Gon,online adventure games,category,True,62,0.17,hold,,,
https://poki.com/en/g/caveman-gon,Caveman Gon,dress up games,category,False,51,0.0,hold,,,
https://poki.com/en/g/caveman-gon,Caveman Gon,puzzle games,category,False,51,0.0,hold,,,
https://poki.com/en/g/caveman-gon,Caveman Gon,online soccer games,category,False,51,0.0,hold,,,
https://poki.com/en/g/caveman-gon,Caveman Gon,how to play caveman gon,long_tail,False,51,0.0,hold,,,
https://poki.com/en/g/caveman-gon,Caveman Gon,caveman gon controls,long_tail,False,51,0.0,hold,,,
https://poki.com/en/g/caveman-gon,Caveman Gon,games like caveman gon,long_tail,False,51,0.0,hold,,,
https://poki.com/en/g/caveman-gon,Caveman Gon,caveman gon unblocked,long_tail,False,51,0.0,hold,,,
https://poki.com/en/g/pizza-master,Pizza Master,pizza master,game_name,True,60,0.67,watch,29.5,32.0,46.07692307692308
https://poki.com/en/g/pizza-master,Pizza Master,play pizza master online,game_name,False,51,0.17,hold,,,
https://poki.com/en/g/pizza-master,Pizza Master,pizza master free,game_name,False,43,0.67,hold,6.5,3.2,18.53846153846154
https://poki.com/en/g/pizza-master,Pizza Master,online shooting games,category,True,62,0.17,hold,,,
https://poki.com/en/g/pizza-master,Pizza Master,online car games,category,True,62,0.17,hold,,,
https://poki.com/en/g/pizza-master,Pizza Master,online 2 player games,category,True,62,0.17,hold,,,
https://poki.com/en/g/pizza-master,Pizza Master,online action games,category,True,62,0.17,hold,,,
https://poki.com/en/g/pizza-master,Pizza Master,online skill games,category,True,62,0.17,hold,,,
https://poki.com/en/g/pizza-master,Pizza Master,online multiplayer games,category,True,62,0.17,hold,,,
https://poki.com/en/g/pizza-master,Pizza Master,online adventure games,category,True,62,0.17,hold,,,
https://poki.com/en/g/pizza-master,Pizza Master,dress up games,category,False,51,0.0,hold,,,
https://poki.com/en/g/pizza-master,Pizza Master,puzzle games,category,False,51,0.0,hold,,,
https://poki.com/en/g/pizza-master,Pizza Master,online soccer games,category,False,51,0.0,hold,,,
https://poki.com/en/g/pizza-master,Pizza Master,how to play pizza master,long_tail,False,51,0.0,hold,,,
https://poki.com/en/g/pizza-master,Pizza Master,pizza master controls,long_tail,False,51,0.0,hold,,,
https://poki.com/en/g/pizza-master,Pizza Master,games like pizza master,long_tail,False,51,0.0,hold,,,
https://poki.com/en/g/pizza-master,Pizza Master,pizza master unblocked,long_tail,False,51,0.0,hold,,,
https://poki.com/en/g/bubble-shooter-x,Bubble Shooter X,bubble shooter x,game_name,True,77,0.67,immediate,50.0,20.0,7.6923076923076925
https://poki.com/en/g/bubble-shooter-x,Bubble Shooter X,play bubble shooter x online,game_name,False,51,0.17,hold,,,
https://poki.com/en/g/bubble-shooter-x,Bubble Shooter X,bubble shooter x free,game_name,False,51,0.17,hold,,,
https://poki.com/en/g/bubble-shooter-x,Bubble Shooter X,online shooting games,category,True,62,0.17,hold,,,
https://poki.com/en/g/bubble-shooter-x,Bubble Shooter X,online car games,category,True,62,0.17,hold,,,
https://poki.com/en/g/bubble-shooter-x,Bubble Shooter X,online 2 player games,category,True,62,0.17,hold,,,
https://poki.com/en/g/bubble-shooter-x,Bubble Shooter X,online action games,category,True,62,0.17,hold,,,
https://poki.com/en/g/bubble-shooter-x,Bubble Shooter X,online skill games,category,True,62,0.17,hold,,,
https://poki.com/en/g/bubble-shooter-x,Bubble Shooter X,online multiplayer games,category,True,62,0.17,hold,,,
https://poki.com/en/g/bubble-shooter-x,Bubble Shooter X,online adventure games,category,True,62,0.17,hold,,,
https://poki.com/en/g/bubble-shooter-x,Bubble Shooter X,dress up games,category,False,51,0.0,hold,,,
https://poki.com/en/g/bubble-shooter-x,Bubble Shooter X,puzzle games,category,False,51,0.0,hold,,,
https://poki.com/en/g/bubble-shooter-x,Bubble Shooter X,online soccer games,category,False,51,0.0,hold,,,
https://poki.com/en/g/bubble-shooter-x,Bubble Shooter X,how to play bubble shooter x,long_tail,False,51,0.0,hold,,,
https://poki.com/en/g/bubble-shooter-x,Bubble Shooter X,bubble shooter x controls,long_tail,False,51,0.0,hold,,,
https://poki.com/en/g/bubble-shooter-x,Bubble Shooter X,games like bubble shooter x,long_tail,False,51,0.0,hold,,,
https://poki.com/en/g/bubble-shooter-x,Bubble Shooter X,bubble shooter x unblocked,long_tail,False,51,0.0,hold,,,
https://poki.com/en/g/diy-world-fashion,DIY World Fashion,diy world fashion,game_name,False,44,0.67,hold,3.0,1.2,5.230769230769231
https://poki.com/en/g/diy-world-fashion,DIY World Fashion,play diy world fashion online,game_name,False,43,0.67,hold,0.0,0.0,0.0
https://poki.com/en/g/diy-world-fashion,DIY World Fashion,diy world fashion free,game_name,False,53,0.17,hold,,,
https://poki.com/en/g/diy-world-fashion,DIY World Fashion,online princess games,category,True,64,0.17,hold,,,
https://poki.com/en/g/diy-world-fashion,DIY World Fashion,online dress up games,category,True,64,0.17,hold,,,
https://poki.com/en/g/diy-world-fashion,DIY World Fashion,online fashion games,category,True,64,0.17,hold,,,
https://poki.com/en/g/diy-world-fashion,DIY World Fashion,online cozy games,category,True,64,0.17,hold,,,
https://poki.com/en/g/diy-world-fashion,DIY World Fashion,online nitrome games,category,False,53,0.17,hold,,,
https://poki.com/en/g/diy-world-fashion,DIY World Fashion,online board games,category,True,64,0.17,hold,,,
https://poki.com/en/g/diy-world-fashion,DIY World Fashion,online tower defense games,category,True,64,0.17,hold,,,
https://poki.com/en/g/diy-world-fashion,DIY World Fashion,online backrooms games,category,False,53,0.0,hold,,,
https://poki.com/en/g/diy-world-fashion,DIY World Fashion,online shopping games,category,False,53,0.0,hold,,,
https://poki.com/en/g/diy-world-fashion,DIY World Fashion,online io games,category,False,53,0.0,hold,,,
https://poki.com/en/g/diy-world-fashion,DIY World Fashion,online skill games,category,False,53,0.0,hold,,,
https://poki.com/en/g/diy-world-fashion,DIY World Fashion,dress up games,category,False,53,0.0,hold,,,
https://poki.com/en/g/diy-world-fashion,DIY World Fashion,puzzle games,category,False,53,0.0,hold,,,
https://poki.com/en/g/diy-world-fashion,DIY World Fashion,how to play diy world fashion,long_tail,False,53,0.0,hold,,,
https://poki.com/en/g/diy-world-fashion,DIY World Fashion,diy world fashion controls,long_tail,False,53,0.0,hold,,,
https://poki.com/en/g/diy-world-fashion,DIY World Fashion,games like diy world fashion,long_tail,False,53,0.0,hold,,,
https://poki.com/en/g/diy-world-fashion,DIY World Fashion,diy world fashion unblocked,long_tail,False,53,0.0,hold,,,
https://poki.com/en/g/mountain-climb-stunt,Mountain Climb Stunt,mountain climb stunt,game_name,True,58,0.17,hold,,,
https://poki.com/en/g/mountain-climb-stunt,Mountain Climb Stunt,play mountain climb stunt online,game_name,False,37,0.67,hold,0.0,0.0,0.0
https://poki.com/en/g/mountain-climb-stunt,Mountain Climb Stunt,mountain climb stunt free,game_name,False,47,0.17,hold,,,
https://poki.com/en/g/mountain-climb-stunt,Mountain Climb Stunt,online clicker games,category,True,58,0.17,hold,,,
https://poki.com/en/g/mountain-climb-stunt,Mountain Climb Stunt,online car games,category,True,58,0.17,hold,,,
https://poki.com/en/g/mountain-climb-stunt,Mountain Climb Stunt,online typing games,category,True,58,0.17,hold,,,
https://poki.com/en/g/mountain-climb-stunt,Mountain Climb Stunt,online driving games,category,True,58,0.17,hold,,,
https://poki.com/en/g/mountain-climb-stunt,Mountain Climb Stunt,dress up games,category,True,58,0.17,hold,,,
https://poki.com/en/g/mountain-climb-stunt,Mountain Climb Stunt,puzzle games,category,True,58,0.17,hold,,,
https://poki.com/en/g/mountain-climb-stunt,Mountain Climb Stunt,online soccer games,category,True,58,0.17,hold,,,
https://poki.com/en/g/mountain-climb-stunt,Mountain Climb Stunt,how to play mountain climb stunt,long_tail,False,47,0.0,hold,,,
https://poki.com/en/g/mountain-climb-stunt,Mountain Climb Stunt,mountain climb stunt controls,long_tail,False,47,0.0,hold,,,
https://poki.com/en/g/mountain-climb-stunt,Mountain Climb Stunt,games like mountain climb stunt,long_tail,False,47,0.0,hold,,,
https://poki.com/en/g/mountain-climb-stunt,Mountain Climb Stunt,mountain climb stunt unblocked,long_tail,False,47,0.0,hold,,,
https://poki.com/en/g/blockcraft,BlockCraft,blockcraft,game_name,True,70,0.67,watch,46.5,21.0,15.76923076923077
https://poki.com/en/g/blockcraft,BlockCraft,play blockcraft online,game_name,False,47,0.17,hold,,,
https://poki.com/en/g/blockcraft,BlockCraft,blockcraft free,game_name,False,47,0.17,hold,,,
https://poki.com/en/g/blockcraft,BlockCraft,online adventure games,category,True,58,0.17,hold,,,
https://poki.com/en/g/blockcraft,BlockCraft,online block games,category,True,58,0.17,hold,,,
https://poki.com/en/g/blockcraft,BlockCraft,online survival games,category,True,58,0.17,hold,,,
https://poki.com/en/g/blockcraft,BlockCraft,online 3d games,category,True,58,0.17,hold,,,
https://poki.com/en/g/blockcraft,BlockCraft,online mobile games,category,True,58,0.17,hold,,,
https://poki.com/en/g/blockcraft,BlockCraft,online boxing games,category,True,58,0.17,hold,,,
https://poki.com/en/g/blockcraft,BlockCraft,online shooting games,category,True,58,0.17,hold,,,
https://poki.com/en/g/blockcraft,BlockCraft,online popular games,category,False,47,0.0,hold,,,
https://poki.com/en/g/blockcraft,BlockCraft,online action games,category,False,47,0.0,hold,,,
https://poki.com/en/g/blockcraft,BlockCraft,online classic games,category,False,47,0.0,hold,,,
https://poki.com/en/g/blockcraft,BlockCraft,dress up games,category,False,47,0.0,hold,,,
https://poki.com/en/g/blockcraft,BlockCraft,puzzle games,category,False,47,0.0,hold,,,
https://poki.com/en/g/blockcraft,BlockCraft,how to play blockcraft,long_tail,False,47,0.0,hold,,,
https://poki.com/en/g/blockcraft,BlockCraft,blockcraft controls,long_tail,False,47,0.0,hold,,,
https://poki.com/en/g/blockcraft,BlockCraft,games like blockcraft,long_tail,False,47,0.0,hold,,,
https://poki.com/en/g/blockcraft,BlockCraft,blockcraft unblocked,long_tail,False,47,0.0,hold,,,
https://poki.com/en/g/critters-puzzle,Critters Puzzle,critters puzzle,game_name,True,52,0.67,hold,6.5,5.0,1.9230769230769231
https://poki.com/en/g/critters-puzzle,Critters Puzzle,play critters puzzle online,game_name,False,48,0.17,hold,,,
https://poki.com/en/g/critters-puzzle,Critters Puzzle,critters puzzle free,game_name,False,48,0.17,hold,,,
https://poki.com/en/g/critters-puzzle,Critters Puzzle,online animal games,category,True,59,0.17,hold,,,
https://poki.com/en/g/critters-puzzle,Critters Puzzle,online jigsaw puzzle games,category,True,59,0.17,hold,,,
https://poki.com/en/g/critters-puzzle,Critters Puzzle,online puzzle games,category,True,59,0.17,hold,,,
https://poki.com/en/g/critters-puzzle,Critters Puzzle,online horse games,category,True,59,0.17,hold,,,
https://poki.com/en/g/critters-puzzle,Critters Puzzle,online popular games,category,True,59,0.17,hold,,,
https://poki.com/en/g/critters-puzzle,Critters Puzzle,online block games,category,True,59,0.17,hold,,,
https://poki.com/en/g/critters-puzzle,Critters Puzzle,online music games,category,True,59,0.17,hold,,,
https://poki.com/en/g/critters-puzzle,Critters Puzzle,online word games,category,False,48,0.0,hold,,,
https://poki.com/en/g/critters-puzzle,Critters Puzzle,puzzle games,category,False,48,0.0,hold,,,
https://poki.com/en/g/critters-puzzle,Critters Puzzle,dress up games,category,False,48,0.0,hold,,,
https://poki.com/en/g/critters-puzzle,Critters Puzzle,online soccer games,category,False,48,0.0,hold,,,
https://poki.com/en/g/critters-puzzle,Critters Puzzle,merge games,category,False,48,0.0,hold,,,
https://poki.com/en/g/critters-puzzle,Critters Puzzle,how to play critters puzzle,long_tail,False,48,0.0,hold,,,
https://poki.com/en/g/critters-puzzle,Critters Puzzle,critters puzzle controls,long_tail,False,48,0.0,hold,,,
https://poki.com/en/g/critters-puzzle,Critters Puzzle,games like critters puzzle,long_tail,False,48,0.0,hold,,,
https://poki.com/en/g/critters-puzzle,Critters Puzzle,critters puzzle unblocked,long_tail,False,48,0.0,hold,,,
https://poki.com/en/g/brainrot-miner,Brainrot Miner,brainrot miner,game_name,True,54,0.17,hold,,,
https://poki.com/en/g/brainrot-miner,Brainrot Miner,play brainrot miner online,game_name,False,33,0.67,ignore,0.0,0.0,0.0
https://poki.com/en/g/brainrot-miner,Brainrot Miner,brainrot miner free,game_name,False,43,0.17,hold,,,
https://poki.com/en/g/brainrot-miner,Brainrot Miner,online brainrot games,category,True,54,0.17,hold,,,
https://poki.com/en/g/brainrot-miner,Brainrot Miner,online shooting games,category,True,54,0.17,hold,,,
https://poki.com/en/g/brainrot-miner,Brainrot Miner,online simulation games,category,True,54,0.17,hold,,,
https://poki.com/en/g/brainrot-miner,Brainrot Miner,online 3d games,category,True,54,0.17,hold,,,
https://poki.com/en/g/brainrot-miner,Brainrot Miner,online adventure games,category,True,54,0.17,hold,,,
https://poki.com/en/g/brainrot-miner,Brainrot Miner,online maze games,category,True,54,0.17,hold,,,
https://poki.com/en/g/brainrot-miner,Brainrot Miner,online horror games,category,True,54,0.17,hold,,,
https://poki.com/en/g/brainrot-miner,Brainrot Miner,merge games,category,False,43,0.0,hold,,,
https://poki.com/en/g/brainrot-miner,Brainrot Miner,puzzle games,category,False,43,0.0,hold,,,
https://poki.com/en/g/brainrot-miner,Brainrot Miner,idle games,category,False,43,0.0,hold,,,
https://poki.com/en/g/brainrot-miner,Brainrot Miner,dress up games,category,False,43,0.0,hold,,,
https://poki.com/en/g/brainrot-miner,Brainrot Miner,how to play brainrot miner,long_tail,False,43,0.0,hold,,,
https://poki.com/en/g/brainrot-miner,Brainrot Miner,brainrot miner controls,long_tail,False,43,0.0,hold,,,
https://poki.com/en/g/brainrot-miner,Brainrot Miner,games like brainrot miner,long_tail,False,43,0.0,hold,,,
https://poki.com/en/g/brainrot-miner,Brainrot Miner,brainrot miner unblocked,long_tail,False,43,0.0,hold,,,
https://poki.com/en/g/strideflare,Strideflare,strideflare,game_name,False,44,0.17,hold,,,
https://poki.com/en/g/strideflare,Strideflare,play strideflare online,game_name,False,44,0.17,hold,,,
https://poki.com/en/g/strideflare,Strideflare,strideflare free,game_name,False,33,0.67,ignore,0.0,0.0,0.0
https://poki.com/en/g/strideflare,Strideflare,online first person shooter games,category,True,55,0.17,hold,,,
https://poki.com/en/g/strideflare,Strideflare,online shooting games,category,True,55,0.17,hold,,,
https://poki.com/en/g/strideflare,Strideflare,online gun games,category,True,55,0.17,hold,,,
https://poki.com/en/g/strideflare,Strideflare,online hunting games,category,True,55,0.17,hold,,,
https://poki.com/en/g/strideflare,Strideflare,online zombie games,category,True,55,0.17,hold,,,
https://poki.com/en/g/strideflare,Strideflare,online car games,category,True,55,0.17,hold,,,
https://poki.com/en/g/strideflare,Strideflare,online action games,category,True,55,0.17,hold,,,
https://poki.com/en/g/strideflare,Strideflare,online driving games,category,False,44,0.0,hold,,,
https://poki.com/en/g/strideflare,Strideflare,online strategy games,category,False,44,0.0,hold,,,
https://poki.com/en/g/strideflare,Strideflare,online classic games,category,False,44,0.0,hold,,,
https://poki.com/en/g/strideflare,Strideflare,online platform games,category,False,44,0.0,hold,,,
https://poki.com/en/g/strideflare,Strideflare,online soccer games,category,False,44,0.0,hold,,,
https://poki.com/en/g/strideflare,Strideflare,merge games,category,False,44,0.0,hold,,,
https://poki.com/en/g/strideflare,Strideflare,how to play strideflare,long_tail,False,44,0.0,hold,,,
https://poki.com/en/g/strideflare,Strideflare,strideflare controls,long_tail,False,44,0.0,hold,,,
https://poki.com/en/g/strideflare,Strideflare,games like strideflare,long_tail,False,44,0.0,hold,,,
https://poki.com/en/g/strideflare,Strideflare,strideflare unblocked,long_tail,False,44,0.0,hold,,,
https://poki.com/en/g/combat-strike,Combat Strike,combat strike,game_name,True,64,0.67,watch,42.0,47.4,52.0
https://poki.com/en/g/combat-strike,Combat Strike,play combat strike online,game_name,False,51,0.17,hold,,,
https://poki.com/en/g/combat-strike,Combat Strike,combat strike free,game_name,False,45,0.67,hold,12.5,6.0,10.0
https://poki.com/en/g/combat-strike,Combat Strike,online shooting games,category,True,62,0.17,hold,,,
https://poki.com/en/g/combat-strike,Combat Strike,online car games,category,True,62,0.17,hold,,,
https://poki.com/en/g/combat-strike,Combat Strike,online 2 player games,category,True,62,0.17,hold,,,
https://poki.com/en/g/combat-strike,Combat Strike,online action games,category,True,62,0.17,hold,,,
https://poki.com/en/g/combat-strike,Combat Strike,online skill games,category,True,62,0.17,hold,,,
https://poki.com/en/g/combat-strike,Combat Strike,online multiplayer games,category,True,62,0.17,hold,,,
https://poki.com/en/g/combat-strike,Combat Strike,online adventure games,category,True,62,0.17,hold,,,
https://poki.com/en/g/combat-strike,Combat Strike,dress up games,category,False,51,0.0,hold,,,
https://poki.com/en/g/combat-strike,Combat Strike,puzzle games,category,False,51,0.0,hold,,,
https://poki.com/en/g/combat-strike,Combat Strike,online soccer games,category,False,51,0.0,hold,,,
https://poki.com/en/g/combat-strike,Combat Strike,how to play combat strike,long_tail,False,51,0.0,hold,,,
https://poki.com/en/g/combat-strike,Combat Strike,combat strike controls,long_tail,False,51,0.0,hold,,,
https://poki.com/en/g/combat-strike,Combat Strike,games like combat strike,long_tail,False,51,0.0,hold,,,
https://poki.com/en/g/combat-strike,Combat Strike,combat strike unblocked,long_tail,False,51,0.0,hold,,,
https://poki.com/en/g/hole-rumble,Hole Rumble,hole rumble,game_name,False,46,0.67,hold,11.0,4.4,1.6923076923076923
https://poki.com/en/g/hole-rumble,Hole Rumble,play hole rumble online,game_name,False,51,0.17,hold,,,
https://poki.com/en/g/hole-rumble,Hole Rumble,hole rumble free,game_name,False,40,0.67,hold,0.0,0.0,0.0
https://poki.com/en/g/hole-rumble,Hole Rumble,online shooting games,category,True,62,0.17,hold,,,
https://poki.com/en/g/hole-rumble,Hole Rumble,online car games,category,True,62,0.17,hold,,,
https://poki.com/en/g/hole-rumble,Hole Rumble,online 2 player games,category,True,62,0.17,hold,,,
https://poki.com/en/g/hole-rumble,Hole Rumble,online action games,category,True,62,0.17,hold,,,
https://poki.com/en/g/hole-rumble,Hole Rumble,online skill games,category,True,62,0.17,hold,,,
https://poki.com/en/g/hole-rumble,Hole Rumble,online multiplayer games,category,True,62,0.17,hold,,,
https://poki.com/en/g/hole-rumble,Hole Rumble,online adventure games,category,True,62,0.17,hold,,,
https://poki.com/en/g/hole-rumble,Hole Rumble,dress up games,category,False,51,0.0,hold,,,
https://poki.com/en/g/hole-rumble,Hole Rumble,puzzle games,category,False,51,0.0,hold,,,
https://poki.com/en/g/hole-rumble,Hole Rumble,online soccer games,category,False,51,0.0,hold,,,
https://poki.com/en/g/hole-rumble,Hole Rumble,how to play hole rumble,long_tail,False,51,0.0,hold,,,
https://poki.com/en/g/hole-rumble,Hole Rumble,hole rumble controls,long_tail,False,51,0.0,hold,,,
https://poki.com/en/g/hole-rumble,Hole Rumble,games like hole rumble,long_tail,False,51,0.0,hold,,,
https://poki.com/en/g/hole-rumble,Hole Rumble,hole rumble unblocked,long_tail,False,51,0.0,hold,,,
https://poki.com/en/g/yarn-fever-unravel-puzzle,Yarn Fever! Unravel Puzzle,yarn fever! unravel puzzle,game_name,False,40,0.67,hold,0.0,0.0,0.0
https://poki.com/en/g/yarn-fever-unravel-puzzle,Yarn Fever! Unravel Puzzle,play yarn fever! unravel puzzle online,game_name,False,51,0.17,hold,,,
https://poki.com/en/g/yarn-fever-unravel-puzzle,Yarn Fever! Unravel Puzzle,yarn fever! unravel puzzle free,game_name,False,40,0.67,hold,0.0,0.0,0.0
https://poki.com/en/g/yarn-fever-unravel-puzzle,Yarn Fever! Unravel Puzzle,online shooting games,category,True,62,0.17,hold,,,
https://poki.com/en/g/yarn-fever-unravel-puzzle,Yarn Fever! Unravel Puzzle,online car games,category,True,62,0.17,hold,,,
https://poki.com/en/g/yarn-fever-unravel-puzzle,Yarn Fever! Unravel Puzzle,online 2 player games,category,True,62,0.17,hold,,,
https://poki.com/en/g/yarn-fever-unravel-puzzle,Yarn Fever! Unravel Puzzle,online action games,category,True,62,0.17,hold,,,
https://poki.com/en/g/yarn-fever-unravel-puzzle,Yarn Fever! Unravel Puzzle,online skill games,category,True,62,0.17,hold,,,
https://poki.com/en/g/yarn-fever-unravel-puzzle,Yarn Fever! Unravel Puzzle,online multiplayer games,category,True,62,0.17,hold,,,
https://poki.com/en/g/yarn-fever-unravel-puzzle,Yarn Fever! Unravel Puzzle,online adventure games,category,True,62,0.17,hold,,,
https://poki.com/en/g/yarn-fever-unravel-puzzle,Yarn Fever! Unravel Puzzle,puzzle games,category,False,51,0.0,hold,,,
https://poki.com/en/g/yarn-fever-unravel-puzzle,Yarn Fever! Unravel Puzzle,dress up games,category,False,51,0.0,hold,,,
https://poki.com/en/g/yarn-fever-unravel-puzzle,Yarn Fever! Unravel Puzzle,online soccer games,category,False,51,0.0,hold,,,
https://poki.com/en/g/yarn-fever-unravel-puzzle,Yarn Fever! Unravel Puzzle,how to play yarn fever! unravel puzzle,long_tail,False,51,0.0,hold,,,
https://poki.com/en/g/yarn-fever-unravel-puzzle,Yarn Fever! Unravel Puzzle,yarn fever! unravel puzzle controls,long_tail,False,51,0.0,hold,,,
https://poki.com/en/g/yarn-fever-unravel-puzzle,Yarn Fever! Unravel Puzzle,games like yarn fever! unravel puzzle,long_tail,False,51,0.0,hold,,,
https://poki.com/en/g/yarn-fever-unravel-puzzle,Yarn Fever! Unravel Puzzle,yarn fever! unravel puzzle unblocked,long_tail,False,51,0.0,hold,,,
https://poki.com/en/g/supercars-city,Supercars City,supercars city,game_name,False,47,0.67,hold,10.5,4.2,1.6153846153846154
https://poki.com/en/g/supercars-city,Supercars City,play supercars city online,game_name,False,52,0.17,hold,,,
https://poki.com/en/g/supercars-city,Supercars City,supercars city free,game_name,False,52,0.17,hold,,,
https://poki.com/en/g/supercars-city,Supercars City,online car games,category,True,63,0.17,hold,,,
https://poki.com/en/g/supercars-city,Supercars City,online driving games,category,True,63,0.17,hold,,,
https://poki.com/en/g/supercars-city,Supercars City,online racing games,category,True,63,0.17,hold,,,
https://poki.com/en/g/supercars-city,Supercars City,online shooting games,category,True,63,0.17,hold,,,
https://poki.com/en/g/supercars-city,Supercars City,online mouse games,category,True,63,0.17,hold,,,
https://poki.com/en/g/supercars-city,Supercars City,online arcade games,category,True,63,0.17,hold,,,
https://poki.com/en/g/supercars-city,Supercars City,online popular games,category,True,63,0.17,hold,,,
https://poki.com/en/g/supercars-city,Supercars City,online escape games,category,False,52,0.0,hold,,,
https://poki.com/en/g/supercars-city,Supercars City,online skill games,category,False,52,0.0,hold,,,
https://poki.com/en/g/supercars-city,Supercars City,online world cup games,category,False,52,0.0,hold,,,
https://poki.com/en/g/supercars-city,Supercars City,puzzle games,category,False,52,0.0,hold,,,
https://poki.com/en/g/supercars-city,Supercars City,dress up games,category,False,52,0.0,hold,,,
https://poki.com/en/g/supercars-city,Supercars City,online soccer games,category,False,52,0.0,hold,,,
https://poki.com/en/g/supercars-city,Supercars City,how to play supercars city,long_tail,False,52,0.0,hold,,,
https://poki.com/en/g/supercars-city,Supercars City,supercars city controls,long_tail,False,52,0.0,hold,,,
https://poki.com/en/g/supercars-city,Supercars City,games like supercars city,long_tail,False,52,0.0,hold,,,
https://poki.com/en/g/supercars-city,Supercars City,supercars city unblocked,long_tail,False,52,0.0,hold,,,
https://poki.com/en/g/ghost-rush,Ghost Rush,ghost rush,game_name,True,58,0.67,watch,32.5,40.4,42.07692307692308
https://poki.com/en/g/ghost-rush,Ghost Rush,play ghost rush online,game_name,False,48,0.17,hold,,,
https://poki.com/en/g/ghost-rush,Ghost Rush,ghost rush free,game_name,False,48,0.17,hold,,,
https://poki.com/en/g/ghost-rush,Ghost Rush,online farm games,category,True,59,0.17,hold,,,
https://poki.com/en/g/ghost-rush,Ghost Rush,online mobile games,category,True,59,0.17,hold,,,
https://poki.com/en/g/ghost-rush,Ghost Rush,online shooting games,category,True,59,0.17,hold,,,
https://poki.com/en/g/ghost-rush,Ghost Rush,online 2 player games,category,True,59,0.17,hold,,,
https://poki.com/en/g/ghost-rush,Ghost Rush,online multiplayer games,category,True,59,0.17,hold,,,
https://poki.com/en/g/ghost-rush,Ghost Rush,puzzle games,category,True,59,0.17,hold,,,
https://poki.com/en/g/ghost-rush,Ghost Rush,dress up games,category,True,59,0.17,hold,,,
https://poki.com/en/g/ghost-rush,Ghost Rush,online soccer games,category,False,48,0.0,hold,,,
https://poki.com/en/g/ghost-rush,Ghost Rush,how to play ghost rush,long_tail,False,48,0.0,hold,,,
https://poki.com/en/g/ghost-rush,Ghost Rush,ghost rush controls,long_tail,False,48,0.0,hold,,,
https://poki.com/en/g/ghost-rush,Ghost Rush,games like ghost rush,long_tail,False,48,0.0,hold,,,
https://poki.com/en/g/ghost-rush,Ghost Rush,ghost rush unblocked,long_tail,False,48,0.0,hold,,,
https://poki.com/en/g/sling-star-kick,Sling Star Kick,sling star kick,game_name,False,43,0.17,hold,,,
https://poki.com/en/g/sling-star-kick,Sling Star Kick,play sling star kick online,game_name,False,43,0.17,hold,,,
https://poki.com/en/g/sling-star-kick,Sling Star Kick,sling star kick free,game_name,False,43,0.17,hold,,,
https://poki.com/en/g/sling-star-kick,Sling Star Kick,online soccer games,category,True,54,0.17,hold,,,
https://poki.com/en/g/sling-star-kick,Sling Star Kick,online 3d games,category,True,54,0.17,hold,,,
https://poki.com/en/g/sling-star-kick,Sling Star Kick,online first person shooter games,category,True,54,0.17,hold,,,
https://poki.com/en/g/sling-star-kick,Sling Star Kick,online penalty games,category,True,54,0.17,hold,,,
https://poki.com/en/g/sling-star-kick,Sling Star Kick,online world cup games,category,True,54,0.17,hold,,,
https://poki.com/en/g/sling-star-kick,Sling Star Kick,online fighting games,category,True,54,0.17,hold,,,
https://poki.com/en/g/sling-star-kick,Sling Star Kick,online sports games,category,True,54,0.17,hold,,,
https://poki.com/en/g/sling-star-kick,Sling Star Kick,online ball games,category,False,43,0.0,hold,,,
https://poki.com/en/g/sling-star-kick,Sling Star Kick,online matching games,category,False,43,0.0,hold,,,
https://poki.com/en/g/sling-star-kick,Sling Star Kick,online snake games,category,False,43,0.0,hold,,,
https://poki.com/en/g/sling-star-kick,Sling Star Kick,online slime games,category,False,43,0.0,hold,,,
https://poki.com/en/g/sling-star-kick,Sling Star Kick,puzzle games,category,False,43,0.0,hold,,,
https://poki.com/en/g/sling-star-kick,Sling Star Kick,dress up games,category,False,43,0.0,hold,,,
https://poki.com/en/g/sling-star-kick,Sling Star Kick,how to play sling star kick,long_tail,False,43,0.0,hold,,,
https://poki.com/en/g/sling-star-kick,Sling Star Kick,sling star kick controls,long_tail,False,43,0.0,hold,,,
https://poki.com/en/g/sling-star-kick,Sling Star Kick,games like sling star kick,long_tail,False,43,0.0,hold,,,
https://poki.com/en/g/sling-star-kick,Sling Star Kick,sling star kick unblocked,long_tail,False,43,0.0,hold,,,
https://poki.com/en/g/go-chess,Go Chess,go chess,game_name,True,66,0.67,watch,49.0,48.8,57.61538461538461
https://poki.com/en/g/go-chess,Go Chess,play go chess online,game_name,False,66,0.67,watch,50.0,20.0,7.6923076923076925
https://poki.com/en/g/go-chess,Go Chess,go chess free,game_name,False,43,0.67,hold,8.5,7.4,14.23076923076923
https://poki.com/en/g/go-chess,Go Chess,online shooting games,category,True,62,0.17,hold,,,
https://poki.com/en/g/go-chess,Go Chess,online car games,category,True,62,0.17,hold,,,
https://poki.com/en/g/go-chess,Go Chess,online 2 player games,category,True,62,0.17,hold,,,
https://poki.com/en/g/go-chess,Go Chess,online action games,category,True,62,0.17,hold,,,
https://poki.com/en/g/go-chess,Go Chess,online skill games,category,True,62,0.17,hold,,,
https://poki.com/en/g/go-chess,Go Chess,online multiplayer games,category,True,62,0.17,hold,,,
https://poki.com/en/g/go-chess,Go Chess,online adventure games,category,True,62,0.17,hold,,,
https://poki.com/en/g/go-chess,Go Chess,dress up games,category,False,51,0.0,hold,,,
https://poki.com/en/g/go-chess,Go Chess,puzzle games,category,False,51,0.0,hold,,,
https://poki.com/en/g/go-chess,Go Chess,online soccer games,category,False,51,0.0,hold,,,
https://poki.com/en/g/go-chess,Go Chess,how to play go chess,long_tail,False,51,0.0,hold,,,
https://poki.com/en/g/go-chess,Go Chess,go chess controls,long_tail,False,51,0.0,hold,,,
https://poki.com/en/g/go-chess,Go Chess,games like go chess,long_tail,False,51,0.0,hold,,,
https://poki.com/en/g/go-chess,Go Chess,go chess unblocked,long_tail,False,51,0.0,hold,,,
https://poki.com/en/g/merge-and-raid,Merge and Raid,merge and raid,game_name,False,66,0.67,watch,50.0,20.0,7.6923076923076925
https://poki.com/en/g/merge-and-raid,Merge and Raid,play merge and raid online,game_name,False,41,0.67,hold,0.0,0.0,0.0
https://poki.com/en/g/merge-and-raid,Merge and Raid,merge and raid free,game_name,False,51,0.17,hold,,,
https://poki.com/en/g/merge-and-raid,Merge and Raid,online shooting games,category,True,62,0.17,hold,,,
https://poki.com/en/g/merge-and-raid,Merge and Raid,online car games,category,True,62,0.17,hold,,,
https://poki.com/en/g/merge-and-raid,Merge and Raid,online 2 player games,category,True,62,0.17,hold,,,
https://poki.com/en/g/merge-and-raid,Merge and Raid,online action games,category,True,62,0.17,hold,,,
https://poki.com/en/g/merge-and-raid,Merge and Raid,online skill games,category,True,62,0.17,hold,,,
https://poki.com/en/g/merge-and-raid,Merge and Raid,online multiplayer games,category,True,62,0.17,hold,,,
https://poki.com/en/g/merge-and-raid,Merge and Raid,online adventure games,category,True,62,0.17,hold,,,
https://poki.com/en/g/merge-and-raid,Merge and Raid,merge games,category,False,51,0.0,hold,,,
https://poki.com/en/g/merge-and-raid,Merge and Raid,dress up games,category,False,51,0.0,hold,,,
https://poki.com/en/g/merge-and-raid,Merge and Raid,puzzle games,category,False,51,0.0,hold,,,
https://poki.com/en/g/merge-and-raid,Merge and Raid,online soccer games,category,False,51,0.0,hold,,,
https://poki.com/en/g/merge-and-raid,Merge and Raid,how to play merge and raid,long_tail,False,51,0.0,hold,,,
https://poki.com/en/g/merge-and-raid,Merge and Raid,merge and raid controls,long_tail,False,51,0.0,hold,,,
https://poki.com/en/g/merge-and-raid,Merge and Raid,games like merge and raid,long_tail,False,51,0.0,hold,,,
https://poki.com/en/g/merge-and-raid,Merge and Raid,merge and raid unblocked,long_tail,False,51,0.0,hold,,,
https://poki.com/en/g/aquaparkio,Aquapark.io,aquapark.io,game_name,True,58,0.67,watch,15.0,7.8,10.692307692307692
https://poki.com/en/g/aquaparkio,Aquapark.io,play aquapark.io online,game_name,False,52,0.17,hold,,,
https://poki.com/en/g/aquaparkio,Aquapark.io,aquapark.io free,game_name,False,52,0.17,hold,,,
https://poki.com/en/g/aquaparkio,Aquapark.io,online shooting games,category,True,63,0.17,hold,,,
https://poki.com/en/g/aquaparkio,Aquapark.io,online car games,category,True,63,0.17,hold,,,
https://poki.com/en/g/aquaparkio,Aquapark.io,online 2 player games,category,True,63,0.17,hold,,,
https://poki.com/en/g/aquaparkio,Aquapark.io,online action games,category,True,63,0.17,hold,,,
https://poki.com/en/g/aquaparkio,Aquapark.io,online skill games,category,True,63,0.17,hold,,,
https://poki.com/en/g/aquaparkio,Aquapark.io,online multiplayer games,category,True,63,0.17,hold,,,
https://poki.com/en/g/aquaparkio,Aquapark.io,online adventure games,category,True,63,0.17,hold,,,
https://poki.com/en/g/aquaparkio,Aquapark.io,dress up games,category,False,52,0.0,hold,,,
https://poki.com/en/g/aquaparkio,Aquapark.io,puzzle games,category,False,52,0.0,hold,,,
https://poki.com/en/g/aquaparkio,Aquapark.io,online soccer games,category,False,52,0.0,hold,,,
https://poki.com/en/g/aquaparkio,Aquapark.io,how to play aquapark.io,long_tail,False,52,0.0,hold,,,
https://poki.com/en/g/aquaparkio,Aquapark.io,aquapark.io controls,long_tail,False,52,0.0,hold,,,
https://poki.com/en/g/aquaparkio,Aquapark.io,games like aquapark.io,long_tail,False,52,0.0,hold,,,
https://poki.com/en/g/aquaparkio,Aquapark.io,aquapark.io unblocked,long_tail,False,52,0.0,hold,,,
https://poki.com/en/g/slime-slice,Slime Slice,slime slice,game_name,True,57,0.67,watch,12.5,9.4,3.6153846153846154
https://poki.com/en/g/slime-slice,Slime Slice,play slime slice online,game_name,False,51,0.17,hold,,,
https://poki.com/en/g/slime-slice,Slime Slice,slime slice free,game_name,False,66,0.67,watch,50.0,20.0,7.6923076923076925
https://poki.com/en/g/slime-slice,Slime Slice,online shooting games,category,True,62,0.17,hold,,,
https://poki.com/en/g/slime-slice,Slime Slice,online car games,category,True,62,0.17,hold,,,
https://poki.com/en/g/slime-slice,Slime Slice,online 2 player games,category,True,62,0.17,hold,,,
https://poki.com/en/g/slime-slice,Slime Slice,online action games,category,True,62,0.17,hold,,,
https://poki.com/en/g/slime-slice,Slime Slice,online skill games,category,True,62,0.17,hold,,,
https://poki.com/en/g/slime-slice,Slime Slice,online multiplayer games,category,True,62,0.17,hold,,,
https://poki.com/en/g/slime-slice,Slime Slice,online adventure games,category,True,62,0.17,hold,,,
https://poki.com/en/g/slime-slice,Slime Slice,dress up games,category,False,51,0.0,hold,,,
https://poki.com/en/g/slime-slice,Slime Slice,puzzle games,category,False,51,0.0,hold,,,
https://poki.com/en/g/slime-slice,Slime Slice,online soccer games,category,False,51,0.0,hold,,,
https://poki.com/en/g/slime-slice,Slime Slice,how to play slime slice,long_tail,False,51,0.0,hold,,,
https://poki.com/en/g/slime-slice,Slime Slice,slime slice controls,long_tail,False,51,0.0,hold,,,
https://poki.com/en/g/slime-slice,Slime Slice,games like slime slice,long_tail,False,51,0.0,hold,,,
https://poki.com/en/g/slime-slice,Slime Slice,slime slice unblocked,long_tail,False,51,0.0,hold,,,
https://poki.com/en/g/car-transform-race,Car Transform Race,car transform race,game_name,True,74,0.67,watch,50.0,34.8,13.384615384615385
https://poki.com/en/g/car-transform-race,Car Transform Race,play car transform race online,game_name,False,51,0.17,hold,,,
https://poki.com/en/g/car-transform-race,Car Transform Race,car transform race free,game_name,False,40,0.67,hold,0.0,20.0,7.6923076923076925
https://poki.com/en/g/car-transform-race,Car Transform Race,online shooting games,category,True,62,0.17,hold,,,
https://poki.com/en/g/car-transform-race,Car Transform Race,online car games,category,True,62,0.17,hold,,,
https://poki.com/en/g/car-transform-race,Car Transform Race,online 2 player games,category,True,62,0.17,hold,,,
https://poki.com/en/g/car-transform-race,Car Transform Race,online action games,category,True,62,0.17,hold,,,
https://poki.com/en/g/car-transform-race,Car Transform Race,online skill games,category,True,62,0.17,hold,,,
https://poki.com/en/g/car-transform-race,Car Transform Race,online multiplayer games,category,True,62,0.17,hold,,,
https://poki.com/en/g/car-transform-race,Car Transform Race,online adventure games,category,True,62,0.17,hold,,,
https://poki.com/en/g/car-transform-race,Car Transform Race,dress up games,category,False,51,0.0,hold,,,
https://poki.com/en/g/car-transform-race,Car Transform Race,puzzle games,category,False,51,0.0,hold,,,
https://poki.com/en/g/car-transform-race,Car Transform Race,online soccer games,category,False,51,0.0,hold,,,
https://poki.com/en/g/car-transform-race,Car Transform Race,how to play car transform race,long_tail,False,51,0.0,hold,,,
https://poki.com/en/g/car-transform-race,Car Transform Race,car transform race controls,long_tail,False,51,0.0,hold,,,
https://poki.com/en/g/car-transform-race,Car Transform Race,games like car transform race,long_tail,False,51,0.0,hold,,,
https://poki.com/en/g/car-transform-race,Car Transform Race,car transform race unblocked,long_tail,False,51,0.0,hold,,,
https://poki.com/en/g/pottery-diy,Pottery DIY,pottery diy,game_name,True,56,0.67,watch,16.0,15.0,19.46153846153846
https://poki.com/en/g/pottery-diy,Pottery DIY,play pottery diy online,game_name,False,51,0.17,hold,,,
https://poki.com/en/g/pottery-diy,Pottery DIY,pottery diy free,game_name,False,40,0.67,hold,0.0,0.0,0.0
https://poki.com/en/g/pottery-diy,Pottery DIY,online shooting games,category,True,62,0.17,hold,,,
https://poki.com/en/g/pottery-diy,Pottery DIY,online car games,category,True,62,0.17,hold,,,
https://poki.com/en/g/pottery-diy,Pottery DIY,online 2 player games,category,True,62,0.17,hold,,,
https://poki.com/en/g/pottery-diy,Pottery DIY,online action games,category,True,62,0.17,hold,,,
https://poki.com/en/g/pottery-diy,Pottery DIY,online skill games,category,True,62,0.17,hold,,,
https://poki.com/en/g/pottery-diy,Pottery DIY,online multiplayer games,category,True,62,0.17,hold,,,
https://poki.com/en/g/pottery-diy,Pottery DIY,online adventure games,category,True,62,0.17,hold,,,
https://poki.com/en/g/pottery-diy,Pottery DIY,dress up games,category,False,51,0.0,hold,,,
https://poki.com/en/g/pottery-diy,Pottery DIY,puzzle games,category,False,51,0.0,hold,,,
https://poki.com/en/g/pottery-diy,Pottery DIY,online soccer games,category,False,51,0.0,hold,,,
https://poki.com/en/g/pottery-diy,Pottery DIY,how to play pottery diy,long_tail,False,51,0.0,hold,,,
https://poki.com/en/g/pottery-diy,Pottery DIY,pottery diy controls,long_tail,False,51,0.0,hold,,,
https://poki.com/en/g/pottery-diy,Pottery DIY,games like pottery diy,long_tail,False,51,0.0,hold,,,
https://poki.com/en/g/pottery-diy,Pottery DIY,pottery diy unblocked,long_tail,False,51,0.0,hold,,,
https://poki.com/en/g/highway-traffic-racer,Highway Traffic Racer,highway traffic racer,game_name,True,68,0.67,watch,40.5,36.2,13.923076923076923
https://poki.com/en/g/highway-traffic-racer,Highway Traffic Racer,play highway traffic racer online,game_name,False,51,0.17,hold,,,
https://poki.com/en/g/highway-traffic-racer,Highway Traffic Racer,highway traffic racer free,game_name,False,51,0.17,hold,,,
https://poki.com/en/g/highway-traffic-racer,Highway Traffic Racer,online shooting games,category,True,62,0.17,hold,,,
https://poki.com/en/g/highway-traffic-racer,Highway Traffic Racer,online car games,category,True,62,0.17,hold,,,
https://poki.com/en/g/highway-traffic-racer,Highway Traffic Racer,online 2 player games,category,True,62,0.17,hold,,,
https://poki.com/en/g/highway-traffic-racer,Highway Traffic Racer,online action games,category,True,62,0.17,hold,,,
https://poki.com/en/g/highway-traffic-racer,Highway Traffic Racer,online skill games,category,True,62,0.17,hold,,,
https://poki.com/en/g/highway-traffic-racer,Highway Traffic Racer,online multiplayer games,category,True,62,0.17,hold,,,
https://poki.com/en/g/highway-traffic-racer,Highway Traffic Racer,online adventure games,category,True,62,0.17,hold,,,
https://poki.com/en/g/highway-traffic-racer,Highway Traffic Racer,dress up games,category,False,51,0.0,hold,,,
https://poki.com/en/g/highway-traffic-racer,Highway Traffic Racer,puzzle games,category,False,51,0.0,hold,,,
https://poki.com/en/g/highway-traffic-racer,Highway Traffic Racer,online soccer games,category,False,51,0.0,hold,,,
https://poki.com/en/g/highway-traffic-racer,Highway Traffic Racer,how to play highway traffic racer,long_tail,False,51,0.0,hold,,,
https://poki.com/en/g/highway-traffic-racer,Highway Traffic Racer,highway traffic racer controls,long_tail,False,51,0.0,hold,,,
https://poki.com/en/g/highway-traffic-racer,Highway Traffic Racer,games like highway traffic racer,long_tail,False,51,0.0,hold,,,
https://poki.com/en/g/highway-traffic-racer,Highway Traffic Racer,highway traffic racer unblocked,long_tail,False,51,0.0,hold,,,
https://poki.com/en/g/bubble-gum,Bubble Gum,bubble gum,game_name,True,67,0.67,watch,53.0,54.0,55.92307692307692
https://poki.com/en/g/bubble-gum,Bubble Gum,play bubble gum online,game_name,False,50,0.17,hold,,,
https://poki.com/en/g/bubble-gum,Bubble Gum,bubble gum free,game_name,True,57,0.67,watch,18.5,19.4,18.615384615384617
https://poki.com/en/g/bubble-gum,Bubble Gum,online shooting games,category,True,62,0.17,hold,,,
https://poki.com/en/g/bubble-gum,Bubble Gum,online car games,category,True,62,0.17,hold,,,
https://poki.com/en/g/bubble-gum,Bubble Gum,online 2 player games,category,True,62,0.17,hold,,,
https://poki.com/en/g/bubble-gum,Bubble Gum,online action games,category,True,62,0.17,hold,,,
https://poki.com/en/g/bubble-gum,Bubble Gum,online skill games,category,True,62,0.17,hold,,,
https://poki.com/en/g/bubble-gum,Bubble Gum,online multiplayer games,category,True,62,0.17,hold,,,
https://poki.com/en/g/bubble-gum,Bubble Gum,online adventure games,category,True,62,0.17,hold,,,
https://poki.com/en/g/bubble-gum,Bubble Gum,dress up games,category,False,50,0.0,hold,,,
https://poki.com/en/g/bubble-gum,Bubble Gum,puzzle games,category,False,50,0.0,hold,,,
https://poki.com/en/g/bubble-gum,Bubble Gum,online soccer games,category,False,50,0.0,hold,,,
https://poki.com/en/g/bubble-gum,Bubble Gum,how to play bubble gum,long_tail,False,50,0.0,hold,,,
https://poki.com/en/g/bubble-gum,Bubble Gum,bubble gum controls,long_tail,False,50,0.0,hold,,,
https://poki.com/en/g/bubble-gum,Bubble Gum,games like bubble gum,long_tail,False,50,0.0,hold,,,
https://poki.com/en/g/bubble-gum,Bubble Gum,bubble gum unblocked,long_tail,False,50,0.0,hold,,,
https://poki.com/en/g/jigsaw-journey,Jigsaw Journey,jigsaw journey,game_name,True,52,0.67,hold,1.5,1.2,0.46153846153846156
https://poki.com/en/g/jigsaw-journey,Jigsaw Journey,play jigsaw journey online,game_name,False,50,0.17,hold,,,
https://poki.com/en/g/jigsaw-journey,Jigsaw Journey,jigsaw journey free,game_name,False,50,0.17,hold,,,
https://poki.com/en/g/jigsaw-journey,Jigsaw Journey,online shooting games,category,True,62,0.17,hold,,,
https://poki.com/en/g/jigsaw-journey,Jigsaw Journey,online car games,category,True,62,0.17,hold,,,
https://poki.com/en/g/jigsaw-journey,Jigsaw Journey,online 2 player games,category,True,62,0.17,hold,,,
https://poki.com/en/g/jigsaw-journey,Jigsaw Journey,online action games,category,True,62,0.17,hold,,,
https://poki.com/en/g/jigsaw-journey,Jigsaw Journey,online skill games,category,True,62,0.17,hold,,,
https://poki.com/en/g/jigsaw-journey,Jigsaw Journey,online multiplayer games,category,True,62,0.17,hold,,,
https://poki.com/en/g/jigsaw-journey,Jigsaw Journey,online adventure games,category,True,62,0.17,hold,,,
https://poki.com/en/g/jigsaw-journey,Jigsaw Journey,dress up games,category,False,50,0.0,hold,,,
https://poki.com/en/g/jigsaw-journey,Jigsaw Journey,puzzle games,category,False,50,0.0,hold,,,
https://poki.com/en/g/jigsaw-journey,Jigsaw Journey,online soccer games,category,False,50,0.0,hold,,,
https://poki.com/en/g/jigsaw-journey,Jigsaw Journey,how to play jigsaw journey,long_tail,False,50,0.0,hold,,,
https://poki.com/en/g/jigsaw-journey,Jigsaw Journey,jigsaw journey controls,long_tail,False,50,0.0,hold,,,
https://poki.com/en/g/jigsaw-journey,Jigsaw Journey,games like jigsaw journey,long_tail,False,50,0.0,hold,,,
https://poki.com/en/g/jigsaw-journey,Jigsaw Journey,jigsaw journey unblocked,long_tail,False,50,0.0,hold,,,
https://poki.com/en/g/matrushka-merge,Matrushka Merge,matrushka merge,game_name,False,45,0.17,hold,,,
https://poki.com/en/g/matrushka-merge,Matrushka Merge,play matrushka merge online,game_name,False,45,0.17,hold,,,
https://poki.com/en/g/matrushka-merge,Matrushka Merge,matrushka merge free,game_name,False,45,0.17,hold,,,
https://poki.com/en/g/matrushka-merge,Matrushka Merge,online cat games,category,True,56,0.17,hold,,,
https://poki.com/en/g/matrushka-merge,Matrushka Merge,online color games,category,True,56,0.17,hold,,,
https://poki.com/en/g/matrushka-merge,Matrushka Merge,online matching games,category,True,56,0.17,hold,,,
https://poki.com/en/g/matrushka-merge,Matrushka Merge,online merge games,category,True,56,0.17,hold,,,
https://poki.com/en/g/matrushka-merge,Matrushka Merge,online simulation games,category,True,56,0.17,hold,,,
https://poki.com/en/g/matrushka-merge,Matrushka Merge,online puzzle games,category,True,56,0.17,hold,,,
https://poki.com/en/g/matrushka-merge,Matrushka Merge,merge games,category,True,56,0.17,hold,,,
https://poki.com/en/g/matrushka-merge,Matrushka Merge,puzzle games,category,False,45,0.0,hold,,,
https://poki.com/en/g/matrushka-merge,Matrushka Merge,how to play matrushka merge,long_tail,False,45,0.0,hold,,,
https://poki.com/en/g/matrushka-merge,Matrushka Merge,matrushka merge controls,long_tail,False,45,0.0,hold,,,
https://poki.com/en/g/matrushka-merge,Matrushka Merge,games like matrushka merge,long_tail,False,45,0.0,hold,,,
https://poki.com/en/g/matrushka-merge,Matrushka Merge,matrushka merge unblocked,long_tail,False,45,0.0,hold,,,
https://poki.com/en/g/zoeys-bag-boutique,Zoey's Bag Boutique,zoey's bag boutique,game_name,False,44,0.17,hold,,,
https://poki.com/en/g/zoeys-bag-boutique,Zoey's Bag Boutique,play zoey's bag boutique online,game_name,False,44,0.17,hold,,,
https://poki.com/en/g/zoeys-bag-boutique,Zoey's Bag Boutique,zoey's bag boutique free,game_name,False,44,0.17,hold,,,
https://poki.com/en/g/zoeys-bag-boutique,Zoey's Bag Boutique,online beauty games,category,True,55,0.17,hold,,,
https://poki.com/en/g/zoeys-bag-boutique,Zoey's Bag Boutique,online fashion games,category,True,55,0.17,hold,,,
https://poki.com/en/g/zoeys-bag-boutique,Zoey's Bag Boutique,online decoration games,category,True,55,0.17,hold,,,
https://poki.com/en/g/zoeys-bag-boutique,Zoey's Bag Boutique,online driving games,category,True,55,0.17,hold,,,
https://poki.com/en/g/zoeys-bag-boutique,Zoey's Bag Boutique,online make up games,category,True,55,0.17,hold,,,
https://poki.com/en/g/zoeys-bag-boutique,Zoey's Bag Boutique,online princess games,category,True,55,0.17,hold,,,
https://poki.com/en/g/zoeys-bag-boutique,Zoey's Bag Boutique,online clicker games,category,True,55,0.17,hold,,,
https://poki.com/en/g/zoeys-bag-boutique,Zoey's Bag Boutique,online drawing games,category,False,44,0.0,hold,,,
https://poki.com/en/g/zoeys-bag-boutique,Zoey's Bag Boutique,online popular games,category,False,44,0.0,hold,,,
https://poki.com/en/g/zoeys-bag-boutique,Zoey's Bag Boutique,online 3d games,category,False,44,0.0,hold,,,
https://poki.com/en/g/zoeys-bag-boutique,Zoey's Bag Boutique,online cozy games,category,False,44,0.0,hold,,,
https://poki.com/en/g/zoeys-bag-boutique,Zoey's Bag Boutique,dress up games,category,False,44,0.0,hold,,,
https://poki.com/en/g/zoeys-bag-boutique,Zoey's Bag Boutique,puzzle games,category,False,44,0.0,hold,,,
https://poki.com/en/g/zoeys-bag-boutique,Zoey's Bag Boutique,how to play zoey's bag boutique,long_tail,False,44,0.0,hold,,,
https://poki.com/en/g/zoeys-bag-boutique,Zoey's Bag Boutique,zoey's bag boutique controls,long_tail,False,44,0.0,hold,,,
https://poki.com/en/g/zoeys-bag-boutique,Zoey's Bag Boutique,games like zoey's bag boutique,long_tail,False,44,0.0,hold,,,
https://poki.com/en/g/zoeys-bag-boutique,Zoey's Bag Boutique,zoey's bag boutique unblocked,long_tail,False,44,0.0,hold,,,
https://poki.com/en/g/teleport-master,Teleport Master,teleport master,game_name,True,61,0.17,hold,,,
https://poki.com/en/g/teleport-master,Teleport Master,play teleport master online,game_name,False,50,0.17,hold,,,
https://poki.com/en/g/teleport-master,Teleport Master,teleport master free,game_name,False,50,0.17,hold,,,
https://poki.com/en/g/teleport-master,Teleport Master,online 3d games,category,True,61,0.17,hold,,,
https://poki.com/en/g/teleport-master,Teleport Master,online anime games,category,True,61,0.17,hold,,,
https://poki.com/en/g/teleport-master,Teleport Master,online skill games,category,True,61,0.17,hold,,,
https://poki.com/en/g/teleport-master,Teleport Master,online backrooms games,category,False,50,0.17,hold,,,
https://poki.com/en/g/teleport-master,Teleport Master,online first person shooter games,category,True,61,0.17,hold,,,
https://poki.com/en/g/teleport-master,Teleport Master,online clicker games,category,True,61,0.17,hold,,,
https://poki.com/en/g/teleport-master,Teleport Master,online car games,category,True,61,0.17,hold,,,
https://poki.com/en/g/teleport-master,Teleport Master,online platform games,category,False,50,0.0,hold,,,
https://poki.com/en/g/teleport-master,Teleport Master,online puzzle games,category,False,50,0.0,hold,,,
https://poki.com/en/g/teleport-master,Teleport Master,online mobile games,category,False,50,0.0,hold,,,
https://poki.com/en/g/teleport-master,Teleport Master,online action games,category,False,50,0.0,hold,,,
https://poki.com/en/g/teleport-master,Teleport Master,online sports games,category,False,50,0.0,hold,,,
https://poki.com/en/g/teleport-master,Teleport Master,puzzle games,category,False,50,0.0,hold,,,
https://poki.com/en/g/teleport-master,Teleport Master,how to play teleport master,long_tail,False,50,0.0,hold,,,
https://poki.com/en/g/teleport-master,Teleport Master,teleport master controls,long_tail,False,50,0.0,hold,,,
https://poki.com/en/g/teleport-master,Teleport Master,games like teleport master,long_tail,False,50,0.0,hold,,,
https://poki.com/en/g/teleport-master,Teleport Master,teleport master unblocked,long_tail,False,50,0.0,hold,,,
https://poki.com/en/g/ragdolls-vs-cannon,Ragdolls vs Cannon,ragdolls vs cannon,game_name,False,51,0.17,hold,,,
https://poki.com/en/g/ragdolls-vs-cannon,Ragdolls vs Cannon,play ragdolls vs cannon online,game_name,False,51,0.17,hold,,,
https://poki.com/en/g/ragdolls-vs-cannon,Ragdolls vs Cannon,ragdolls vs cannon free,game_name,False,51,0.17,hold,,,
https://poki.com/en/g/ragdolls-vs-cannon,Ragdolls vs Cannon,online shooting games,category,True,62,0.17,hold,,,
https://poki.com/en/g/ragdolls-vs-cannon,Ragdolls vs Cannon,online car games,category,True,62,0.17,hold,,,
https://poki.com/en/g/ragdolls-vs-cannon,Ragdolls vs Cannon,online 2 player games,category,True,62,0.17,hold,,,
https://poki.com/en/g/ragdolls-vs-cannon,Ragdolls vs Cannon,online action games,category,True,62,0.17,hold,,,
https://poki.com/en/g/ragdolls-vs-cannon,Ragdolls vs Cannon,online skill games,category,True,62,0.17,hold,,,
https://poki.com/en/g/ragdolls-vs-cannon,Ragdolls vs Cannon,online multiplayer games,category,True,62,0.17,hold,,,
https://poki.com/en/g/ragdolls-vs-cannon,Ragdolls vs Cannon,online adventure games,category,True,62,0.17,hold,,,
https://poki.com/en/g/ragdolls-vs-cannon,Ragdolls vs Cannon,dress up games,category,False,51,0.0,hold,,,
https://poki.com/en/g/ragdolls-vs-cannon,Ragdolls vs Cannon,puzzle games,category,False,51,0.0,hold,,,
https://poki.com/en/g/ragdolls-vs-cannon,Ragdolls vs Cannon,online soccer games,category,False,51,0.0,hold,,,
https://poki.com/en/g/ragdolls-vs-cannon,Ragdolls vs Cannon,how to play ragdolls vs cannon,long_tail,False,51,0.0,hold,,,
https://poki.com/en/g/ragdolls-vs-cannon,Ragdolls vs Cannon,ragdolls vs cannon controls,long_tail,False,51,0.0,hold,,,
https://poki.com/en/g/ragdolls-vs-cannon,Ragdolls vs Cannon,games like ragdolls vs cannon,long_tail,False,51,0.0,hold,,,
https://poki.com/en/g/ragdolls-vs-cannon,Ragdolls vs Cannon,ragdolls vs cannon unblocked,long_tail,False,51,0.0,hold,,,
https://poki.com/en/g/terraspace,TerraSpace,terraspace,game_name,True,62,0.17,hold,,,
https://poki.com/en/g/terraspace,TerraSpace,play terraspace online,game_name,False,51,0.17,hold,,,
https://poki.com/en/g/terraspace,TerraSpace,terraspace free,game_name,False,51,0.17,hold,,,
https://poki.com/en/g/terraspace,TerraSpace,online shooting games,category,True,62,0.17,hold,,,
https://poki.com/en/g/terraspace,TerraSpace,online car games,category,True,62,0.17,hold,,,
https://poki.com/en/g/terraspace,TerraSpace,online 2 player games,category,True,62,0.17,hold,,,
https://poki.com/en/g/terraspace,TerraSpace,online action games,category,True,62,0.17,hold,,,
https://poki.com/en/g/terraspace,TerraSpace,online skill games,category,True,62,0.17,hold,,,
https://poki.com/en/g/terraspace,TerraSpace,online multiplayer games,category,True,62,0.17,hold,,,
https://poki.com/en/g/terraspace,TerraSpace,online adventure games,category,True,62,0.17,hold,,,
https://poki.com/en/g/terraspace,TerraSpace,dress up games,category,False,51,0.0,hold,,,
https://poki.com/en/g/terraspace,TerraSpace,puzzle games,category,False,51,0.0,hold,,,
https://poki.com/en/g/terraspace,TerraSpace,online soccer games,category,False,51,0.0,hold,,,
https://poki.com/en/g/terraspace,TerraSpace,how to play terraspace,long_tail,False,51,0.0,hold,,,
https://poki.com/en/g/terraspace,TerraSpace,terraspace controls,long_tail,False,51,0.0,hold,,,
https://poki.com/en/g/terraspace,TerraSpace,games like terraspace,long_tail,False,51,0.0,hold,,,
https://poki.com/en/g/terraspace,TerraSpace,terraspace unblocked,long_tail,False,51,0.0,hold,,,
https://poki.com/en/g/serendipity-match,Serendipity Match,serendipity match,game_name,True,59,0.17,hold,,,
https://poki.com/en/g/serendipity-match,Serendipity Match,play serendipity match online,game_name,False,47,0.17,hold,,,
https://poki.com/en/g/serendipity-match,Serendipity Match,serendipity match free,game_name,False,47,0.17,hold,,,
https://poki.com/en/g/serendipity-match,Serendipity Match,online adventure games,category,True,59,0.17,hold,,,
https://poki.com/en/g/serendipity-match,Serendipity Match,puzzle games,category,True,59,0.17,hold,,,
https://poki.com/en/g/serendipity-match,Serendipity Match,online soccer games,category,True,59,0.17,hold,,,
https://poki.com/en/g/serendipity-match,Serendipity Match,dress up games,category,True,59,0.17,hold,,,
https://poki.com/en/g/serendipity-match,Serendipity Match,how to play serendipity match,long_tail,False,47,0.17,hold,,,
https://poki.com/en/g/serendipity-match,Serendipity Match,serendipity match controls,long_tail,False,47,0.17,hold,,,
https://poki.com/en/g/serendipity-match,Serendipity Match,games like serendipity match,long_tail,False,47,0.17,hold,,,
https://poki.com/en/g/serendipity-match,Serendipity Match,serendipity match unblocked,long_tail,False,47,0.0,hold,,,
https://poki.com/en/g/merge-shot,Merge Shot,merge shot,game_name,False,51,0.17,hold,,,
https://poki.com/en/g/merge-shot,Merge Shot,play merge shot online,game_name,False,51,0.17,hold,,,
https://poki.com/en/g/merge-shot,Merge Shot,merge shot free,game_name,False,51,0.17,hold,,,
https://poki.com/en/g/merge-shot,Merge Shot,online shooting games,category,True,62,0.17,hold,,,
https://poki.com/en/g/merge-shot,Merge Shot,online car games,category,True,62,0.17,hold,,,
https://poki.com/en/g/merge-shot,Merge Shot,online 2 player games,category,True,62,0.17,hold,,,
https://poki.com/en/g/merge-shot,Merge Shot,online action games,category,True,62,0.17,hold,,,
https://poki.com/en/g/merge-shot,Merge Shot,online skill games,category,True,62,0.17,hold,,,
https://poki.com/en/g/merge-shot,Merge Shot,online multiplayer games,category,True,62,0.17,hold,,,
https://poki.com/en/g/merge-shot,Merge Shot,online adventure games,category,True,62,0.17,hold,,,
https://poki.com/en/g/merge-shot,Merge Shot,merge games,category,False,51,0.0,hold,,,
https://poki.com/en/g/merge-shot,Merge Shot,dress up games,category,False,51,0.0,hold,,,
https://poki.com/en/g/merge-shot,Merge Shot,puzzle games,category,False,51,0.0,hold,,,
https://poki.com/en/g/merge-shot,Merge Shot,online soccer games,category,False,51,0.0,hold,,,
https://poki.com/en/g/merge-shot,Merge Shot,how to play merge shot,long_tail,False,51,0.0,hold,,,
https://poki.com/en/g/merge-shot,Merge Shot,merge shot controls,long_tail,False,51,0.0,hold,,,
https://poki.com/en/g/merge-shot,Merge Shot,games like merge shot,long_tail,False,51,0.0,hold,,,
https://poki.com/en/g/merge-shot,Merge Shot,merge shot unblocked,long_tail,False,51,0.0,hold,,,
https://poki.com/en/g/picture-puzzle,Picture Puzzle,picture puzzle,game_name,True,62,0.17,hold,,,
https://poki.com/en/g/picture-puzzle,Picture Puzzle,play picture puzzle online,game_name,False,51,0.17,hold,,,
https://poki.com/en/g/picture-puzzle,Picture Puzzle,picture puzzle free,game_name,True,62,0.17,hold,,,
https://poki.com/en/g/picture-puzzle,Picture Puzzle,online shooting games,category,True,62,0.17,hold,,,
https://poki.com/en/g/picture-puzzle,Picture Puzzle,online car games,category,True,62,0.17,hold,,,
https://poki.com/en/g/picture-puzzle,Picture Puzzle,online 2 player games,category,True,62,0.17,hold,,,
https://poki.com/en/g/picture-puzzle,Picture Puzzle,online action games,category,True,62,0.17,hold,,,
https://poki.com/en/g/picture-puzzle,Picture Puzzle,online skill games,category,True,62,0.17,hold,,,
https://poki.com/en/g/picture-puzzle,Picture Puzzle,online multiplayer games,category,True,62,0.17,hold,,,
https://poki.com/en/g/picture-puzzle,Picture Puzzle,online adventure games,category,True,62,0.17,hold,,,
https://poki.com/en/g/picture-puzzle,Picture Puzzle,puzzle games,category,False,51,0.0,hold,,,
https://poki.com/en/g/picture-puzzle,Picture Puzzle,dress up games,category,False,51,0.0,hold,,,
https://poki.com/en/g/picture-puzzle,Picture Puzzle,online soccer games,category,False,51,0.0,hold,,,
https://poki.com/en/g/picture-puzzle,Picture Puzzle,how to play picture puzzle,long_tail,False,51,0.0,hold,,,
https://poki.com/en/g/picture-puzzle,Picture Puzzle,picture puzzle controls,long_tail,False,51,0.0,hold,,,
https://poki.com/en/g/picture-puzzle,Picture Puzzle,games like picture puzzle,long_tail,False,51,0.0,hold,,,
https://poki.com/en/g/picture-puzzle,Picture Puzzle,picture puzzle unblocked,long_tail,False,51,0.0,hold,,,
https://poki.com/en/g/mountain-car-climb,Mountain Car Climb,mountain car climb,game_name,True,62,0.17,hold,,,
https://poki.com/en/g/mountain-car-climb,Mountain Car Climb,play mountain car climb online,game_name,False,51,0.17,hold,,,
https://poki.com/en/g/mountain-car-climb,Mountain Car Climb,mountain car climb free,game_name,False,51,0.17,hold,,,
https://poki.com/en/g/mountain-car-climb,Mountain Car Climb,online shooting games,category,True,62,0.17,hold,,,
https://poki.com/en/g/mountain-car-climb,Mountain Car Climb,online car games,category,True,62,0.17,hold,,,
https://poki.com/en/g/mountain-car-climb,Mountain Car Climb,online 2 player games,category,True,62,0.17,hold,,,
https://poki.com/en/g/mountain-car-climb,Mountain Car Climb,online action games,category,True,62,0.17,hold,,,
https://poki.com/en/g/mountain-car-climb,Mountain Car Climb,online skill games,category,True,62,0.17,hold,,,
https://poki.com/en/g/mountain-car-climb,Mountain Car Climb,online multiplayer games,category,True,62,0.17,hold,,,
https://poki.com/en/g/mountain-car-climb,Mountain Car Climb,online adventure games,category,True,62,0.17,hold,,,
https://poki.com/en/g/mountain-car-climb,Mountain Car Climb,dress up games,category,False,51,0.0,hold,,,
https://poki.com/en/g/mountain-car-climb,Mountain Car Climb,puzzle games,category,False,51,0.0,hold,,,
https://poki.com/en/g/mountain-car-climb,Mountain Car Climb,online soccer games,category,False,51,0.0,hold,,,
https://poki.com/en/g/mountain-car-climb,Mountain Car Climb,how to play mountain car climb,long_tail,False,51,0.0,hold,,,
https://poki.com/en/g/mountain-car-climb,Mountain Car Climb,mountain car climb controls,long_tail,False,51,0.0,hold,,,
https://poki.com/en/g/mountain-car-climb,Mountain Car Climb,games like mountain car climb,long_tail,False,51,0.0,hold,,,
https://poki.com/en/g/mountain-car-climb,Mountain Car Climb,mountain car climb unblocked,long_tail,False,51,0.0,hold,,,
https://poki.com/en/g/starversio,Starvers.io,starvers.io,game_name,False,51,0.17,hold,,,
https://poki.com/en/g/starversio,Starvers.io,play starvers.io online,game_name,False,51,0.17,hold,,,
https://poki.com/en/g/starversio,Starvers.io,starvers.io free,game_name,False,51,0.17,hold,,,
https://poki.com/en/g/starversio,Starvers.io,online shooting games,category,True,62,0.17,hold,,,
https://poki.com/en/g/starversio,Starvers.io,online car games,category,True,62,0.17,hold,,,
https://poki.com/en/g/starversio,Starvers.io,online 2 player games,category,True,62,0.17,hold,,,
https://poki.com/en/g/starversio,Starvers.io,online action games,category,True,62,0.17,hold,,,
https://poki.com/en/g/starversio,Starvers.io,online skill games,category,True,62,0.17,hold,,,
https://poki.com/en/g/starversio,Starvers.io,online multiplayer games,category,True,62,0.17,hold,,,
https://poki.com/en/g/starversio,Starvers.io,online adventure games,category,True,62,0.17,hold,,,
https://poki.com/en/g/starversio,Starvers.io,puzzle games,category,False,51,0.0,hold,,,
https://poki.com/en/g/starversio,Starvers.io,idle games,category,False,51,0.0,hold,,,
https://poki.com/en/g/starversio,Starvers.io,dress up games,category,False,51,0.0,hold,,,
https://poki.com/en/g/starversio,Starvers.io,online soccer games,category,False,51,0.0,hold,,,
https://poki.com/en/g/starversio,Starvers.io,how to play starvers.io,long_tail,False,51,0.0,hold,,,
https://poki.com/en/g/starversio,Starvers.io,starvers.io controls,long_tail,False,51,0.0,hold,,,
https://poki.com/en/g/starversio,Starvers.io,games like starvers.io,long_tail,False,51,0.0,hold,,,
https://poki.com/en/g/starversio,Starvers.io,starvers.io unblocked,long_tail,False,51,0.0,hold,,,
https://poki.com/en/g/hack-and-ham,Hack and Ham,hack and ham,game_name,False,51,0.17,hold,,,
https://poki.com/en/g/hack-and-ham,Hack and Ham,play hack and ham online,game_name,False,51,0.17,hold,,,
https://poki.com/en/g/hack-and-ham,Hack and Ham,hack and ham free,game_name,False,51,0.17,hold,,,
https://poki.com/en/g/hack-and-ham,Hack and Ham,online shooting games,category,True,62,0.17,hold,,,
https://poki.com/en/g/hack-and-ham,Hack and Ham,online car games,category,True,62,0.17,hold,,,
https://poki.com/en/g/hack-and-ham,Hack and Ham,online 2 player games,category,True,62,0.17,hold,,,
https://poki.com/en/g/hack-and-ham,Hack and Ham,online action games,category,True,62,0.17,hold,,,
https://poki.com/en/g/hack-and-ham,Hack and Ham,online skill games,category,True,62,0.17,hold,,,
https://poki.com/en/g/hack-and-ham,Hack and Ham,online multiplayer games,category,True,62,0.17,hold,,,
https://poki.com/en/g/hack-and-ham,Hack and Ham,online adventure games,category,True,62,0.17,hold,,,
https://poki.com/en/g/hack-and-ham,Hack and Ham,dress up games,category,False,51,0.0,hold,,,
https://poki.com/en/g/hack-and-ham,Hack and Ham,puzzle games,category,False,51,0.0,hold,,,
https://poki.com/en/g/hack-and-ham,Hack and Ham,online soccer games,category,False,51,0.0,hold,,,
https://poki.com/en/g/hack-and-ham,Hack and Ham,how to play hack and ham,long_tail,False,51,0.0,hold,,,
https://poki.com/en/g/hack-and-ham,Hack and Ham,hack and ham controls,long_tail,False,51,0.0,hold,,,
https://poki.com/en/g/hack-and-ham,Hack and Ham,games like hack and ham,long_tail,False,51,0.0,hold,,,
https://poki.com/en/g/hack-and-ham,Hack and Ham,hack and ham unblocked,long_tail,False,51,0.0,hold,,,
https://poki.com/en/g/bag-battle-units-clash,Bag Battle Units Clash,bag battle units clash,game_name,False,51,0.17,hold,,,
https://poki.com/en/g/bag-battle-units-clash,Bag Battle Units Clash,play bag battle units clash online,game_name,False,51,0.17,hold,,,
https://poki.com/en/g/bag-battle-units-clash,Bag Battle Units Clash,bag battle units clash free,game_name,False,51,0.17,hold,,,
https://poki.com/en/g/bag-battle-units-clash,Bag Battle Units Clash,online shooting games,category,True,62,0.17,hold,,,
https://poki.com/en/g/bag-battle-units-clash,Bag Battle Units Clash,online car games,category,True,62,0.17,hold,,,
https://poki.com/en/g/bag-battle-units-clash,Bag Battle Units Clash,online 2 player games,category,True,62,0.17,hold,,,
https://poki.com/en/g/bag-battle-units-clash,Bag Battle Units Clash,online action games,category,True,62,0.17,hold,,,
https://poki.com/en/g/bag-battle-units-clash,Bag Battle Units Clash,online skill games,category,True,62,0.17,hold,,,
https://poki.com/en/g/bag-battle-units-clash,Bag Battle Units Clash,online multiplayer games,category,True,62,0.17,hold,,,
https://poki.com/en/g/bag-battle-units-clash,Bag Battle Units Clash,online adventure games,category,True,62,0.17,hold,,,
https://poki.com/en/g/bag-battle-units-clash,Bag Battle Units Clash,idle games,category,False,51,0.0,hold,,,
https://poki.com/en/g/bag-battle-units-clash,Bag Battle Units Clash,dress up games,category,False,51,0.0,hold,,,
https://poki.com/en/g/bag-battle-units-clash,Bag Battle Units Clash,puzzle games,category,False,51,0.0,hold,,,
https://poki.com/en/g/bag-battle-units-clash,Bag Battle Units Clash,online soccer games,category,False,51,0.0,hold,,,
https://poki.com/en/g/bag-battle-units-clash,Bag Battle Units Clash,how to play bag battle units clash,long_tail,False,51,0.0,hold,,,
https://poki.com/en/g/bag-battle-units-clash,Bag Battle Units Clash,bag battle units clash controls,long_tail,False,51,0.0,hold,,,
https://poki.com/en/g/bag-battle-units-clash,Bag Battle Units Clash,games like bag battle units clash,long_tail,False,51,0.0,hold,,,
https://poki.com/en/g/bag-battle-units-clash,Bag Battle Units Clash,bag battle units clash unblocked,long_tail,False,51,0.0,hold,,,
https://poki.com/en/g/join-and-jump,Join and Jump,join and jump,game_name,False,51,0.17,hold,,,
https://poki.com/en/g/join-and-jump,Join and Jump,play join and jump online,game_name,False,51,0.17,hold,,,
https://poki.com/en/g/join-and-jump,Join and Jump,join and jump free,game_name,False,51,0.17,hold,,,
https://poki.com/en/g/join-and-jump,Join and Jump,online shooting games,category,True,62,0.17,hold,,,
https://poki.com/en/g/join-and-jump,Join and Jump,online car games,category,True,62,0.17,hold,,,
https://poki.com/en/g/join-and-jump,Join and Jump,online 2 player games,category,True,62,0.17,hold,,,
https://poki.com/en/g/join-and-jump,Join and Jump,online action games,category,True,62,0.17,hold,,,
https://poki.com/en/g/join-and-jump,Join and Jump,online skill games,category,True,62,0.17,hold,,,
https://poki.com/en/g/join-and-jump,Join and Jump,online multiplayer games,category,True,62,0.17,hold,,,
https://poki.com/en/g/join-and-jump,Join and Jump,online adventure games,category,True,62,0.17,hold,,,
https://poki.com/en/g/join-and-jump,Join and Jump,platform games,category,False,51,0.0,hold,,,
https://poki.com/en/g/join-and-jump,Join and Jump,dress up games,category,False,51,0.0,hold,,,
https://poki.com/en/g/join-and-jump,Join and Jump,puzzle games,category,False,51,0.0,hold,,,
https://poki.com/en/g/join-and-jump,Join and Jump,online soccer games,category,False,51,0.0,hold,,,
https://poki.com/en/g/join-and-jump,Join and Jump,how to play join and jump,long_tail,False,51,0.0,hold,,,
https://poki.com/en/g/join-and-jump,Join and Jump,join and jump controls,long_tail,False,51,0.0,hold,,,
https://poki.com/en/g/join-and-jump,Join and Jump,games like join and jump,long_tail,False,51,0.0,hold,,,
https://poki.com/en/g/join-and-jump,Join and Jump,join and jump unblocked,long_tail,False,51,0.0,hold,,,
https://poki.com/en/g/critters-evolution,Critters Evolution,critters evolution,game_name,True,62,0.17,hold,,,
https://poki.com/en/g/critters-evolution,Critters Evolution,play critters evolution online,game_name,False,51,0.17,hold,,,
https://poki.com/en/g/critters-evolution,Critters Evolution,critters evolution free,game_name,False,51,0.17,hold,,,
https://poki.com/en/g/critters-evolution,Critters Evolution,online shooting games,category,True,62,0.17,hold,,,
https://poki.com/en/g/critters-evolution,Critters Evolution,online car games,category,True,62,0.17,hold,,,
https://poki.com/en/g/critters-evolution,Critters Evolution,online 2 player games,category,True,62,0.17,hold,,,
https://poki.com/en/g/critters-evolution,Critters Evolution,online action games,category,True,62,0.17,hold,,,
https://poki.com/en/g/critters-evolution,Critters Evolution,online skill games,category,True,62,0.17,hold,,,
https://poki.com/en/g/critters-evolution,Critters Evolution,online multiplayer games,category,True,62,0.17,hold,,,
https://poki.com/en/g/critters-evolution,Critters Evolution,online adventure games,category,True,62,0.17,hold,,,
https://poki.com/en/g/critters-evolution,Critters Evolution,dress up games,category,False,51,0.0,hold,,,
https://poki.com/en/g/critters-evolution,Critters Evolution,puzzle games,category,False,51,0.0,hold,,,
https://poki.com/en/g/critters-evolution,Critters Evolution,online soccer games,category,False,51,0.0,hold,,,
https://poki.com/en/g/critters-evolution,Critters Evolution,how to play critters evolution,long_tail,False,51,0.0,hold,,,
https://poki.com/en/g/critters-evolution,Critters Evolution,critters evolution controls,long_tail,False,51,0.0,hold,,,
https://poki.com/en/g/critters-evolution,Critters Evolution,games like critters evolution,long_tail,False,51,0.0,hold,,,
https://poki.com/en/g/critters-evolution,Critters Evolution,critters evolution unblocked,long_tail,False,51,0.0,hold,,,
https://poki.com/en/g/paper-empire,Paper Empire,paper empire,game_name,True,62,0.17,hold,,,
https://poki.com/en/g/paper-empire,Paper Empire,play paper empire online,game_name,False,51,0.17,hold,,,
https://poki.com/en/g/paper-empire,Paper Empire,paper empire free,game_name,False,51,0.17,hold,,,
https://poki.com/en/g/paper-empire,Paper Empire,online shooting games,category,True,62,0.17,hold,,,
https://poki.com/en/g/paper-empire,Paper Empire,online car games,category,True,62,0.17,hold,,,
https://poki.com/en/g/paper-empire,Paper Empire,online 2 player games,category,True,62,0.17,hold,,,
https://poki.com/en/g/paper-empire,Paper Empire,online action games,category,True,62,0.17,hold,,,
https://poki.com/en/g/paper-empire,Paper Empire,online skill games,category,True,62,0.17,hold,,,
https://poki.com/en/g/paper-empire,Paper Empire,online multiplayer games,category,True,62,0.17,hold,,,
https://poki.com/en/g/paper-empire,Paper Empire,online adventure games,category,True,62,0.17,hold,,,
https://poki.com/en/g/paper-empire,Paper Empire,dress up games,category,False,51,0.0,hold,,,
https://poki.com/en/g/paper-empire,Paper Empire,puzzle games,category,False,51,0.0,hold,,,
https://poki.com/en/g/paper-empire,Paper Empire,online soccer games,category,False,51,0.0,hold,,,
https://poki.com/en/g/paper-empire,Paper Empire,how to play paper empire,long_tail,False,51,0.0,hold,,,
https://poki.com/en/g/paper-empire,Paper Empire,paper empire controls,long_tail,False,51,0.0,hold,,,
https://poki.com/en/g/paper-empire,Paper Empire,games like paper empire,long_tail,False,51,0.0,hold,,,
https://poki.com/en/g/paper-empire,Paper Empire,paper empire unblocked,long_tail,False,51,0.0,hold,,,
https://poki.com/en/g/hidden-object-detective-story,Hidden Object – Detective Story,hidden object - detective story,game_name,False,51,0.17,hold,,,
https://poki.com/en/g/hidden-object-detective-story,Hidden Object – Detective Story,play hidden object - detective story online,game_name,False,51,0.17,hold,,,
https://poki.com/en/g/hidden-object-detective-story,Hidden Object – Detective Story,hidden object - detective story free,game_name,False,51,0.17,hold,,,
https://poki.com/en/g/hidden-object-detective-story,Hidden Object – Detective Story,online shooting games,category,True,62,0.17,hold,,,
https://poki.com/en/g/hidden-object-detective-story,Hidden Object – Detective Story,online car games,category,True,62,0.17,hold,,,
https://poki.com/en/g/hidden-object-detective-story,Hidden Object – Detective Story,online 2 player games,category,True,62,0.17,hold,,,
https://poki.com/en/g/hidden-object-detective-story,Hidden Object – Detective Story,online action games,category,True,62,0.17,hold,,,
https://poki.com/en/g/hidden-object-detective-story,Hidden Object – Detective Story,online skill games,category,True,62,0.17,hold,,,
https://poki.com/en/g/hidden-object-detective-story,Hidden Object – Detective Story,online multiplayer games,category,True,62,0.17,hold,,,
https://poki.com/en/g/hidden-object-detective-story,Hidden Object – Detective Story,online adventure games,category,True,62,0.17,hold,,,
https://poki.com/en/g/hidden-object-detective-story,Hidden Object – Detective Story,puzzle games,category,False,51,0.0,hold,,,
https://poki.com/en/g/hidden-object-detective-story,Hidden Object – Detective Story,dress up games,category,False,51,0.0,hold,,,
https://poki.com/en/g/hidden-object-detective-story,Hidden Object – Detective Story,online soccer games,category,False,51,0.0,hold,,,
https://poki.com/en/g/hidden-object-detective-story,Hidden Object – Detective Story,how to play hidden object - detective story,long_tail,False,51,0.0,hold,,,
https://poki.com/en/g/hidden-object-detective-story,Hidden Object – Detective Story,hidden object - detective story controls,long_tail,False,51,0.0,hold,,,
https://poki.com/en/g/hidden-object-detective-story,Hidden Object – Detective Story,games like hidden object - detective story,long_tail,False,51,0.0,hold,,,
https://poki.com/en/g/hidden-object-detective-story,Hidden Object – Detective Story,hidden object - detective story unblocked,long_tail,False,51,0.0,hold,,,
https://poki.com/en/g/slice-it-up,Slice it up,slice it up,game_name,True,62,0.17,hold,,,
https://poki.com/en/g/slice-it-up,Slice it up,play slice it up online,game_name,False,51,0.17,hold,,,
https://poki.com/en/g/slice-it-up,Slice it up,slice it up free,game_name,False,51,0.17,hold,,,
https://poki.com/en/g/slice-it-up,Slice it up,online shooting games,category,True,62,0.17,hold,,,
https://poki.com/en/g/slice-it-up,Slice it up,online car games,category,True,62,0.17,hold,,,
https://poki.com/en/g/slice-it-up,Slice it up,online 2 player games,category,True,62,0.17,hold,,,
https://poki.com/en/g/slice-it-up,Slice it up,online action games,category,True,62,0.17,hold,,,
https://poki.com/en/g/slice-it-up,Slice it up,online skill games,category,True,62,0.17,hold,,,
https://poki.com/en/g/slice-it-up,Slice it up,online multiplayer games,category,True,62,0.17,hold,,,
https://poki.com/en/g/slice-it-up,Slice it up,online adventure games,category,True,62,0.17,hold,,,
https://poki.com/en/g/slice-it-up,Slice it up,dress up games,category,False,51,0.0,hold,,,
https://poki.com/en/g/slice-it-up,Slice it up,puzzle games,category,False,51,0.0,hold,,,
https://poki.com/en/g/slice-it-up,Slice it up,online soccer games,category,False,51,0.0,hold,,,
https://poki.com/en/g/slice-it-up,Slice it up,how to play slice it up,long_tail,False,51,0.0,hold,,,
https://poki.com/en/g/slice-it-up,Slice it up,slice it up controls,long_tail,False,51,0.0,hold,,,
https://poki.com/en/g/slice-it-up,Slice it up,games like slice it up,long_tail,False,51,0.0,hold,,,
https://poki.com/en/g/slice-it-up,Slice it up,slice it up unblocked,long_tail,False,51,0.0,hold,,,
https://poki.com/en/g/fireworks,Fireworks,fireworks,game_name,True,58,0.17,hold,,,
https://poki.com/en/g/fireworks,Fireworks,play fireworks online,game_name,False,47,0.17,hold,,,
https://poki.com/en/g/fireworks,Fireworks,fireworks free,game_name,True,58,0.17,hold,,,
https://poki.com/en/g/fireworks,Fireworks,online multiplayer games,category,True,58,0.17,hold,,,
https://poki.com/en/g/fireworks,Fireworks,puzzle games,category,True,58,0.17,hold,,,
https://poki.com/en/g/fireworks,Fireworks,dress up games,category,True,58,0.17,hold,,,
https://poki.com/en/g/fireworks,Fireworks,how to play fireworks,long_tail,True,58,0.17,hold,,,
https://poki.com/en/g/fireworks,Fireworks,fireworks controls,long_tail,False,47,0.17,hold,,,
https://poki.com/en/g/fireworks,Fireworks,games like fireworks,long_tail,True,58,0.17,hold,,,
https://poki.com/en/g/fireworks,Fireworks,fireworks unblocked,long_tail,False,47,0.17,hold,,,
https://poki.com/en/g/backroom-bill,Backroom Bill,backroom bill,game_name,True,61,0.17,hold,,,
https://poki.com/en/g/backroom-bill,Backroom Bill,play backroom bill online,game_name,False,49,0.17,hold,,,
https://poki.com/en/g/backroom-bill,Backroom Bill,backroom bill free,game_name,False,49,0.17,hold,,,
https://poki.com/en/g/backroom-bill,Backroom Bill,online backrooms games,category,False,49,0.17,hold,,,
https://poki.com/en/g/backroom-bill,Backroom Bill,online horror games,category,True,61,0.17,hold,,,
https://poki.com/en/g/backroom-bill,Backroom Bill,online io games,category,True,61,0.17,hold,,,
https://poki.com/en/g/backroom-bill,Backroom Bill,puzzle games,category,True,61,0.17,hold,,,
https://poki.com/en/g/backroom-bill,Backroom Bill,dress up games,category,True,61,0.17,hold,,,
https://poki.com/en/g/backroom-bill,Backroom Bill,merge games,category,True,61,0.17,hold,,,
https://poki.com/en/g/backroom-bill,Backroom Bill,how to play backroom bill,long_tail,False,49,0.17,hold,,,
https://poki.com/en/g/backroom-bill,Backroom Bill,backroom bill controls,long_tail,False,49,0.0,hold,,,
https://poki.com/en/g/backroom-bill,Backroom Bill,games like backroom bill,long_tail,False,49,0.0,hold,,,
https://poki.com/en/g/backroom-bill,Backroom Bill,backroom bill unblocked,long_tail,False,49,0.0,hold,,,
https://poki.com/en/g/emoji-factory,Emoji Factory,emoji factory,game_name,True,60,0.17,hold,,,
https://poki.com/en/g/emoji-factory,Emoji Factory,play emoji factory online,game_name,False,49,0.17,hold,,,
https://poki.com/en/g/emoji-factory,Emoji Factory,emoji factory free,game_name,False,49,0.17,hold,,,
https://poki.com/en/g/emoji-factory,Emoji Factory,online shooting games,category,True,60,0.17,hold,,,
https://poki.com/en/g/emoji-factory,Emoji Factory,puzzle games,category,True,60,0.17,hold,,,
https://poki.com/en/g/emoji-factory,Emoji Factory,dress up games,category,True,60,0.17,hold,,,
https://poki.com/en/g/emoji-factory,Emoji Factory,idle games,category,True,60,0.17,hold,,,
https://poki.com/en/g/emoji-factory,Emoji Factory,merge games,category,True,60,0.17,hold,,,
https://poki.com/en/g/emoji-factory,Emoji Factory,how to play emoji factory,long_tail,False,49,0.17,hold,,,
https://poki.com/en/g/emoji-factory,Emoji Factory,emoji factory controls,long_tail,False,49,0.17,hold,,,
https://poki.com/en/g/emoji-factory,Emoji Factory,games like emoji factory,long_tail,False,49,0.0,hold,,,
https://poki.com/en/g/emoji-factory,Emoji Factory,emoji factory unblocked,long_tail,False,49,0.0,hold,,,
https://poki.com/en/g/skyswarmio,SkySwarm.io,skyswarm.io,game_name,False,47,0.17,hold,,,
https://poki.com/en/g/skyswarmio,SkySwarm.io,play skyswarm.io online,game_name,False,47,0.17,hold,,,
https://poki.com/en/g/skyswarmio,SkySwarm.io,skyswarm.io free,game_name,False,47,0.17,hold,,,
https://poki.com/en/g/skyswarmio,SkySwarm.io,online skill games,category,True,58,0.17,hold,,,
https://poki.com/en/g/skyswarmio,SkySwarm.io,puzzle games,category,True,58,0.17,hold,,,
https://poki.com/en/g/skyswarmio,SkySwarm.io,dress up games,category,True,58,0.17,hold,,,
https://poki.com/en/g/skyswarmio,SkySwarm.io,how to play skyswarm.io,long_tail,False,47,0.17,hold,,,
https://poki.com/en/g/skyswarmio,SkySwarm.io,skyswarm.io controls,long_tail,False,47,0.17,hold,,,
https://poki.com/en/g/skyswarmio,SkySwarm.io,games like skyswarm.io,long_tail,False,47,0.17,hold,,,
https://poki.com/en/g/skyswarmio,SkySwarm.io,skyswarm.io unblocked,long_tail,False,47,0.17,hold,,,
https://poki.com/en/g/crashy-roads,Crashy Roads,crashy roads,game_name,False,47,0.17,hold,,,
https://poki.com/en/g/crashy-roads,Crashy Roads,play crashy roads online,game_name,False,47,0.17,hold,,,
https://poki.com/en/g/crashy-roads,Crashy Roads,crashy roads free,game_name,False,47,0.17,hold,,,
https://poki.com/en/g/crashy-roads,Crashy Roads,online mouse games,category,True,58,0.17,hold,,,
https://poki.com/en/g/crashy-roads,Crashy Roads,online typing games,category,True,58,0.17,hold,,,
https://poki.com/en/g/crashy-roads,Crashy Roads,online mobile games,category,True,58,0.17,hold,,,
https://poki.com/en/g/crashy-roads,Crashy Roads,online car games,category,True,58,0.17,hold,,,
https://poki.com/en/g/crashy-roads,Crashy Roads,online brain games,category,True,58,0.17,hold,,,
https://poki.com/en/g/crashy-roads,Crashy Roads,online puzzle games,category,True,58,0.17,hold,,,
https://poki.com/en/g/crashy-roads,Crashy Roads,online skill games,category,True,58,0.17,hold,,,
https://poki.com/en/g/crashy-roads,Crashy Roads,online war games,category,False,47,0.0,hold,,,
https://poki.com/en/g/crashy-roads,Crashy Roads,online horror games,category,False,47,0.0,hold,,,
https://poki.com/en/g/crashy-roads,Crashy Roads,puzzle games,category,False,47,0.0,hold,,,
https://poki.com/en/g/crashy-roads,Crashy Roads,dress up games,category,False,47,0.0,hold,,,
https://poki.com/en/g/crashy-roads,Crashy Roads,how to play crashy roads,long_tail,False,47,0.0,hold,,,
https://poki.com/en/g/crashy-roads,Crashy Roads,crashy roads controls,long_tail,False,47,0.0,hold,,,
https://poki.com/en/g/crashy-roads,Crashy Roads,games like crashy roads,long_tail,False,47,0.0,hold,,,
https://poki.com/en/g/crashy-roads,Crashy Roads,crashy roads unblocked,long_tail,False,47,0.0,hold,,,
https://poki.com/en/g/snow-train-odyssey,Snow Train Odyssey,snow train odyssey,game_name,True,43,0.17,hold,,,
https://poki.com/en/g/snow-train-odyssey,Snow Train Odyssey,play snow train odyssey online,game_name,False,32,0.17,ignore,,,
https://poki.com/en/g/snow-train-odyssey,Snow Train Odyssey,snow train odyssey free,game_name,False,32,0.17,ignore,,,
https://poki.com/en/g/snow-train-odyssey,Snow Train Odyssey,online zombie games,category,True,43,0.17,hold,,,
https://poki.com/en/g/snow-train-odyssey,Snow Train Odyssey,online adventure games,category,True,43,0.17,hold,,,
https://poki.com/en/g/snow-train-odyssey,Snow Train Odyssey,online car games,category,True,43,0.17,hold,,,
https://poki.com/en/g/snow-train-odyssey,Snow Train Odyssey,online action games,category,True,43,0.17,hold,,,
https://poki.com/en/g/snow-train-odyssey,Snow Train Odyssey,online 3d games,category,True,43,0.17,hold,,,
https://poki.com/en/g/snow-train-odyssey,Snow Train Odyssey,online mobile games,category,True,43,0.17,hold,,,
https://poki.com/en/g/snow-train-odyssey,Snow Train Odyssey,merge games,category,True,43,0.17,hold,,,
https://poki.com/en/g/snow-train-odyssey,Snow Train Odyssey,puzzle games,category,False,32,0.0,ignore,,,
https://poki.com/en/g/snow-train-odyssey,Snow Train Odyssey,how to play snow train odyssey,long_tail,False,32,0.0,ignore,,,
https://poki.com/en/g/snow-train-odyssey,Snow Train Odyssey,snow train odyssey controls,long_tail,False,32,0.0,ignore,,,
https://poki.com/en/g/snow-train-odyssey,Snow Train Odyssey,games like snow train odyssey,long_tail,False,32,0.0,ignore,,,
https://poki.com/en/g/snow-train-odyssey,Snow Train Odyssey,snow train odyssey unblocked,long_tail,False,32,0.0,ignore,,,
https://poki.com/en/g/roll-the-dice,Roll the dice,roll the dice,game_name,True,62,0.33,hold,,,
https://poki.com/en/g/roll-the-dice,Roll the dice,play roll the dice online,game_name,False,51,0.17,hold,,,
https://poki.com/en/g/roll-the-dice,Roll the dice,roll the dice free,game_name,True,62,0.17,hold,,,
https://poki.com/en/g/roll-the-dice,Roll the dice,online shooting games,category,True,62,0.17,hold,,,
https://poki.com/en/g/roll-the-dice,Roll the dice,online car games,category,True,62,0.17,hold,,,
https://poki.com/en/g/roll-the-dice,Roll the dice,online 2 player games,category,True,62,0.17,hold,,,
https://poki.com/en/g/roll-the-dice,Roll the dice,online action games,category,True,62,0.17,hold,,,
https://poki.com/en/g/roll-the-dice,Roll the dice,online skill games,category,True,62,0.17,hold,,,
https://poki.com/en/g/roll-the-dice,Roll the dice,online multiplayer games,category,True,62,0.17,hold,,,
https://poki.com/en/g/roll-the-dice,Roll the dice,online adventure games,category,True,62,0.17,hold,,,
https://poki.com/en/g/roll-the-dice,Roll the dice,online io games,category,False,51,0.0,hold,,,
https://poki.com/en/g/roll-the-dice,Roll the dice,dress up games,category,False,51,0.0,hold,,,
https://poki.com/en/g/roll-the-dice,Roll the dice,puzzle games,category,False,51,0.0,hold,,,
https://poki.com/en/g/roll-the-dice,Roll the dice,online soccer games,category,False,51,0.0,hold,,,
https://poki.com/en/g/roll-the-dice,Roll the dice,how to play roll the dice,long_tail,False,51,0.0,hold,,,
https://poki.com/en/g/roll-the-dice,Roll the dice,roll the dice controls,long_tail,False,51,0.0,hold,,,
https://poki.com/en/g/roll-the-dice,Roll the dice,games like roll the dice,long_tail,False,51,0.0,hold,,,
https://poki.com/en/g/roll-the-dice,Roll the dice,roll the dice unblocked,long_tail,False,51,0.0,hold,,,
https://poki.com/en/g/vacuum-vendetta,Vacuum Vendetta,vacuum vendetta,game_name,False,62,0.33,hold,,,
https://poki.com/en/g/vacuum-vendetta,Vacuum Vendetta,play vacuum vendetta online,game_name,False,51,0.17,hold,,,
https://poki.com/en/g/vacuum-vendetta,Vacuum Vendetta,vacuum vendetta free,game_name,False,51,0.17,hold,,,
https://poki.com/en/g/vacuum-vendetta,Vacuum Vendetta,online shooting games,category,True,62,0.17,hold,,,
https://poki.com/en/g/vacuum-vendetta,Vacuum Vendetta,online car games,category,True,62,0.17,hold,,,
https://poki.com/en/g/vacuum-vendetta,Vacuum Vendetta,online 2 player games,category,True,62,0.17,hold,,,
https://poki.com/en/g/vacuum-vendetta,Vacuum Vendetta,online action games,category,True,62,0.17,hold,,,
https://poki.com/en/g/vacuum-vendetta,Vacuum Vendetta,online skill games,category,True,62,0.17,hold,,,
https://poki.com/en/g/vacuum-vendetta,Vacuum Vendetta,online multiplayer games,category,True,62,0.17,hold,,,
https://poki.com/en/g/vacuum-vendetta,Vacuum Vendetta,online adventure games,category,True,62,0.17,hold,,,
https://poki.com/en/g/vacuum-vendetta,Vacuum Vendetta,online io games,category,False,51,0.0,hold,,,
https://poki.com/en/g/vacuum-vendetta,Vacuum Vendetta,dress up games,category,False,51,0.0,hold,,,
https://poki.com/en/g/vacuum-vendetta,Vacuum Vendetta,puzzle games,category,False,51,0.0,hold,,,
https://poki.com/en/g/vacuum-vendetta,Vacuum Vendetta,online soccer games,category,False,51,0.0,hold,,,
https://poki.com/en/g/vacuum-vendetta,Vacuum Vendetta,how to play vacuum vendetta,long_tail,False,51,0.0,hold,,,
https://poki.com/en/g/vacuum-vendetta,Vacuum Vendetta,vacuum vendetta controls,long_tail,False,51,0.0,hold,,,
https://poki.com/en/g/vacuum-vendetta,Vacuum Vendetta,games like vacuum vendetta,long_tail,False,51,0.0,hold,,,
https://poki.com/en/g/vacuum-vendetta,Vacuum Vendetta,vacuum vendetta unblocked,long_tail,False,51,0.0,hold,,,
https://poki.com/en/g/color-clash,Color Clash,color clash,game_name,True,62,0.33,hold,,,
https://poki.com/en/g/color-clash,Color Clash,play color clash online,game_name,False,51,0.17,hold,,,
https://poki.com/en/g/color-clash,Color Clash,color clash free,game_name,True,62,0.17,hold,,,
https://poki.com/en/g/color-clash,Color Clash,online shooting games,category,True,62,0.17,hold,,,
https://poki.com/en/g/color-clash,Color Clash,online car games,category,True,62,0.17,hold,,,
https://poki.com/en/g/color-clash,Color Clash,online 2 player games,category,True,62,0.17,hold,,,
https://poki.com/en/g/color-clash,Color Clash,online action games,category,True,62,0.17,hold,,,
https://poki.com/en/g/color-clash,Color Clash,online skill games,category,True,62,0.17,hold,,,
https://poki.com/en/g/color-clash,Color Clash,online multiplayer games,category,True,62,0.17,hold,,,
https://poki.com/en/g/color-clash,Color Clash,online adventure games,category,True,62,0.17,hold,,,
https://poki.com/en/g/color-clash,Color Clash,online io games,category,False,51,0.0,hold,,,
https://poki.com/en/g/color-clash,Color Clash,dress up games,category,False,51,0.0,hold,,,
https://poki.com/en/g/color-clash,Color Clash,puzzle games,category,False,51,0.0,hold,,,
https://poki.com/en/g/color-clash,Color Clash,online soccer games,category,False,51,0.0,hold,,,
https://poki.com/en/g/color-clash,Color Clash,how to play color clash,long_tail,False,51,0.0,hold,,,
https://poki.com/en/g/color-clash,Color Clash,color clash controls,long_tail,False,51,0.0,hold,,,
https://poki.com/en/g/color-clash,Color Clash,games like color clash,long_tail,False,51,0.0,hold,,,
https://poki.com/en/g/color-clash,Color Clash,color clash unblocked,long_tail,False,51,0.0,hold,,,
https://poki.com/en/g/free-flight,Free Flight,free flight,game_name,True,62,0.33,hold,,,
https://poki.com/en/g/free-flight,Free Flight,play free flight online,game_name,False,62,0.33,hold,,,
https://poki.com/en/g/free-flight,Free Flight,online shooting games,category,True,62,0.33,hold,,,
https://poki.com/en/g/free-flight,Free Flight,online car games,category,True,62,0.17,hold,,,
https://poki.com/en/g/free-flight,Free Flight,online 2 player games,category,True,62,0.17,hold,,,
https://poki.com/en/g/free-flight,Free Flight,online action games,category,True,62,0.17,hold,,,
https://poki.com/en/g/free-flight,Free Flight,online skill games,category,True,62,0.17,hold,,,
https://poki.com/en/g/free-flight,Free Flight,online multiplayer games,category,True,62,0.17,hold,,,
https://poki.com/en/g/free-flight,Free Flight,online adventure games,category,True,62,0.17,hold,,,
https://poki.com/en/g/free-flight,Free Flight,online io games,category,True,62,0.17,hold,,,
https://poki.com/en/g/free-flight,Free Flight,dress up games,category,False,51,0.0,hold,,,
https://poki.com/en/g/free-flight,Free Flight,puzzle games,category,False,51,0.0,hold,,,
https://poki.com/en/g/free-flight,Free Flight,online soccer games,category,False,51,0.0,hold,,,
https://poki.com/en/g/free-flight,Free Flight,how to play free flight,long_tail,False,51,0.0,hold,,,
https://poki.com/en/g/free-flight,Free Flight,free flight controls,long_tail,False,51,0.0,hold,,,
https://poki.com/en/g/free-flight,Free Flight,games like free flight,long_tail,False,51,0.0,hold,,,
https://poki.com/en/g/free-flight,Free Flight,free flight unblocked,long_tail,False,51,0.0,hold,,,
https://poki.com/en/g/tasty-tile,Tasty Tile,tasty tile,game_name,True,62,0.17,hold,,,
https://poki.com/en/g/tasty-tile,Tasty Tile,play tasty tile online,game_name,False,51,0.17,hold,,,
https://poki.com/en/g/tasty-tile,Tasty Tile,tasty tile free,game_name,False,51,0.17,hold,,,
https://poki.com/en/g/tasty-tile,Tasty Tile,online shooting games,category,True,62,0.17,hold,,,
https://poki.com/en/g/tasty-tile,Tasty Tile,online car games,category,True,62,0.17,hold,,,
https://poki.com/en/g/tasty-tile,Tasty Tile,online 2 player games,category,True,62,0.17,hold,,,
https://poki.com/en/g/tasty-tile,Tasty Tile,online action games,category,True,62,0.17,hold,,,
https://poki.com/en/g/tasty-tile,Tasty Tile,online skill games,category,True,62,0.17,hold,,,
https://poki.com/en/g/tasty-tile,Tasty Tile,online multiplayer games,category,True,62,0.17,hold,,,
https://poki.com/en/g/tasty-tile,Tasty Tile,online adventure games,category,True,62,0.17,hold,,,
https://poki.com/en/g/tasty-tile,Tasty Tile,online io games,category,False,51,0.0,hold,,,
https://poki.com/en/g/tasty-tile,Tasty Tile,puzzle games,category,False,51,0.0,hold,,,
https://poki.com/en/g/tasty-tile,Tasty Tile,dress up games,category,False,51,0.0,hold,,,
https://poki.com/en/g/tasty-tile,Tasty Tile,online soccer games,category,False,51,0.0,hold,,,
https://poki.com/en/g/tasty-tile,Tasty Tile,how to play tasty tile,long_tail,False,51,0.0,hold,,,
https://poki.com/en/g/tasty-tile,Tasty Tile,tasty tile controls,long_tail,False,51,0.0,hold,,,
https://poki.com/en/g/tasty-tile,Tasty Tile,games like tasty tile,long_tail,False,51,0.0,hold,,,
https://poki.com/en/g/tasty-tile,Tasty Tile,tasty tile unblocked,long_tail,False,51,0.0,hold,,,
https://poki.com/en/g/gravity-grid,Gravity Grid,gravity grid,game_name,True,62,0.17,hold,,,
https://poki.com/en/g/gravity-grid,Gravity Grid,play gravity grid online,game_name,False,51,0.17,hold,,,
https://poki.com/en/g/gravity-grid,Gravity Grid,gravity grid free,game_name,False,51,0.17,hold,,,
https://poki.com/en/g/gravity-grid,Gravity Grid,online shooting games,category,True,62,0.17,hold,,,
https://poki.com/en/g/gravity-grid,Gravity Grid,online car games,category,True,62,0.17,hold,,,
https://poki.com/en/g/gravity-grid,Gravity Grid,online 2 player games,category,True,62,0.17,hold,,,
https://poki.com/en/g/gravity-grid,Gravity Grid,online action games,category,True,62,0.17,hold,,,
https://poki.com/en/g/gravity-grid,Gravity Grid,online skill games,category,True,62,0.17,hold,,,
https://poki.com/en/g/gravity-grid,Gravity Grid,online multiplayer games,category,True,62,0.17,hold,,,
https://poki.com/en/g/gravity-grid,Gravity Grid,online adventure games,category,True,62,0.17,hold,,,
https://poki.com/en/g/gravity-grid,Gravity Grid,online io games,category,False,51,0.0,hold,,,
https://poki.com/en/g/gravity-grid,Gravity Grid,puzzle games,category,False,51,0.0,hold,,,
https://poki.com/en/g/gravity-grid,Gravity Grid,dress up games,category,False,51,0.0,hold,,,
https://poki.com/en/g/gravity-grid,Gravity Grid,online soccer games,category,False,51,0.0,hold,,,
https://poki.com/en/g/gravity-grid,Gravity Grid,how to play gravity grid,long_tail,False,51,0.0,hold,,,
https://poki.com/en/g/gravity-grid,Gravity Grid,gravity grid controls,long_tail,False,51,0.0,hold,,,
https://poki.com/en/g/gravity-grid,Gravity Grid,games like gravity grid,long_tail,False,51,0.0,hold,,,
https://poki.com/en/g/gravity-grid,Gravity Grid,gravity grid unblocked,long_tail,False,51,0.0,hold,,,
https://poki.com/en/g/isletlings,Isletlings,isletlings,game_name,False,51,0.17,hold,,,
https://poki.com/en/g/isletlings,Isletlings,play isletlings online,game_name,False,51,0.17,hold,,,
https://poki.com/en/g/isletlings,Isletlings,isletlings free,game_name,False,51,0.17,hold,,,
https://poki.com/en/g/isletlings,Isletlings,online shooting games,category,True,62,0.17,hold,,,
https://poki.com/en/g/isletlings,Isletlings,online car games,category,True,62,0.17,hold,,,
https://poki.com/en/g/isletlings,Isletlings,online 2 player games,category,True,62,0.17,hold,,,
https://poki.com/en/g/isletlings,Isletlings,online action games,category,True,62,0.17,hold,,,
https://poki.com/en/g/isletlings,Isletlings,online skill games,category,True,62,0.17,hold,,,
https://poki.com/en/g/isletlings,Isletlings,online multiplayer games,category,True,62,0.17,hold,,,
https://poki.com/en/g/isletlings,Isletlings,online adventure games,category,True,62,0.17,hold,,,
https://poki.com/en/g/isletlings,Isletlings,online io games,category,False,51,0.0,hold,,,
https://poki.com/en/g/isletlings,Isletlings,puzzle games,category,False,51,0.0,hold,,,
https://poki.com/en/g/isletlings,Isletlings,dress up games,category,False,51,0.0,hold,,,
https://poki.com/en/g/isletlings,Isletlings,online soccer games,category,False,51,0.0,hold,,,
https://poki.com/en/g/isletlings,Isletlings,how to play isletlings,long_tail,False,51,0.0,hold,,,
https://poki.com/en/g/isletlings,Isletlings,isletlings controls,long_tail,False,51,0.0,hold,,,
https://poki.com/en/g/isletlings,Isletlings,games like isletlings,long_tail,False,51,0.0,hold,,,
https://poki.com/en/g/isletlings,Isletlings,isletlings unblocked,long_tail,False,51,0.0,hold,,,
https://poki.com/en/g/sol-ops,SOL OPS,sol ops,game_name,False,51,0.17,hold,,,
https://poki.com/en/g/sol-ops,SOL OPS,play sol ops online,game_name,False,51,0.17,hold,,,
https://poki.com/en/g/sol-ops,SOL OPS,sol ops free,game_name,False,51,0.17,hold,,,
https://poki.com/en/g/sol-ops,SOL OPS,online shooting games,category,True,62,0.17,hold,,,
https://poki.com/en/g/sol-ops,SOL OPS,online car games,category,True,62,0.17,hold,,,
https://poki.com/en/g/sol-ops,SOL OPS,online 2 player games,category,True,62,0.17,hold,,,
https://poki.com/en/g/sol-ops,SOL OPS,online action games,category,True,62,0.17,hold,,,
https://poki.com/en/g/sol-ops,SOL OPS,online skill games,category,True,62,0.17,hold,,,
https://poki.com/en/g/sol-ops,SOL OPS,online multiplayer games,category,True,62,0.17,hold,,,
https://poki.com/en/g/sol-ops,SOL OPS,online adventure games,category,True,62,0.17,hold,,,
https://poki.com/en/g/sol-ops,SOL OPS,online io games,category,False,51,0.0,hold,,,
https://poki.com/en/g/sol-ops,SOL OPS,dress up games,category,False,51,0.0,hold,,,
https://poki.com/en/g/sol-ops,SOL OPS,puzzle games,category,False,51,0.0,hold,,,
https://poki.com/en/g/sol-ops,SOL OPS,online soccer games,category,False,51,0.0,hold,,,
https://poki.com/en/g/sol-ops,SOL OPS,how to play sol ops,long_tail,False,51,0.0,hold,,,
https://poki.com/en/g/sol-ops,SOL OPS,sol ops controls,long_tail,False,51,0.0,hold,,,
https://poki.com/en/g/sol-ops,SOL OPS,games like sol ops,long_tail,False,51,0.0,hold,,,
https://poki.com/en/g/sol-ops,SOL OPS,sol ops unblocked,long_tail,False,51,0.0,hold,,,
https://poki.com/en/g/drone-siege,Drone Siege,drone siege,game_name,False,51,0.33,hold,,,
https://poki.com/en/g/drone-siege,Drone Siege,play drone siege online,game_name,False,51,0.17,hold,,,
https://poki.com/en/g/drone-siege,Drone Siege,drone siege free,game_name,False,51,0.17,hold,,,
https://poki.com/en/g/drone-siege,Drone Siege,online shooting games,category,True,62,0.17,hold,,,
https://poki.com/en/g/drone-siege,Drone Siege,online car games,category,True,62,0.17,hold,,,
https://poki.com/en/g/drone-siege,Drone Siege,online 2 player games,category,True,62,0.17,hold,,,
https://poki.com/en/g/drone-siege,Drone Siege,online action games,category,True,62,0.17,hold,,,
https://poki.com/en/g/drone-siege,Drone Siege,online skill games,category,True,62,0.17,hold,,,
https://poki.com/en/g/drone-siege,Drone Siege,online multiplayer games,category,True,62,0.17,hold,,,
https://poki.com/en/g/drone-siege,Drone Siege,online adventure games,category,True,62,0.17,hold,,,
https://poki.com/en/g/drone-siege,Drone Siege,online io games,category,False,51,0.0,hold,,,
https://poki.com/en/g/drone-siege,Drone Siege,dress up games,category,False,51,0.0,hold,,,
https://poki.com/en/g/drone-siege,Drone Siege,puzzle games,category,False,51,0.0,hold,,,
https://poki.com/en/g/drone-siege,Drone Siege,online soccer games,category,False,51,0.0,hold,,,
https://poki.com/en/g/drone-siege,Drone Siege,how to play drone siege,long_tail,False,51,0.0,hold,,,
https://poki.com/en/g/drone-siege,Drone Siege,drone siege controls,long_tail,False,51,0.0,hold,,,
https://poki.com/en/g/drone-siege,Drone Siege,games like drone siege,long_tail,False,51,0.0,hold,,,
https://poki.com/en/g/drone-siege,Drone Siege,drone siege unblocked,long_tail,False,51,0.0,hold,,,
https://poki.com/en/g/happy-slimes,Happy Slimes,happy slimes,game_name,False,51,0.17,hold,,,
https://poki.com/en/g/happy-slimes,Happy Slimes,play happy slimes online,game_name,False,51,0.17,hold,,,
https://poki.com/en/g/happy-slimes,Happy Slimes,happy slimes free,game_name,False,51,0.17,hold,,,
https://poki.com/en/g/happy-slimes,Happy Slimes,online shooting games,category,True,62,0.17,hold,,,
https://poki.com/en/g/happy-slimes,Happy Slimes,online car games,category,True,62,0.17,hold,,,
https://poki.com/en/g/happy-slimes,Happy Slimes,online 2 player games,category,True,62,0.17,hold,,,
https://poki.com/en/g/happy-slimes,Happy Slimes,online action games,category,True,62,0.17,hold,,,
https://poki.com/en/g/happy-slimes,Happy Slimes,online skill games,category,True,62,0.17,hold,,,
https://poki.com/en/g/happy-slimes,Happy Slimes,online multiplayer games,category,True,62,0.17,hold,,,
https://poki.com/en/g/happy-slimes,Happy Slimes,online adventure games,category,True,62,0.17,hold,,,
https://poki.com/en/g/happy-slimes,Happy Slimes,online io games,category,False,51,0.0,hold,,,
https://poki.com/en/g/happy-slimes,Happy Slimes,puzzle games,category,False,51,0.0,hold,,,
https://poki.com/en/g/happy-slimes,Happy Slimes,dress up games,category,False,51,0.0,hold,,,
https://poki.com/en/g/happy-slimes,Happy Slimes,online soccer games,category,False,51,0.0,hold,,,
https://poki.com/en/g/happy-slimes,Happy Slimes,how to play happy slimes,long_tail,False,51,0.0,hold,,,
https://poki.com/en/g/happy-slimes,Happy Slimes,happy slimes controls,long_tail,False,51,0.0,hold,,,
https://poki.com/en/g/happy-slimes,Happy Slimes,games like happy slimes,long_tail,False,51,0.0,hold,,,
https://poki.com/en/g/happy-slimes,Happy Slimes,happy slimes unblocked,long_tail,False,51,0.0,hold,,,
https://poki.com/en/g/my-dream-house-makeover,My Dream House Makeover,my dream house makeover,game_name,True,61,0.17,hold,,,
https://poki.com/en/g/my-dream-house-makeover,My Dream House Makeover,play my dream house makeover online,game_name,False,49,0.17,hold,,,
https://poki.com/en/g/my-dream-house-makeover,My Dream House Makeover,my dream house makeover free,game_name,False,49,0.17,hold,,,
https://poki.com/en/g/my-dream-house-makeover,My Dream House Makeover,online block games,category,True,61,0.17,hold,,,
https://poki.com/en/g/my-dream-house-makeover,My Dream House Makeover,online simulation games,category,True,61,0.17,hold,,,
https://poki.com/en/g/my-dream-house-makeover,My Dream House Makeover,online shooting games,category,True,61,0.17,hold,,,
https://poki.com/en/g/my-dream-house-makeover,My Dream House Makeover,idle games,category,True,61,0.17,hold,,,
https://poki.com/en/g/my-dream-house-makeover,My Dream House Makeover,dress up games,category,True,61,0.17,hold,,,
https://poki.com/en/g/my-dream-house-makeover,My Dream House Makeover,puzzle games,category,True,61,0.17,hold,,,
https://poki.com/en/g/my-dream-house-makeover,My Dream House Makeover,how to play my dream house makeover,long_tail,False,49,0.17,hold,,,
https://poki.com/en/g/my-dream-house-makeover,My Dream House Makeover,my dream house makeover controls,long_tail,False,49,0.0,hold,,,
https://poki.com/en/g/my-dream-house-makeover,My Dream House Makeover,games like my dream house makeover,long_tail,False,49,0.0,hold,,,
https://poki.com/en/g/my-dream-house-makeover,My Dream House Makeover,my dream house makeover unblocked,long_tail,False,49,0.0,hold,,,
https://poki.com/en/g/blumgi-zoo,Blumgi Zoo,blumgi zoo,game_name,False,48,0.17,hold,,,
https://poki.com/en/g/blumgi-zoo,Blumgi Zoo,play blumgi zoo online,game_name,False,48,0.17,hold,,,
https://poki.com/en/g/blumgi-zoo,Blumgi Zoo,blumgi zoo free,game_name,False,48,0.17,hold,,,
https://poki.com/en/g/blumgi-zoo,Blumgi Zoo,online animal games,category,True,59,0.17,hold,,,
https://poki.com/en/g/blumgi-zoo,Blumgi Zoo,online skill games,category,True,59,0.17,hold,,,
https://poki.com/en/g/blumgi-zoo,Blumgi Zoo,online merge games,category,True,59,0.17,hold,,,
https://poki.com/en/g/blumgi-zoo,Blumgi Zoo,online cozy games,category,True,59,0.17,hold,,,
https://poki.com/en/g/blumgi-zoo,Blumgi Zoo,online adventure games,category,True,59,0.17,hold,,,
https://poki.com/en/g/blumgi-zoo,Blumgi Zoo,online simulation games,category,True,59,0.17,hold,,,
https://poki.com/en/g/blumgi-zoo,Blumgi Zoo,online 2 player games,category,True,59,0.17,hold,,,
https://poki.com/en/g/blumgi-zoo,Blumgi Zoo,online popular games,category,False,48,0.0,hold,,,
https://poki.com/en/g/blumgi-zoo,Blumgi Zoo,online retro games,category,False,48,0.0,hold,,,
https://poki.com/en/g/blumgi-zoo,Blumgi Zoo,online slime games,category,False,48,0.0,hold,,,
https://poki.com/en/g/blumgi-zoo,Blumgi Zoo,online fashion games,category,False,48,0.0,hold,,,
https://poki.com/en/g/blumgi-zoo,Blumgi Zoo,dress up games,category,False,48,0.0,hold,,,
https://poki.com/en/g/blumgi-zoo,Blumgi Zoo,merge games,category,False,48,0.0,hold,,,
https://poki.com/en/g/blumgi-zoo,Blumgi Zoo,how to play blumgi zoo,long_tail,False,48,0.0,hold,,,
https://poki.com/en/g/blumgi-zoo,Blumgi Zoo,blumgi zoo controls,long_tail,False,48,0.0,hold,,,
https://poki.com/en/g/blumgi-zoo,Blumgi Zoo,games like blumgi zoo,long_tail,False,48,0.0,hold,,,
https://poki.com/en/g/blumgi-zoo,Blumgi Zoo,blumgi zoo unblocked,long_tail,False,48,0.0,hold,,,
https://poki.com/en/g/cardtamer,Cardtamer,cardtamer,game_name,False,41,0.17,hold,,,
https://poki.com/en/g/cardtamer,Cardtamer,play cardtamer online,game_name,False,41,0.17,hold,,,
https://poki.com/en/g/cardtamer,Cardtamer,cardtamer free,game_name,False,41,0.17,hold,,,
https://poki.com/en/g/cardtamer,Cardtamer,online animal games,category,True,52,0.17,hold,,,
https://poki.com/en/g/cardtamer,Cardtamer,online cozy games,category,True,52,0.17,hold,,,
https://poki.com/en/g/cardtamer,Cardtamer,online adventure games,category,True,52,0.17,hold,,,
https://poki.com/en/g/cardtamer,Cardtamer,online simulation games,category,True,52,0.17,hold,,,
https://poki.com/en/g/cardtamer,Cardtamer,online 3d games,category,True,52,0.17,hold,,,
https://poki.com/en/g/cardtamer,Cardtamer,online shooting games,category,True,52,0.17,hold,,,
https://poki.com/en/g/cardtamer,Cardtamer,idle games,category,True,52,0.17,hold,,,
https://poki.com/en/g/cardtamer,Cardtamer,dress up games,category,False,41,0.0,hold,,,
https://poki.com/en/g/cardtamer,Cardtamer,how to play cardtamer,long_tail,False,41,0.0,hold,,,
https://poki.com/en/g/cardtamer,Cardtamer,cardtamer controls,long_tail,False,41,0.0,hold,,,
https://poki.com/en/g/cardtamer,Cardtamer,games like cardtamer,long_tail,False,41,0.0,hold,,,
https://poki.com/en/g/cardtamer,Cardtamer,cardtamer unblocked,long_tail,False,41,0.0,hold,,,
https://poki.com/en/g/catchnmerge,Catch'n'Merge,catch'n'merge,game_name,False,46,0.17,hold,,,
https://poki.com/en/g/catchnmerge,Catch'n'Merge,play catch'n'merge online,game_name,False,46,0.17,hold,,,
https://poki.com/en/g/catchnmerge,Catch'n'Merge,catch'n'merge free,game_name,False,46,0.17,hold,,,
https://poki.com/en/g/catchnmerge,Catch'n'Merge,online watermelon games,category,False,46,0.17,hold,,,
https://poki.com/en/g/catchnmerge,Catch'n'Merge,online merge games,category,True,57,0.17,hold,,,
https://poki.com/en/g/catchnmerge,Catch'n'Merge,online skill games,category,True,57,0.17,hold,,,
https://poki.com/en/g/catchnmerge,Catch'n'Merge,online 2 player games,category,True,57,0.17,hold,,,
https://poki.com/en/g/catchnmerge,Catch'n'Merge,online educational games,category,True,57,0.17,hold,,,
https://poki.com/en/g/catchnmerge,Catch'n'Merge,online adventure games,category,True,57,0.17,hold,,,
https://poki.com/en/g/catchnmerge,Catch'n'Merge,merge games,category,True,57,0.17,hold,,,
https://poki.com/en/g/catchnmerge,Catch'n'Merge,online shooting games,category,False,46,0.0,hold,,,
https://poki.com/en/g/catchnmerge,Catch'n'Merge,idle games,category,False,46,0.0,hold,,,
https://poki.com/en/g/catchnmerge,Catch'n'Merge,dress up games,category,False,46,0.0,hold,,,
https://poki.com/en/g/catchnmerge,Catch'n'Merge,how to play catch'n'merge,long_tail,False,46,0.0,hold,,,
https://poki.com/en/g/catchnmerge,Catch'n'Merge,catch'n'merge controls,long_tail,False,46,0.0,hold,,,
https://poki.com/en/g/catchnmerge,Catch'n'Merge,games like catch'n'merge,long_tail,False,46,0.0,hold,,,
https://poki.com/en/g/catchnmerge,Catch'n'Merge,catch'n'merge unblocked,long_tail,False,46,0.0,hold,,,
https://poki.com/en/g/monster-base-defense-survival,Monster Base Defense: Survival,monster base defense: survival,game_name,False,48,0.17,hold,,,
https://poki.com/en/g/monster-base-defense-survival,Monster Base Defense: Survival,play monster base defense: survival online,game_name,False,48,0.17,hold,,,
https://poki.com/en/g/monster-base-defense-survival,Monster Base Defense: Survival,monster base defense: survival free,game_name,False,48,0.17,hold,,,
https://poki.com/en/g/monster-base-defense-survival,Monster Base Defense: Survival,online shooting games,category,True,59,0.17,hold,,,
https://poki.com/en/g/monster-base-defense-survival,Monster Base Defense: Survival,online action games,category,True,59,0.17,hold,,,
https://poki.com/en/g/monster-base-defense-survival,Monster Base Defense: Survival,online survival games,category,True,59,0.17,hold,,,
https://poki.com/en/g/monster-base-defense-survival,Monster Base Defense: Survival,online adventure games,category,True,59,0.17,hold,,,
https://poki.com/en/g/monster-base-defense-survival,Monster Base Defense: Survival,online skill games,category,True,59,0.17,hold,,,
https://poki.com/en/g/monster-base-defense-survival,Monster Base Defense: Survival,online gun games,category,True,59,0.17,hold,,,
https://poki.com/en/g/monster-base-defense-survival,Monster Base Defense: Survival,online 3d games,category,True,59,0.17,hold,,,
https://poki.com/en/g/monster-base-defense-survival,Monster Base Defense: Survival,online classic games,category,False,48,0.0,hold,,,
https://poki.com/en/g/monster-base-defense-survival,Monster Base Defense: Survival,online nitrome games,category,False,48,0.0,hold,,,
https://poki.com/en/g/monster-base-defense-survival,Monster Base Defense: Survival,online popular games,category,False,48,0.0,hold,,,
https://poki.com/en/g/monster-base-defense-survival,Monster Base Defense: Survival,online bike games,category,False,48,0.0,hold,,,
https://poki.com/en/g/monster-base-defense-survival,Monster Base Defense: Survival,merge games,category,False,48,0.0,hold,,,
https://poki.com/en/g/monster-base-defense-survival,Monster Base Defense: Survival,dress up games,category,False,48,0.0,hold,,,
https://poki.com/en/g/monster-base-defense-survival,Monster Base Defense: Survival,how to play monster base defense: survival,long_tail,False,48,0.0,hold,,,
https://poki.com/en/g/monster-base-defense-survival,Monster Base Defense: Survival,monster base defense: survival controls,long_tail,False,48,0.0,hold,,,
https://poki.com/en/g/monster-base-defense-survival,Monster Base Defense: Survival,games like monster base defense: survival,long_tail,False,48,0.0,hold,,,
https://poki.com/en/g/monster-base-defense-survival,Monster Base Defense: Survival,monster base defense: survival unblocked,long_tail,False,48,0.0,hold,,,
https://poki.com/en/g/moorko,Moorko,moorko,game_name,True,51,0.17,hold,,,
https://poki.com/en/g/moorko,Moorko,play moorko online,game_name,False,40,0.17,hold,,,
https://poki.com/en/g/moorko,Moorko,moorko free,game_name,False,40,0.17,hold,,,
https://poki.com/en/g/moorko,Moorko,online dinosaur games,category,True,51,0.17,hold,,,
https://poki.com/en/g/moorko,Moorko,online shooting games,category,True,51,0.17,hold,,,
https://poki.com/en/g/moorko,Moorko,idle games,category,True,51,0.17,hold,,,
https://poki.com/en/g/moorko,Moorko,dress up games,category,True,51,0.17,hold,,,
https://poki.com/en/g/moorko,Moorko,puzzle games,category,True,51,0.17,hold,,,
https://poki.com/en/g/moorko,Moorko,how to play moorko,long_tail,False,40,0.17,hold,,,
https://poki.com/en/g/moorko,Moorko,moorko controls,long_tail,False,40,0.17,hold,,,
https://poki.com/en/g/moorko,Moorko,games like moorko,long_tail,False,40,0.0,hold,,,
https://poki.com/en/g/moorko,Moorko,moorko unblocked,long_tail,False,40,0.0,hold,,,
https://poki.com/en/g/my-little-universe-zombie-survival,My Little Universe Zombie Survival,my little universe zombie survival,game_name,False,47,0.17,hold,,,
https://poki.com/en/g/my-little-universe-zombie-survival,My Little Universe Zombie Survival,play my little universe zombie survival online,game_name,False,47,0.17,hold,,,
https://poki.com/en/g/my-little-universe-zombie-survival,My Little Universe Zombie Survival,my little universe zombie survival free,game_name,False,47,0.17,hold,,,
https://poki.com/en/g/my-little-universe-zombie-survival,My Little Universe Zombie Survival,online zombie games,category,True,58,0.17,hold,,,
https://poki.com/en/g/my-little-universe-zombie-survival,My Little Universe Zombie Survival,online adventure games,category,True,58,0.17,hold,,,
https://poki.com/en/g/my-little-universe-zombie-survival,My Little Universe Zombie Survival,online idle games,category,True,58,0.17,hold,,,
https://poki.com/en/g/my-little-universe-zombie-survival,My Little Universe Zombie Survival,online shooting games,category,True,58,0.17,hold,,,
https://poki.com/en/g/my-little-universe-zombie-survival,My Little Universe Zombie Survival,online car games,category,True,58,0.17,hold,,,
https://poki.com/en/g/my-little-universe-zombie-survival,My Little Universe Zombie Survival,online multiplayer games,category,True,58,0.17,hold,,,
https://poki.com/en/g/my-little-universe-zombie-survival,My Little Universe Zombie Survival,online simulation games,category,True,58,0.17,hold,,,
https://poki.com/en/g/my-little-universe-zombie-survival,My Little Universe Zombie Survival,online skill games,category,False,47,0.0,hold,,,
https://poki.com/en/g/my-little-universe-zombie-survival,My Little Universe Zombie Survival,online action games,category,False,47,0.0,hold,,,
https://poki.com/en/g/my-little-universe-zombie-survival,My Little Universe Zombie Survival,idle games,category,False,47,0.0,hold,,,
https://poki.com/en/g/my-little-universe-zombie-survival,My Little Universe Zombie Survival,merge games,category,False,47,0.0,hold,,,
https://poki.com/en/g/my-little-universe-zombie-survival,My Little Universe Zombie Survival,dress up games,category,False,47,0.0,hold,,,
https://poki.com/en/g/my-little-universe-zombie-survival,My Little Universe Zombie Survival,how to play my little universe zombie survival,long_tail,False,47,0.0,hold,,,
https://poki.com/en/g/my-little-universe-zombie-survival,My Little Universe Zombie Survival,my little universe zombie survival controls,long_tail,False,47,0.0,hold,,,
https://poki.com/en/g/my-little-universe-zombie-survival,My Little Universe Zombie Survival,games like my little universe zombie survival,long_tail,False,47,0.0,hold,,,
https://poki.com/en/g/my-little-universe-zombie-survival,My Little Universe Zombie Survival,my little universe zombie survival unblocked,long_tail,False,47,0.0,hold,,,
https://poki.com/en/g/my-snack-bar,My Snack Bar,my snack bar,game_name,True,60,0.17,hold,,,
https://poki.com/en/g/my-snack-bar,My Snack Bar,play my snack bar online,game_name,False,48,0.17,hold,,,
https://poki.com/en/g/my-snack-bar,My Snack Bar,my snack bar free,game_name,False,48,0.17,hold,,,
https://poki.com/en/g/my-snack-bar,My Snack Bar,online animal games,category,True,60,0.17,hold,,,
https://poki.com/en/g/my-snack-bar,My Snack Bar,online tycoon games,category,True,60,0.17,hold,,,
https://poki.com/en/g/my-snack-bar,My Snack Bar,online food games,category,True,60,0.17,hold,,,
https://poki.com/en/g/my-snack-bar,My Snack Bar,online idle games,category,True,60,0.17,hold,,,
https://poki.com/en/g/my-snack-bar,My Snack Bar,online restaurant games,category,True,60,0.17,hold,,,
https://poki.com/en/g/my-snack-bar,My Snack Bar,online 3d games,category,True,60,0.17,hold,,,
https://poki.com/en/g/my-snack-bar,My Snack Bar,online simulation games,category,True,60,0.17,hold,,,
https://poki.com/en/g/my-snack-bar,My Snack Bar,online car games,category,False,48,0.0,hold,,,
https://poki.com/en/g/my-snack-bar,My Snack Bar,online farm games,category,False,48,0.0,hold,,,
https://poki.com/en/g/my-snack-bar,My Snack Bar,online cat games,category,False,48,0.0,hold,,,
https://poki.com/en/g/my-snack-bar,My Snack Bar,idle games,category,False,48,0.0,hold,,,
https://poki.com/en/g/my-snack-bar,My Snack Bar,online shooting games,category,False,48,0.0,hold,,,
https://poki.com/en/g/my-snack-bar,My Snack Bar,dress up games,category,False,48,0.0,hold,,,
https://poki.com/en/g/my-snack-bar,My Snack Bar,how to play my snack bar,long_tail,False,48,0.0,hold,,,
https://poki.com/en/g/my-snack-bar,My Snack Bar,my snack bar controls,long_tail,False,48,0.0,hold,,,
https://poki.com/en/g/my-snack-bar,My Snack Bar,games like my snack bar,long_tail,False,48,0.0,hold,,,
https://poki.com/en/g/my-snack-bar,My Snack Bar,my snack bar unblocked,long_tail,False,48,0.0,hold,,,
https://poki.com/en/g/obby-escape-the-old-mansion,Obby: Escape the Old Mansion,obby: escape the old mansion,game_name,False,44,0.17,hold,,,
https://poki.com/en/g/obby-escape-the-old-mansion,Obby: Escape the Old Mansion,play obby: escape the old mansion online,game_name,False,44,0.17,hold,,,
https://poki.com/en/g/obby-escape-the-old-mansion,Obby: Escape the Old Mansion,obby: escape the old mansion free,game_name,False,44,0.17,hold,,,
https://poki.com/en/g/obby-escape-the-old-mansion,Obby: Escape the Old Mansion,online obby games,category,True,55,0.17,hold,,,
https://poki.com/en/g/obby-escape-the-old-mansion,Obby: Escape the Old Mansion,online 3d games,category,True,55,0.17,hold,,,
https://poki.com/en/g/obby-escape-the-old-mansion,Obby: Escape the Old Mansion,online adventure games,category,True,55,0.17,hold,,,
https://poki.com/en/g/obby-escape-the-old-mansion,Obby: Escape the Old Mansion,online dog games,category,True,55,0.17,hold,,,
https://poki.com/en/g/obby-escape-the-old-mansion,Obby: Escape the Old Mansion,online escape games,category,True,55,0.17,hold,,,
https://poki.com/en/g/obby-escape-the-old-mansion,Obby: Escape the Old Mansion,online skill games,category,True,55,0.17,hold,,,
https://poki.com/en/g/obby-escape-the-old-mansion,Obby: Escape the Old Mansion,online popular games,category,True,55,0.17,hold,,,
https://poki.com/en/g/obby-escape-the-old-mansion,Obby: Escape the Old Mansion,online platform games,category,False,44,0.0,hold,,,
https://poki.com/en/g/obby-escape-the-old-mansion,Obby: Escape the Old Mansion,online multiplayer games,category,False,44,0.0,hold,,,
https://poki.com/en/g/obby-escape-the-old-mansion,Obby: Escape the Old Mansion,online action games,category,False,44,0.0,hold,,,
https://poki.com/en/g/obby-escape-the-old-mansion,Obby: Escape the Old Mansion,online io games,category,False,44,0.0,hold,,,
https://poki.com/en/g/obby-escape-the-old-mansion,Obby: Escape the Old Mansion,online running games,category,False,44,0.0,hold,,,
https://poki.com/en/g/obby-escape-the-old-mansion,Obby: Escape the Old Mansion,dress up games,category,False,44,0.0,hold,,,
https://poki.com/en/g/obby-escape-the-old-mansion,Obby: Escape the Old Mansion,how to play obby: escape the old mansion,long_tail,False,44,0.0,hold,,,
https://poki.com/en/g/obby-escape-the-old-mansion,Obby: Escape the Old Mansion,obby: escape the old mansion controls,long_tail,False,44,0.0,hold,,,
https://poki.com/en/g/obby-escape-the-old-mansion,Obby: Escape the Old Mansion,games like obby: escape the old mansion,long_tail,False,44,0.0,hold,,,
https://poki.com/en/g/obby-escape-the-old-mansion,Obby: Escape the Old Mansion,obby: escape the old mansion unblocked,long_tail,False,44,0.0,hold,,,
https://poki.com/en/g/slidy-match,Slidy match,slidy match,game_name,False,45,0.17,hold,,,
https://poki.com/en/g/slidy-match,Slidy match,play slidy match online,game_name,False,45,0.17,hold,,,
https://poki.com/en/g/slidy-match,Slidy match,slidy match free,game_name,False,45,0.17,hold,,,
https://poki.com/en/g/slidy-match,Slidy match,online color games,category,True,56,0.17,hold,,,
https://poki.com/en/g/slidy-match,Slidy match,online puzzle games,category,True,56,0.17,hold,,,
https://poki.com/en/g/slidy-match,Slidy match,online matching games,category,True,56,0.17,hold,,,
https://poki.com/en/g/slidy-match,Slidy match,online animal games,category,True,56,0.17,hold,,,
https://poki.com/en/g/slidy-match,Slidy match,online adventure games,category,True,56,0.17,hold,,,
https://poki.com/en/g/slidy-match,Slidy match,online brain games,category,True,56,0.17,hold,,,
https://poki.com/en/g/slidy-match,Slidy match,puzzle games,category,True,56,0.17,hold,,,
https://poki.com/en/g/slidy-match,Slidy match,online soccer games,category,False,45,0.0,hold,,,
https://poki.com/en/g/slidy-match,Slidy match,how to play slidy match,long_tail,False,45,0.0,hold,,,
https://poki.com/en/g/slidy-match,Slidy match,slidy match controls,long_tail,False,45,0.0,hold,,,
https://poki.com/en/g/slidy-match,Slidy match,games like slidy match,long_tail,False,45,0.0,hold,,,
https://poki.com/en/g/slidy-match,Slidy match,slidy match unblocked,long_tail,False,45,0.0,hold,,,
https://poki.com/en/g/stretch-me,Stretch Me,stretch me,game_name,True,59,0.33,hold,,,
https://poki.com/en/g/stretch-me,Stretch Me,play stretch me online,game_name,False,48,0.17,hold,,,
https://poki.com/en/g/stretch-me,Stretch Me,stretch me free,game_name,False,48,0.17,hold,,,
https://poki.com/en/g/stretch-me,Stretch Me,online ragdoll games,category,True,59,0.17,hold,,,
https://poki.com/en/g/stretch-me,Stretch Me,online skill games,category,True,59,0.17,hold,,,
https://poki.com/en/g/stretch-me,Stretch Me,online io games,category,True,59,0.17,hold,,,
https://poki.com/en/g/stretch-me,Stretch Me,online shooting games,category,True,59,0.17,hold,,,
https://poki.com/en/g/stretch-me,Stretch Me,online car games,category,True,59,0.17,hold,,,
https://poki.com/en/g/stretch-me,Stretch Me,online animal games,category,True,59,0.17,hold,,,
https://poki.com/en/g/stretch-me,Stretch Me,online puzzle games,category,True,59,0.17,hold,,,
https://poki.com/en/g/stretch-me,Stretch Me,online watermelon games,category,False,48,0.0,hold,,,
https://poki.com/en/g/stretch-me,Stretch Me,online soccer games,category,False,48,0.0,hold,,,
https://poki.com/en/g/stretch-me,Stretch Me,online popular games,category,False,48,0.0,hold,,,
https://poki.com/en/g/stretch-me,Stretch Me,online fighting games,category,False,48,0.0,hold,,,
https://poki.com/en/g/stretch-me,Stretch Me,puzzle games,category,False,48,0.0,hold,,,
https://poki.com/en/g/stretch-me,Stretch Me,dress up games,category,False,48,0.0,hold,,,
https://poki.com/en/g/stretch-me,Stretch Me,how to play stretch me,long_tail,False,48,0.0,hold,,,
https://poki.com/en/g/stretch-me,Stretch Me,stretch me controls,long_tail,False,48,0.0,hold,,,
https://poki.com/en/g/stretch-me,Stretch Me,games like stretch me,long_tail,False,48,0.0,hold,,,
https://poki.com/en/g/stretch-me,Stretch Me,stretch me unblocked,long_tail,False,48,0.0,hold,,,
https://poki.com/en/g/run-fight,Run & Fight,run & fight,game_name,False,62,0.33,hold,,,
https://poki.com/en/g/run-fight,Run & Fight,play run & fight online,game_name,False,51,0.17,hold,,,
https://poki.com/en/g/run-fight,Run & Fight,run & fight free,game_name,False,51,0.17,hold,,,
https://poki.com/en/g/run-fight,Run & Fight,online shooting games,category,True,62,0.17,hold,,,
https://poki.com/en/g/run-fight,Run & Fight,online car games,category,True,62,0.17,hold,,,
https://poki.com/en/g/run-fight,Run & Fight,online 2 player games,category,True,62,0.17,hold,,,
https://poki.com/en/g/run-fight,Run & Fight,online action games,category,True,62,0.17,hold,,,
https://poki.com/en/g/run-fight,Run & Fight,online skill games,category,True,62,0.17,hold,,,
https://poki.com/en/g/run-fight,Run & Fight,online multiplayer games,category,True,62,0.17,hold,,,
https://poki.com/en/g/run-fight,Run & Fight,online adventure games,category,True,62,0.17,hold,,,
https://poki.com/en/g/run-fight,Run & Fight,online io games,category,False,51,0.0,hold,,,
https://poki.com/en/g/run-fight,Run & Fight,dress up games,category,False,51,0.0,hold,,,
https://poki.com/en/g/run-fight,Run & Fight,puzzle games,category,False,51,0.0,hold,,,
https://poki.com/en/g/run-fight,Run & Fight,online soccer games,category,False,51,0.0,hold,,,
https://poki.com/en/g/run-fight,Run & Fight,how to play run & fight,long_tail,False,51,0.0,hold,,,
https://poki.com/en/g/run-fight,Run & Fight,run & fight controls,long_tail,False,51,0.0,hold,,,
https://poki.com/en/g/run-fight,Run & Fight,games like run & fight,long_tail,False,51,0.0,hold,,,
https://poki.com/en/g/run-fight,Run & Fight,run & fight unblocked,long_tail,False,51,0.0,hold,,,
https://poki.com/en/g/1000-steps-tower,1000 steps tower,1000 steps tower,game_name,False,51,0.17,hold,,,
https://poki.com/en/g/1000-steps-tower,1000 steps tower,play 1000 steps tower online,game_name,False,51,0.17,hold,,,
https://poki.com/en/g/1000-steps-tower,1000 steps tower,1000 steps tower free,game_name,False,51,0.17,hold,,,
https://poki.com/en/g/1000-steps-tower,1000 steps tower,online shooting games,category,True,62,0.17,hold,,,
https://poki.com/en/g/1000-steps-tower,1000 steps tower,online car games,category,True,62,0.17,hold,,,
https://poki.com/en/g/1000-steps-tower,1000 steps tower,online 2 player games,category,True,62,0.17,hold,,,
https://poki.com/en/g/1000-steps-tower,1000 steps tower,online action games,category,True,62,0.17,hold,,,
https://poki.com/en/g/1000-steps-tower,1000 steps tower,online skill games,category,True,62,0.17,hold,,,
https://poki.com/en/g/1000-steps-tower,1000 steps tower,online multiplayer games,category,True,62,0.17,hold,,,
https://poki.com/en/g/1000-steps-tower,1000 steps tower,online adventure games,category,True,62,0.17,hold,,,
https://poki.com/en/g/1000-steps-tower,1000 steps tower,online io games,category,False,51,0.0,hold,,,
https://poki.com/en/g/1000-steps-tower,1000 steps tower,dress up games,category,False,51,0.0,hold,,,
https://poki.com/en/g/1000-steps-tower,1000 steps tower,puzzle games,category,False,51,0.0,hold,,,
https://poki.com/en/g/1000-steps-tower,1000 steps tower,online soccer games,category,False,51,0.0,hold,,,
https://poki.com/en/g/1000-steps-tower,1000 steps tower,how to play 1000 steps tower,long_tail,False,51,0.0,hold,,,
https://poki.com/en/g/1000-steps-tower,1000 steps tower,1000 steps tower controls,long_tail,False,51,0.0,hold,,,
https://poki.com/en/g/1000-steps-tower,1000 steps tower,games like 1000 steps tower,long_tail,False,51,0.0,hold,,,
https://poki.com/en/g/1000-steps-tower,1000 steps tower,1000 steps tower unblocked,long_tail,False,51,0.0,hold,,,
https://poki.com/en/g/battle-bots-arena,Battle Bots Arena,battle bots arena,game_name,False,51,0.17,hold,,,
https://poki.com/en/g/battle-bots-arena,Battle Bots Arena,play battle bots arena online,game_name,False,51,0.17,hold,,,
https://poki.com/en/g/battle-bots-arena,Battle Bots Arena,battle bots arena free,game_name,False,51,0.17,hold,,,
https://poki.com/en/g/battle-bots-arena,Battle Bots Arena,online shooting games,category,True,62,0.17,hold,,,
https://poki.com/en/g/battle-bots-arena,Battle Bots Arena,online car games,category,True,62,0.17,hold,,,
https://poki.com/en/g/battle-bots-arena,Battle Bots Arena,online 2 player games,category,True,62,0.17,hold,,,
https://poki.com/en/g/battle-bots-arena,Battle Bots Arena,online action games,category,True,62,0.17,hold,,,
https://poki.com/en/g/battle-bots-arena,Battle Bots Arena,online skill games,category,True,62,0.17,hold,,,
https://poki.com/en/g/battle-bots-arena,Battle Bots Arena,online multiplayer games,category,True,62,0.17,hold,,,
https://poki.com/en/g/battle-bots-arena,Battle Bots Arena,online adventure games,category,True,62,0.17,hold,,,
https://poki.com/en/g/battle-bots-arena,Battle Bots Arena,online io games,category,False,51,0.0,hold,,,
https://poki.com/en/g/battle-bots-arena,Battle Bots Arena,dress up games,category,False,51,0.0,hold,,,
https://poki.com/en/g/battle-bots-arena,Battle Bots Arena,puzzle games,category,False,51,0.0,hold,,,
https://poki.com/en/g/battle-bots-arena,Battle Bots Arena,online soccer games,category,False,51,0.0,hold,,,
https://poki.com/en/g/battle-bots-arena,Battle Bots Arena,how to play battle bots arena,long_tail,False,51,0.0,hold,,,
https://poki.com/en/g/battle-bots-arena,Battle Bots Arena,battle bots arena controls,long_tail,False,51,0.0,hold,,,
https://poki.com/en/g/battle-bots-arena,Battle Bots Arena,games like battle bots arena,long_tail,False,51,0.0,hold,,,
https://poki.com/en/g/battle-bots-arena,Battle Bots Arena,battle bots arena unblocked,long_tail,False,51,0.0,hold,,,
https://poki.com/en/g/rogue-riders,Rogue Riders,rogue riders,game_name,True,62,0.17,hold,,,
https://poki.com/en/g/rogue-riders,Rogue Riders,play rogue riders online,game_name,False,51,0.17,hold,,,
https://poki.com/en/g/rogue-riders,Rogue Riders,rogue riders free,game_name,False,51,0.17,hold,,,
https://poki.com/en/g/rogue-riders,Rogue Riders,online shooting games,category,True,62,0.17,hold,,,
https://poki.com/en/g/rogue-riders,Rogue Riders,online car games,category,True,62,0.17,hold,,,
https://poki.com/en/g/rogue-riders,Rogue Riders,online 2 player games,category,True,62,0.17,hold,,,
https://poki.com/en/g/rogue-riders,Rogue Riders,online action games,category,True,62,0.17,hold,,,
https://poki.com/en/g/rogue-riders,Rogue Riders,online skill games,category,True,62,0.17,hold,,,
https://poki.com/en/g/rogue-riders,Rogue Riders,online multiplayer games,category,True,62,0.17,hold,,,
https://poki.com/en/g/rogue-riders,Rogue Riders,online adventure games,category,True,62,0.17,hold,,,
https://poki.com/en/g/rogue-riders,Rogue Riders,online io games,category,False,51,0.0,hold,,,
https://poki.com/en/g/rogue-riders,Rogue Riders,dress up games,category,False,51,0.0,hold,,,
https://poki.com/en/g/rogue-riders,Rogue Riders,puzzle games,category,False,51,0.0,hold,,,
https://poki.com/en/g/rogue-riders,Rogue Riders,online soccer games,category,False,51,0.0,hold,,,
https://poki.com/en/g/rogue-riders,Rogue Riders,how to play rogue riders,long_tail,False,51,0.0,hold,,,
https://poki.com/en/g/rogue-riders,Rogue Riders,rogue riders controls,long_tail,False,51,0.0,hold,,,
https://poki.com/en/g/rogue-riders,Rogue Riders,games like rogue riders,long_tail,False,51,0.0,hold,,,
https://poki.com/en/g/rogue-riders,Rogue Riders,rogue riders unblocked,long_tail,False,51,0.0,hold,,,
https://poki.com/en/g/bubble-pop-arrow-puzzle,Bubble Pop: Arrow Puzzle,bubble pop: arrow puzzle,game_name,False,51,0.17,hold,,,
https://poki.com/en/g/bubble-pop-arrow-puzzle,Bubble Pop: Arrow Puzzle,play bubble pop: arrow puzzle online,game_name,False,51,0.17,hold,,,
https://poki.com/en/g/bubble-pop-arrow-puzzle,Bubble Pop: Arrow Puzzle,bubble pop: arrow puzzle free,game_name,False,51,0.17,hold,,,
https://poki.com/en/g/bubble-pop-arrow-puzzle,Bubble Pop: Arrow Puzzle,online shooting games,category,True,62,0.17,hold,,,
https://poki.com/en/g/bubble-pop-arrow-puzzle,Bubble Pop: Arrow Puzzle,online car games,category,True,62,0.17,hold,,,
https://poki.com/en/g/bubble-pop-arrow-puzzle,Bubble Pop: Arrow Puzzle,online 2 player games,category,True,62,0.17,hold,,,
https://poki.com/en/g/bubble-pop-arrow-puzzle,Bubble Pop: Arrow Puzzle,online action games,category,True,62,0.17,hold,,,
https://poki.com/en/g/bubble-pop-arrow-puzzle,Bubble Pop: Arrow Puzzle,online skill games,category,True,62,0.17,hold,,,
https://poki.com/en/g/bubble-pop-arrow-puzzle,Bubble Pop: Arrow Puzzle,online multiplayer games,category,True,62,0.17,hold,,,
https://poki.com/en/g/bubble-pop-arrow-puzzle,Bubble Pop: Arrow Puzzle,online adventure games,category,True,62,0.17,hold,,,
https://poki.com/en/g/bubble-pop-arrow-puzzle,Bubble Pop: Arrow Puzzle,online io games,category,False,51,0.0,hold,,,
https://poki.com/en/g/bubble-pop-arrow-puzzle,Bubble Pop: Arrow Puzzle,puzzle games,category,False,51,0.0,hold,,,
https://poki.com/en/g/bubble-pop-arrow-puzzle,Bubble Pop: Arrow Puzzle,dress up games,category,False,51,0.0,hold,,,
https://poki.com/en/g/bubble-pop-arrow-puzzle,Bubble Pop: Arrow Puzzle,online soccer games,category,False,51,0.0,hold,,,
https://poki.com/en/g/bubble-pop-arrow-puzzle,Bubble Pop: Arrow Puzzle,how to play bubble pop: arrow puzzle,long_tail,False,51,0.0,hold,,,
https://poki.com/en/g/bubble-pop-arrow-puzzle,Bubble Pop: Arrow Puzzle,bubble pop: arrow puzzle controls,long_tail,False,51,0.0,hold,,,
https://poki.com/en/g/bubble-pop-arrow-puzzle,Bubble Pop: Arrow Puzzle,games like bubble pop: arrow puzzle,long_tail,False,51,0.0,hold,,,
https://poki.com/en/g/bubble-pop-arrow-puzzle,Bubble Pop: Arrow Puzzle,bubble pop: arrow puzzle unblocked,long_tail,False,51,0.0,hold,,,
https://poki.com/en/g/pop-the-cube,Pop the Cube,pop the cube,game_name,False,51,0.17,hold,,,
https://poki.com/en/g/pop-the-cube,Pop the Cube,play pop the cube online,game_name,False,51,0.17,hold,,,
https://poki.com/en/g/pop-the-cube,Pop the Cube,pop the cube free,game_name,False,51,0.17,hold,,,
https://poki.com/en/g/pop-the-cube,Pop the Cube,online shooting games,category,True,62,0.17,hold,,,
https://poki.com/en/g/pop-the-cube,Pop the Cube,online car games,category,True,62,0.17,hold,,,
https://poki.com/en/g/pop-the-cube,Pop the Cube,online 2 player games,category,True,62,0.17,hold,,,
https://poki.com/en/g/pop-the-cube,Pop the Cube,online action games,category,True,62,0.17,hold,,,
https://poki.com/en/g/pop-the-cube,Pop the Cube,online skill games,category,True,62,0.17,hold,,,
https://poki.com/en/g/pop-the-cube,Pop the Cube,online multiplayer games,category,True,62,0.17,hold,,,
https://poki.com/en/g/pop-the-cube,Pop the Cube,online adventure games,category,True,62,0.17,hold,,,
https://poki.com/en/g/pop-the-cube,Pop the Cube,online io games,category,False,51,0.0,hold,,,
https://poki.com/en/g/pop-the-cube,Pop the Cube,dress up games,category,False,51,0.0,hold,,,
https://poki.com/en/g/pop-the-cube,Pop the Cube,puzzle games,category,False,51,0.0,hold,,,
https://poki.com/en/g/pop-the-cube,Pop the Cube,online soccer games,category,False,51,0.0,hold,,,
https://poki.com/en/g/pop-the-cube,Pop the Cube,how to play pop the cube,long_tail,False,51,0.0,hold,,,
https://poki.com/en/g/pop-the-cube,Pop the Cube,pop the cube controls,long_tail,False,51,0.0,hold,,,
https://poki.com/en/g/pop-the-cube,Pop the Cube,games like pop the cube,long_tail,False,51,0.0,hold,,,
https://poki.com/en/g/pop-the-cube,Pop the Cube,pop the cube unblocked,long_tail,False,51,0.0,hold,,,
https://poki.com/en/g/nitro-car-stunt-race,Nitro Car Stunt Race,nitro car stunt race,game_name,False,51,0.17,hold,,,
https://poki.com/en/g/nitro-car-stunt-race,Nitro Car Stunt Race,play nitro car stunt race online,game_name,False,51,0.17,hold,,,
https://poki.com/en/g/nitro-car-stunt-race,Nitro Car Stunt Race,nitro car stunt race free,game_name,False,51,0.17,hold,,,
https://poki.com/en/g/nitro-car-stunt-race,Nitro Car Stunt Race,online shooting games,category,True,62,0.17,hold,,,
https://poki.com/en/g/nitro-car-stunt-race,Nitro Car Stunt Race,online car games,category,True,62,0.17,hold,,,
https://poki.com/en/g/nitro-car-stunt-race,Nitro Car Stunt Race,online 2 player games,category,True,62,0.17,hold,,,
https://poki.com/en/g/nitro-car-stunt-race,Nitro Car Stunt Race,online action games,category,True,62,0.17,hold,,,
https://poki.com/en/g/nitro-car-stunt-race,Nitro Car Stunt Race,online skill games,category,True,62,0.17,hold,,,
https://poki.com/en/g/nitro-car-stunt-race,Nitro Car Stunt Race,online multiplayer games,category,True,62,0.17,hold,,,
https://poki.com/en/g/nitro-car-stunt-race,Nitro Car Stunt Race,online adventure games,category,True,62,0.17,hold,,,
https://poki.com/en/g/nitro-car-stunt-race,Nitro Car Stunt Race,online io games,category,False,51,0.0,hold,,,
https://poki.com/en/g/nitro-car-stunt-race,Nitro Car Stunt Race,dress up games,category,False,51,0.0,hold,,,
https://poki.com/en/g/nitro-car-stunt-race,Nitro Car Stunt Race,puzzle games,category,False,51,0.0,hold,,,
https://poki.com/en/g/nitro-car-stunt-race,Nitro Car Stunt Race,online soccer games,category,False,51,0.0,hold,,,
https://poki.com/en/g/nitro-car-stunt-race,Nitro Car Stunt Race,how to play nitro car stunt race,long_tail,False,51,0.0,hold,,,
https://poki.com/en/g/nitro-car-stunt-race,Nitro Car Stunt Race,nitro car stunt race controls,long_tail,False,51,0.0,hold,,,
https://poki.com/en/g/nitro-car-stunt-race,Nitro Car Stunt Race,games like nitro car stunt race,long_tail,False,51,0.0,hold,,,
https://poki.com/en/g/nitro-car-stunt-race,Nitro Car Stunt Race,nitro car stunt race unblocked,long_tail,False,51,0.0,hold,,,
https://poki.com/en/g/cat-fashion-shop,Cat Fashion Shop,cat fashion shop,game_name,False,62,0.33,hold,,,
https://poki.com/en/g/cat-fashion-shop,Cat Fashion Shop,play cat fashion shop online,game_name,False,51,0.17,hold,,,
https://poki.com/en/g/cat-fashion-shop,Cat Fashion Shop,cat fashion shop free,game_name,False,51,0.17,hold,,,
https://poki.com/en/g/cat-fashion-shop,Cat Fashion Shop,online shooting games,category,True,62,0.17,hold,,,
https://poki.com/en/g/cat-fashion-shop,Cat Fashion Shop,online car games,category,True,62,0.17,hold,,,
https://poki.com/en/g/cat-fashion-shop,Cat Fashion Shop,online 2 player games,category,True,62,0.17,hold,,,
https://poki.com/en/g/cat-fashion-shop,Cat Fashion Shop,online action games,category,True,62,0.17,hold,,,
https://poki.com/en/g/cat-fashion-shop,Cat Fashion Shop,online skill games,category,True,62,0.17,hold,,,
https://poki.com/en/g/cat-fashion-shop,Cat Fashion Shop,online multiplayer games,category,True,62,0.17,hold,,,
https://poki.com/en/g/cat-fashion-shop,Cat Fashion Shop,online adventure games,category,True,62,0.17,hold,,,
https://poki.com/en/g/cat-fashion-shop,Cat Fashion Shop,online io games,category,False,51,0.0,hold,,,
https://poki.com/en/g/cat-fashion-shop,Cat Fashion Shop,dress up games,category,False,51,0.0,hold,,,
https://poki.com/en/g/cat-fashion-shop,Cat Fashion Shop,puzzle games,category,False,51,0.0,hold,,,
https://poki.com/en/g/cat-fashion-shop,Cat Fashion Shop,online soccer games,category,False,51,0.0,hold,,,
https://poki.com/en/g/cat-fashion-shop,Cat Fashion Shop,how to play cat fashion shop,long_tail,False,51,0.0,hold,,,
https://poki.com/en/g/cat-fashion-shop,Cat Fashion Shop,cat fashion shop controls,long_tail,False,51,0.0,hold,,,
https://poki.com/en/g/cat-fashion-shop,Cat Fashion Shop,games like cat fashion shop,long_tail,False,51,0.0,hold,,,
https://poki.com/en/g/cat-fashion-shop,Cat Fashion Shop,cat fashion shop unblocked,long_tail,False,51,0.0,hold,,,
https://poki.com/en/g/stickman-hitman,Stickman Hitman,stickman hitman,game_name,True,62,0.17,hold,,,
https://poki.com/en/g/stickman-hitman,Stickman Hitman,play stickman hitman online,game_name,False,51,0.17,hold,,,
https://poki.com/en/g/stickman-hitman,Stickman Hitman,stickman hitman free,game_name,False,51,0.17,hold,,,
https://poki.com/en/g/stickman-hitman,Stickman Hitman,online shooting games,category,True,62,0.17,hold,,,
https://poki.com/en/g/stickman-hitman,Stickman Hitman,online car games,category,True,62,0.17,hold,,,
https://poki.com/en/g/stickman-hitman,Stickman Hitman,online 2 player games,category,True,62,0.17,hold,,,
https://poki.com/en/g/stickman-hitman,Stickman Hitman,online action games,category,True,62,0.17,hold,,,
https://poki.com/en/g/stickman-hitman,Stickman Hitman,online skill games,category,True,62,0.17,hold,,,
https://poki.com/en/g/stickman-hitman,Stickman Hitman,online multiplayer games,category,True,62,0.17,hold,,,
https://poki.com/en/g/stickman-hitman,Stickman Hitman,online adventure games,category,True,62,0.17,hold,,,
https://poki.com/en/g/stickman-hitman,Stickman Hitman,online io games,category,False,51,0.0,hold,,,
https://poki.com/en/g/stickman-hitman,Stickman Hitman,dress up games,category,False,51,0.0,hold,,,
https://poki.com/en/g/stickman-hitman,Stickman Hitman,puzzle games,category,False,51,0.0,hold,,,
https://poki.com/en/g/stickman-hitman,Stickman Hitman,online soccer games,category,False,51,0.0,hold,,,
https://poki.com/en/g/stickman-hitman,Stickman Hitman,how to play stickman hitman,long_tail,False,51,0.0,hold,,,
https://poki.com/en/g/stickman-hitman,Stickman Hitman,stickman hitman controls,long_tail,False,51,0.0,hold,,,
https://poki.com/en/g/stickman-hitman,Stickman Hitman,games like stickman hitman,long_tail,False,51,0.0,hold,,,
https://poki.com/en/g/stickman-hitman,Stickman Hitman,stickman hitman unblocked,long_tail,False,51,0.0,hold,,,
https://poki.com/en/g/tank-merge,Tank Merge,tank merge,game_name,True,63,0.17,hold,,,
https://poki.com/en/g/tank-merge,Tank Merge,play tank merge online,game_name,False,52,0.17,hold,,,
https://poki.com/en/g/tank-merge,Tank Merge,tank merge free,game_name,False,52,0.17,hold,,,
https://poki.com/en/g/tank-merge,Tank Merge,online shooting games,category,True,63,0.17,hold,,,
https://poki.com/en/g/tank-merge,Tank Merge,online car games,category,True,63,0.17,hold,,,
https://poki.com/en/g/tank-merge,Tank Merge,online 2 player games,category,True,63,0.17,hold,,,
https://poki.com/en/g/tank-merge,Tank Merge,online action games,category,True,63,0.17,hold,,,
https://poki.com/en/g/tank-merge,Tank Merge,online skill games,category,True,63,0.17,hold,,,
https://poki.com/en/g/tank-merge,Tank Merge,online multiplayer games,category,True,63,0.17,hold,,,
https://poki.com/en/g/tank-merge,Tank Merge,online adventure games,category,True,63,0.17,hold,,,
https://poki.com/en/g/tank-merge,Tank Merge,online io games,category,False,52,0.0,hold,,,
https://poki.com/en/g/tank-merge,Tank Merge,merge games,category,False,52,0.0,hold,,,
https://poki.com/en/g/tank-merge,Tank Merge,dress up games,category,False,52,0.0,hold,,,
https://poki.com/en/g/tank-merge,Tank Merge,puzzle games,category,False,52,0.0,hold,,,
https://poki.com/en/g/tank-merge,Tank Merge,online soccer games,category,False,52,0.0,hold,,,
https://poki.com/en/g/tank-merge,Tank Merge,how to play tank merge,long_tail,False,52,0.0,hold,,,
https://poki.com/en/g/tank-merge,Tank Merge,tank merge controls,long_tail,False,52,0.0,hold,,,
https://poki.com/en/g/tank-merge,Tank Merge,games like tank merge,long_tail,False,52,0.0,hold,,,
https://poki.com/en/g/tank-merge,Tank Merge,tank merge unblocked,long_tail,False,52,0.0,hold,,,
https://poki.com/en/g/fill-the-region,Fill The Region,fill the region,game_name,False,51,0.33,hold,,,
https://poki.com/en/g/fill-the-region,Fill The Region,play fill the region online,game_name,False,51,0.17,hold,,,
https://poki.com/en/g/fill-the-region,Fill The Region,fill the region free,game_name,False,51,0.17,hold,,,
https://poki.com/en/g/fill-the-region,Fill The Region,online shooting games,category,True,62,0.17,hold,,,
https://poki.com/en/g/fill-the-region,Fill The Region,online car games,category,True,62,0.17,hold,,,
https://poki.com/en/g/fill-the-region,Fill The Region,online 2 player games,category,True,62,0.17,hold,,,
https://poki.com/en/g/fill-the-region,Fill The Region,online action games,category,True,62,0.17,hold,,,
https://poki.com/en/g/fill-the-region,Fill The Region,online skill games,category,True,62,0.17,hold,,,
https://poki.com/en/g/fill-the-region,Fill The Region,online multiplayer games,category,True,62,0.17,hold,,,
https://poki.com/en/g/fill-the-region,Fill The Region,online adventure games,category,True,62,0.17,hold,,,
https://poki.com/en/g/fill-the-region,Fill The Region,online io games,category,False,51,0.0,hold,,,
https://poki.com/en/g/fill-the-region,Fill The Region,dress up games,category,False,51,0.0,hold,,,
https://poki.com/en/g/fill-the-region,Fill The Region,puzzle games,category,False,51,0.0,hold,,,
https://poki.com/en/g/fill-the-region,Fill The Region,online soccer games,category,False,51,0.0,hold,,,
https://poki.com/en/g/fill-the-region,Fill The Region,how to play fill the region,long_tail,False,51,0.0,hold,,,
https://poki.com/en/g/fill-the-region,Fill The Region,fill the region controls,long_tail,False,51,0.0,hold,,,
https://poki.com/en/g/fill-the-region,Fill The Region,games like fill the region,long_tail,False,51,0.0,hold,,,
https://poki.com/en/g/fill-the-region,Fill The Region,fill the region unblocked,long_tail,False,51,0.0,hold,,,
https://poki.com/en/g/food-truck-idle-street-chef,Food Truck Idle Street Chef,food truck idle street chef,game_name,False,47,0.17,hold,,,
https://poki.com/en/g/food-truck-idle-street-chef,Food Truck Idle Street Chef,play food truck idle street chef online,game_name,False,47,0.17,hold,,,
https://poki.com/en/g/food-truck-idle-street-chef,Food Truck Idle Street Chef,food truck idle street chef free,game_name,False,47,0.17,hold,,,
https://poki.com/en/g/food-truck-idle-street-chef,Food Truck Idle Street Chef,online tycoon games,category,True,59,0.17,hold,,,
https://poki.com/en/g/food-truck-idle-street-chef,Food Truck Idle Street Chef,idle games,category,True,59,0.17,hold,,,
https://poki.com/en/g/food-truck-idle-street-chef,Food Truck Idle Street Chef,puzzle games,category,True,59,0.17,hold,,,
https://poki.com/en/g/food-truck-idle-street-chef,Food Truck Idle Street Chef,online soccer games,category,True,59,0.17,hold,,,
https://poki.com/en/g/food-truck-idle-street-chef,Food Truck Idle Street Chef,how to play food truck idle street chef,long_tail,False,47,0.17,hold,,,
https://poki.com/en/g/food-truck-idle-street-chef,Food Truck Idle Street Chef,food truck idle street chef controls,long_tail,False,47,0.17,hold,,,
https://poki.com/en/g/food-truck-idle-street-chef,Food Truck Idle Street Chef,games like food truck idle street chef,long_tail,False,47,0.17,hold,,,
https://poki.com/en/g/food-truck-idle-street-chef,Food Truck Idle Street Chef,food truck idle street chef unblocked,long_tail,False,47,0.0,hold,,,
https://poki.com/en/g/toy-store-3d,Toy Store 3D,toy store 3d,game_name,True,59,0.33,hold,,,
https://poki.com/en/g/toy-store-3d,Toy Store 3D,play toy store 3d online,game_name,False,47,0.17,hold,,,
https://poki.com/en/g/toy-store-3d,Toy Store 3D,toy store 3d free,game_name,False,47,0.17,hold,,,
https://poki.com/en/g/toy-store-3d,Toy Store 3D,online music games,category,True,59,0.17,hold,,,
https://poki.com/en/g/toy-store-3d,Toy Store 3D,puzzle games,category,True,59,0.17,hold,,,
https://poki.com/en/g/toy-store-3d,Toy Store 3D,online soccer games,category,True,59,0.17,hold,,,
https://poki.com/en/g/toy-store-3d,Toy Store 3D,idle games,category,True,59,0.17,hold,,,
https://poki.com/en/g/toy-store-3d,Toy Store 3D,how to play toy store 3d,long_tail,False,47,0.17,hold,,,
https://poki.com/en/g/toy-store-3d,Toy Store 3D,toy store 3d controls,long_tail,False,47,0.17,hold,,,
https://poki.com/en/g/toy-store-3d,Toy Store 3D,games like toy store 3d,long_tail,False,47,0.17,hold,,,
https://poki.com/en/g/toy-store-3d,Toy Store 3D,toy store 3d unblocked,long_tail,False,47,0.0,hold,,,
https://poki.com/en/g/witchs-journey-hidden-object-game,Witch's Journey: Hidden Object Game,witch's journey: hidden object game,game_name,False,51,0.17,hold,,,
https://poki.com/en/g/witchs-journey-hidden-object-game,Witch's Journey: Hidden Object Game,play witch's journey: hidden object game online,game_name,False,51,0.17,hold,,,
https://poki.com/en/g/witchs-journey-hidden-object-game,Witch's Journey: Hidden Object Game,witch's journey: hidden object game free,game_name,False,51,0.17,hold,,,
https://poki.com/en/g/witchs-journey-hidden-object-game,Witch's Journey: Hidden Object Game,online shooting games,category,True,62,0.17,hold,,,
https://poki.com/en/g/witchs-journey-hidden-object-game,Witch's Journey: Hidden Object Game,online car games,category,True,62,0.17,hold,,,
https://poki.com/en/g/witchs-journey-hidden-object-game,Witch's Journey: Hidden Object Game,online 2 player games,category,True,62,0.17,hold,,,
https://poki.com/en/g/witchs-journey-hidden-object-game,Witch's Journey: Hidden Object Game,online action games,category,True,62,0.17,hold,,,
https://poki.com/en/g/witchs-journey-hidden-object-game,Witch's Journey: Hidden Object Game,online skill games,category,True,62,0.17,hold,,,
https://poki.com/en/g/witchs-journey-hidden-object-game,Witch's Journey: Hidden Object Game,online multiplayer games,category,True,62,0.17,hold,,,
https://poki.com/en/g/witchs-journey-hidden-object-game,Witch's Journey: Hidden Object Game,online adventure games,category,True,62,0.17,hold,,,
https://poki.com/en/g/witchs-journey-hidden-object-game,Witch's Journey: Hidden Object Game,online io games,category,False,51,0.0,hold,,,
https://poki.com/en/g/witchs-journey-hidden-object-game,Witch's Journey: Hidden Object Game,dress up games,category,False,51,0.0,hold,,,
https://poki.com/en/g/witchs-journey-hidden-object-game,Witch's Journey: Hidden Object Game,puzzle games,category,False,51,0.0,hold,,,
https://poki.com/en/g/witchs-journey-hidden-object-game,Witch's Journey: Hidden Object Game,online soccer games,category,False,51,0.0,hold,,,
https://poki.com/en/g/witchs-journey-hidden-object-game,Witch's Journey: Hidden Object Game,how to play witch's journey: hidden object game,long_tail,False,51,0.0,hold,,,
https://poki.com/en/g/witchs-journey-hidden-object-game,Witch's Journey: Hidden Object Game,witch's journey: hidden object game controls,long_tail,False,51,0.0,hold,,,
https://poki.com/en/g/witchs-journey-hidden-object-game,Witch's Journey: Hidden Object Game,games like witch's journey: hidden object game,long_tail,False,51,0.0,hold,,,
https://poki.com/en/g/witchs-journey-hidden-object-game,Witch's Journey: Hidden Object Game,witch's journey: hidden object game unblocked,long_tail,False,51,0.0,hold,,,
https://poki.com/en/g/siegeward,Siegeward,siegeward,game_name,False,49,0.17,hold,,,
https://poki.com/en/g/siegeward,Siegeward,play siegeward online,game_name,False,49,0.17,hold,,,
https://poki.com/en/g/siegeward,Siegeward,siegeward free,game_name,False,49,0.17,hold,,,
https://poki.com/en/g/siegeward,Siegeward,online mouse games,category,True,60,0.17,hold,,,
https://poki.com/en/g/siegeward,Siegeward,puzzle games,category,True,60,0.17,hold,,,
https://poki.com/en/g/siegeward,Siegeward,online soccer games,category,True,60,0.17,hold,,,
https://poki.com/en/g/siegeward,Siegeward,merge games,category,True,60,0.17,hold,,,
https://poki.com/en/g/siegeward,Siegeward,how to play siegeward,long_tail,False,49,0.17,hold,,,
https://poki.com/en/g/siegeward,Siegeward,siegeward controls,long_tail,False,49,0.17,hold,,,
https://poki.com/en/g/siegeward,Siegeward,games like siegeward,long_tail,False,49,0.17,hold,,,
https://poki.com/en/g/siegeward,Siegeward,siegeward unblocked,long_tail,False,49,0.0,hold,,,
https://poki.com/en/g/cafe-merge,Cafe Merge,cafe merge,game_name,True,60,0.33,hold,,,
https://poki.com/en/g/cafe-merge,Cafe Merge,play cafe merge online,game_name,False,49,0.17,hold,,,
https://poki.com/en/g/cafe-merge,Cafe Merge,cafe merge free,game_name,False,49,0.17,hold,,,
https://poki.com/en/g/cafe-merge,Cafe Merge,online merge games,category,True,60,0.17,hold,,,
https://poki.com/en/g/cafe-merge,Cafe Merge,merge games,category,True,60,0.17,hold,,,
https://poki.com/en/g/cafe-merge,Cafe Merge,puzzle games,category,True,60,0.17,hold,,,
https://poki.com/en/g/cafe-merge,Cafe Merge,online soccer games,category,True,60,0.17,hold,,,
https://poki.com/en/g/cafe-merge,Cafe Merge,how to play cafe merge,long_tail,False,49,0.17,hold,,,
https://poki.com/en/g/cafe-merge,Cafe Merge,cafe merge controls,long_tail,False,49,0.17,hold,,,
https://poki.com/en/g/cafe-merge,Cafe Merge,games like cafe merge,long_tail,False,49,0.17,hold,,,
https://poki.com/en/g/cafe-merge,Cafe Merge,cafe merge unblocked,long_tail,False,49,0.0,hold,,,
https://poki.com/en/g/blab-stealth,Blab Stealth,blab stealth,game_name,False,44,0.17,hold,,,
https://poki.com/en/g/blab-stealth,Blab Stealth,play blab stealth online,game_name,False,44,0.17,hold,,,
https://poki.com/en/g/blab-stealth,Blab Stealth,blab stealth free,game_name,False,44,0.17,hold,,,
https://poki.com/en/g/blab-stealth,Blab Stealth,online 3d games,category,True,55,0.17,hold,,,
https://poki.com/en/g/blab-stealth,Blab Stealth,online shooting games,category,True,55,0.17,hold,,,
https://poki.com/en/g/blab-stealth,Blab Stealth,online action games,category,True,55,0.17,hold,,,
https://poki.com/en/g/blab-stealth,Blab Stealth,online skill games,category,True,55,0.17,hold,,,
https://poki.com/en/g/blab-stealth,Blab Stealth,online boxing games,category,True,55,0.17,hold,,,
https://poki.com/en/g/blab-stealth,Blab Stealth,online popular games,category,True,55,0.17,hold,,,
https://poki.com/en/g/blab-stealth,Blab Stealth,online simulation games,category,True,55,0.17,hold,,,
https://poki.com/en/g/blab-stealth,Blab Stealth,online idle games,category,False,44,0.0,hold,,,
https://poki.com/en/g/blab-stealth,Blab Stealth,online platform games,category,False,44,0.0,hold,,,
https://poki.com/en/g/blab-stealth,Blab Stealth,online ragdoll games,category,False,44,0.0,hold,,,
https://poki.com/en/g/blab-stealth,Blab Stealth,online arcade games,category,False,44,0.0,hold,,,
https://poki.com/en/g/blab-stealth,Blab Stealth,puzzle games,category,False,44,0.0,hold,,,
https://poki.com/en/g/blab-stealth,Blab Stealth,idle games,category,False,44,0.0,hold,,,
https://poki.com/en/g/blab-stealth,Blab Stealth,how to play blab stealth,long_tail,False,44,0.0,hold,,,
https://poki.com/en/g/blab-stealth,Blab Stealth,blab stealth controls,long_tail,False,44,0.0,hold,,,
https://poki.com/en/g/blab-stealth,Blab Stealth,games like blab stealth,long_tail,False,44,0.0,hold,,,
https://poki.com/en/g/blab-stealth,Blab Stealth,blab stealth unblocked,long_tail,False,44,0.0,hold,,,
https://poki.com/en/g/capybara-zombie-blaster,Capybara Zombie Blaster,capybara zombie blaster,game_name,False,47,0.17,hold,,,
https://poki.com/en/g/capybara-zombie-blaster,Capybara Zombie Blaster,play capybara zombie blaster online,game_name,False,47,0.17,hold,,,
https://poki.com/en/g/capybara-zombie-blaster,Capybara Zombie Blaster,capybara zombie blaster free,game_name,False,47,0.17,hold,,,
https://poki.com/en/g/capybara-zombie-blaster,Capybara Zombie Blaster,online animal games,category,True,58,0.17,hold,,,
https://poki.com/en/g/capybara-zombie-blaster,Capybara Zombie Blaster,online action games,category,True,58,0.17,hold,,,
https://poki.com/en/g/capybara-zombie-blaster,Capybara Zombie Blaster,online zombie games,category,True,58,0.17,hold,,,
https://poki.com/en/g/capybara-zombie-blaster,Capybara Zombie Blaster,online shooting games,category,True,58,0.17,hold,,,
https://poki.com/en/g/capybara-zombie-blaster,Capybara Zombie Blaster,online adventure games,category,True,58,0.17,hold,,,
https://poki.com/en/g/capybara-zombie-blaster,Capybara Zombie Blaster,online 2 player games,category,True,58,0.17,hold,,,
https://poki.com/en/g/capybara-zombie-blaster,Capybara Zombie Blaster,online mobile games,category,True,58,0.17,hold,,,
https://poki.com/en/g/capybara-zombie-blaster,Capybara Zombie Blaster,online stickman games,category,False,47,0.0,hold,,,
https://poki.com/en/g/capybara-zombie-blaster,Capybara Zombie Blaster,merge games,category,False,47,0.0,hold,,,
https://poki.com/en/g/capybara-zombie-blaster,Capybara Zombie Blaster,puzzle games,category,False,47,0.0,hold,,,
https://poki.com/en/g/capybara-zombie-blaster,Capybara Zombie Blaster,online soccer games,category,False,47,0.0,hold,,,
https://poki.com/en/g/capybara-zombie-blaster,Capybara Zombie Blaster,how to play capybara zombie blaster,long_tail,False,47,0.0,hold,,,
https://poki.com/en/g/capybara-zombie-blaster,Capybara Zombie Blaster,capybara zombie blaster controls,long_tail,False,47,0.0,hold,,,
https://poki.com/en/g/capybara-zombie-blaster,Capybara Zombie Blaster,games like capybara zombie blaster,long_tail,False,47,0.0,hold,,,
https://poki.com/en/g/capybara-zombie-blaster,Capybara Zombie Blaster,capybara zombie blaster unblocked,long_tail,False,47,0.0,hold,,,
https://poki.com/en/g/crown-city,Crown City,crown city,game_name,True,59,0.33,hold,,,
https://poki.com/en/g/crown-city,Crown City,play crown city online,game_name,False,48,0.17,hold,,,
https://poki.com/en/g/crown-city,Crown City,crown city free,game_name,True,59,0.33,hold,,,
https://poki.com/en/g/crown-city,Crown City,online car games,category,True,59,0.17,hold,,,
https://poki.com/en/g/crown-city,Crown City,online police games,category,True,59,0.17,hold,,,
https://poki.com/en/g/crown-city,Crown City,online drifting games,category,True,59,0.17,hold,,,
https://poki.com/en/g/crown-city,Crown City,online adventure games,category,True,59,0.17,hold,,,
https://poki.com/en/g/crown-city,Crown City,online shooting games,category,True,59,0.17,hold,,,
https://poki.com/en/g/crown-city,Crown City,online racing games,category,True,59,0.17,hold,,,
https://poki.com/en/g/crown-city,Crown City,online action games,category,True,59,0.17,hold,,,
https://poki.com/en/g/crown-city,Crown City,online snake games,category,False,48,0.0,hold,,,
https://poki.com/en/g/crown-city,Crown City,online gun games,category,False,48,0.0,hold,,,
https://poki.com/en/g/crown-city,Crown City,online classic games,category,False,48,0.0,hold,,,
https://poki.com/en/g/crown-city,Crown City,online 3d games,category,False,48,0.0,hold,,,
https://poki.com/en/g/crown-city,Crown City,merge games,category,False,48,0.0,hold,,,
https://poki.com/en/g/crown-city,Crown City,online soccer games,category,False,48,0.0,hold,,,
https://poki.com/en/g/crown-city,Crown City,how to play crown city,long_tail,False,48,0.0,hold,,,
https://poki.com/en/g/crown-city,Crown City,crown city controls,long_tail,False,48,0.0,hold,,,
https://poki.com/en/g/crown-city,Crown City,games like crown city,long_tail,False,48,0.0,hold,,,
https://poki.com/en/g/crown-city,Crown City,crown city unblocked,long_tail,False,48,0.0,hold,,,
https://poki.com/en/g/dead-rails,Dead Rails,dead rails,game_name,True,59,0.33,hold,,,
https://poki.com/en/g/dead-rails,Dead Rails,play dead rails online,game_name,False,48,0.17,hold,,,
https://poki.com/en/g/dead-rails,Dead Rails,dead rails free,game_name,True,59,0.17,hold,,,
https://poki.com/en/g/dead-rails,Dead Rails,online 3d games,category,True,59,0.17,hold,,,
https://poki.com/en/g/dead-rails,Dead Rails,online zombie games,category,True,59,0.17,hold,,,
https://poki.com/en/g/dead-rails,Dead Rails,online shooting games,category,True,59,0.17,hold,,,
https://poki.com/en/g/dead-rails,Dead Rails,online meme games,category,True,59,0.17,hold,,,
https://poki.com/en/g/dead-rails,Dead Rails,online car games,category,True,59,0.17,hold,,,
https://poki.com/en/g/dead-rails,Dead Rails,online action games,category,True,59,0.17,hold,,,
https://poki.com/en/g/dead-rails,Dead Rails,online mobile games,category,True,59,0.17,hold,,,
https://poki.com/en/g/dead-rails,Dead Rails,online driving games,category,False,48,0.0,hold,,,
https://poki.com/en/g/dead-rails,Dead Rails,online police games,category,False,48,0.0,hold,,,
https://poki.com/en/g/dead-rails,Dead Rails,online fighting games,category,False,48,0.0,hold,,,
https://poki.com/en/g/dead-rails,Dead Rails,online princess games,category,False,48,0.0,hold,,,
https://poki.com/en/g/dead-rails,Dead Rails,online soccer games,category,False,48,0.0,hold,,,
https://poki.com/en/g/dead-rails,Dead Rails,merge games,category,False,48,0.0,hold,,,
https://poki.com/en/g/dead-rails,Dead Rails,how to play dead rails,long_tail,False,48,0.0,hold,,,
https://poki.com/en/g/dead-rails,Dead Rails,dead rails controls,long_tail,False,48,0.0,hold,,,
https://poki.com/en/g/dead-rails,Dead Rails,games like dead rails,long_tail,False,48,0.0,hold,,,
https://poki.com/en/g/dead-rails,Dead Rails,dead rails unblocked,long_tail,False,48,0.0,hold,,,
https://poki.com/en/g/galaxy-merge-starships-wars,Galaxy Merge Starships Wars!,galaxy merge starships wars,game_name,False,39,0.17,hold,,,
https://poki.com/en/g/galaxy-merge-starships-wars,Galaxy Merge Starships Wars!,play galaxy merge starships wars online,game_name,False,39,0.17,hold,,,
https://poki.com/en/g/galaxy-merge-starships-wars,Galaxy Merge Starships Wars!,galaxy merge starships wars free,game_name,False,39,0.17,hold,,,
https://poki.com/en/g/galaxy-merge-starships-wars,Galaxy Merge Starships Wars!,online strategy games,category,True,51,0.17,hold,,,
https://poki.com/en/g/galaxy-merge-starships-wars,Galaxy Merge Starships Wars!,online 3d games,category,True,51,0.17,hold,,,
https://poki.com/en/g/galaxy-merge-starships-wars,Galaxy Merge Starships Wars!,merge games,category,True,51,0.17,hold,,,
https://poki.com/en/g/galaxy-merge-starships-wars,Galaxy Merge Starships Wars!,puzzle games,category,True,51,0.17,hold,,,
https://poki.com/en/g/galaxy-merge-starships-wars,Galaxy Merge Starships Wars!,online soccer games,category,True,51,0.17,hold,,,
https://poki.com/en/g/galaxy-merge-starships-wars,Galaxy Merge Starships Wars!,how to play galaxy merge starships wars,long_tail,False,39,0.17,hold,,,
https://poki.com/en/g/galaxy-merge-starships-wars,Galaxy Merge Starships Wars!,galaxy merge starships wars controls,long_tail,False,39,0.17,hold,,,
https://poki.com/en/g/galaxy-merge-starships-wars,Galaxy Merge Starships Wars!,games like galaxy merge starships wars,long_tail,False,39,0.0,hold,,,
https://poki.com/en/g/galaxy-merge-starships-wars,Galaxy Merge Starships Wars!,galaxy merge starships wars unblocked,long_tail,False,39,0.0,hold,,,
https://poki.com/en/g/mahjong-riddles-egypt,Mahjong Riddles: Egypt,mahjong riddles: egypt,game_name,False,43,0.17,hold,,,
https://poki.com/en/g/mahjong-riddles-egypt,Mahjong Riddles: Egypt,play mahjong riddles: egypt online,game_name,False,43,0.17,hold,,,
https://poki.com/en/g/mahjong-riddles-egypt,Mahjong Riddles: Egypt,mahjong riddles: egypt free,game_name,False,43,0.17,hold,,,
https://poki.com/en/g/mahjong-riddles-egypt,Mahjong Riddles: Egypt,online mahjong games,category,True,55,0.17,hold,,,
https://poki.com/en/g/mahjong-riddles-egypt,Mahjong Riddles: Egypt,online matching games,category,True,55,0.17,hold,,,
https://poki.com/en/g/mahjong-riddles-egypt,Mahjong Riddles: Egypt,online brain games,category,True,55,0.17,hold,,,
https://poki.com/en/g/mahjong-riddles-egypt,Mahjong Riddles: Egypt,puzzle games,category,True,55,0.17,hold,,,
https://poki.com/en/g/mahjong-riddles-egypt,Mahjong Riddles: Egypt,online soccer games,category,True,55,0.17,hold,,,
https://poki.com/en/g/mahjong-riddles-egypt,Mahjong Riddles: Egypt,how to play mahjong riddles: egypt,long_tail,False,43,0.17,hold,,,
https://poki.com/en/g/mahjong-riddles-egypt,Mahjong Riddles: Egypt,mahjong riddles: egypt controls,long_tail,False,43,0.17,hold,,,
https://poki.com/en/g/mahjong-riddles-egypt,Mahjong Riddles: Egypt,games like mahjong riddles: egypt,long_tail,False,43,0.0,hold,,,
https://poki.com/en/g/mahjong-riddles-egypt,Mahjong Riddles: Egypt,mahjong riddles: egypt unblocked,long_tail,False,43,0.0,hold,,,
https://poki.com/en/g/merge-battler,Merge Battler,merge battler,game_name,True,58,0.17,hold,,,
https://poki.com/en/g/merge-battler,Merge Battler,play merge battler online,game_name,False,46,0.17,hold,,,
https://poki.com/en/g/merge-battler,Merge Battler,merge battler free,game_name,False,46,0.17,hold,,,
https://poki.com/en/g/merge-battler,Merge Battler,online monster games,category,True,58,0.17,hold,,,
https://poki.com/en/g/merge-battler,Merge Battler,online merge games,category,True,58,0.17,hold,,,
https://poki.com/en/g/merge-battler,Merge Battler,online clicker games,category,True,58,0.17,hold,,,
https://poki.com/en/g/merge-battler,Merge Battler,online animal games,category,True,58,0.17,hold,,,
https://poki.com/en/g/merge-battler,Merge Battler,online skill games,category,True,58,0.17,hold,,,
https://poki.com/en/g/merge-battler,Merge Battler,online matching games,category,True,58,0.17,hold,,,
https://poki.com/en/g/merge-battler,Merge Battler,online papa's games,category,False,46,0.17,hold,,,
https://poki.com/en/g/merge-battler,Merge Battler,merge games,category,False,46,0.0,hold,,,
https://poki.com/en/g/merge-battler,Merge Battler,dress up games,category,False,46,0.0,hold,,,
https://poki.com/en/g/merge-battler,Merge Battler,puzzle games,category,False,46,0.0,hold,,,
https://poki.com/en/g/merge-battler,Merge Battler,online soccer games,category,False,46,0.0,hold,,,
https://poki.com/en/g/merge-battler,Merge Battler,how to play merge battler,long_tail,False,46,0.0,hold,,,
https://poki.com/en/g/merge-battler,Merge Battler,merge battler controls,long_tail,False,46,0.0,hold,,,
https://poki.com/en/g/merge-battler,Merge Battler,games like merge battler,long_tail,False,46,0.0,hold,,,
https://poki.com/en/g/merge-battler,Merge Battler,merge battler unblocked,long_tail,False,46,0.0,hold,,,
https://poki.com/en/g/merge-idle-war,Merge Idle War,merge idle war,game_name,False,46,0.17,hold,,,
https://poki.com/en/g/merge-idle-war,Merge Idle War,play merge idle war online,game_name,False,46,0.17,hold,,,
https://poki.com/en/g/merge-idle-war,Merge Idle War,merge idle war free,game_name,False,46,0.17,hold,,,
https://poki.com/en/g/merge-idle-war,Merge Idle War,online merge games,category,True,58,0.17,hold,,,
https://poki.com/en/g/merge-idle-war,Merge Idle War,online monster games,category,True,58,0.17,hold,,,
https://poki.com/en/g/merge-idle-war,Merge Idle War,online idle games,category,True,58,0.17,hold,,,
https://poki.com/en/g/merge-idle-war,Merge Idle War,online adventure games,category,True,58,0.17,hold,,,
https://poki.com/en/g/merge-idle-war,Merge Idle War,online action games,category,True,58,0.17,hold,,,
https://poki.com/en/g/merge-idle-war,Merge Idle War,online multiplayer games,category,True,58,0.17,hold,,,
https://poki.com/en/g/merge-idle-war,Merge Idle War,merge games,category,True,58,0.17,hold,,,
https://poki.com/en/g/merge-idle-war,Merge Idle War,idle games,category,False,46,0.0,hold,,,
https://poki.com/en/g/merge-idle-war,Merge Idle War,dress up games,category,False,46,0.0,hold,,,
https://poki.com/en/g/merge-idle-war,Merge Idle War,puzzle games,category,False,46,0.0,hold,,,
https://poki.com/en/g/merge-idle-war,Merge Idle War,online soccer games,category,False,46,0.0,hold,,,
https://poki.com/en/g/merge-idle-war,Merge Idle War,how to play merge idle war,long_tail,False,46,0.0,hold,,,
https://poki.com/en/g/merge-idle-war,Merge Idle War,merge idle war controls,long_tail,False,46,0.0,hold,,,
https://poki.com/en/g/merge-idle-war,Merge Idle War,games like merge idle war,long_tail,False,46,0.0,hold,,,
https://poki.com/en/g/merge-idle-war,Merge Idle War,merge idle war unblocked,long_tail,False,46,0.0,hold,,,
https://poki.com/en/g/merge-race,Merge & Race,merge & race,game_name,False,46,0.17,hold,,,
https://poki.com/en/g/merge-race,Merge & Race,play merge & race online,game_name,False,46,0.17,hold,,,
https://poki.com/en/g/merge-race,Merge & Race,merge & race free,game_name,False,46,0.17,hold,,,
https://poki.com/en/g/merge-race,Merge & Race,online car games,category,True,57,0.17,hold,,,
https://poki.com/en/g/merge-race,Merge & Race,online merge games,category,True,57,0.17,hold,,,
https://poki.com/en/g/merge-race,Merge & Race,online racing games,category,True,57,0.17,hold,,,
https://poki.com/en/g/merge-race,Merge & Race,online shooting games,category,True,57,0.17,hold,,,
https://poki.com/en/g/merge-race,Merge & Race,online 2 player games,category,True,57,0.17,hold,,,
https://poki.com/en/g/merge-race,Merge & Race,online tractor games,category,True,57,0.17,hold,,,
https://poki.com/en/g/merge-race,Merge & Race,merge games,category,True,57,0.17,hold,,,
https://poki.com/en/g/merge-race,Merge & Race,online soccer games,category,False,46,0.0,hold,,,
https://poki.com/en/g/merge-race,Merge & Race,puzzle games,category,False,46,0.0,hold,,,
https://poki.com/en/g/merge-race,Merge & Race,how to play merge & race,long_tail,False,46,0.0,hold,,,
https://poki.com/en/g/merge-race,Merge & Race,merge & race controls,long_tail,False,46,0.0,hold,,,
https://poki.com/en/g/merge-race,Merge & Race,games like merge & race,long_tail,False,46,0.0,hold,,,
https://poki.com/en/g/merge-race,Merge & Race,merge & race unblocked,long_tail,False,46,0.0,hold,,,
https://poki.com/en/g/monster-truck-demolition-derby,Monster Truck Demolition Derby,monster truck demolition derby,game_name,True,59,0.17,hold,,,
https://poki.com/en/g/monster-truck-demolition-derby,Monster Truck Demolition Derby,play monster truck demolition derby online,game_name,False,48,0.17,hold,,,
https://poki.com/en/g/monster-truck-demolition-derby,Monster Truck Demolition Derby,monster truck demolition derby free,game_name,False,48,0.17,hold,,,
https://poki.com/en/g/monster-truck-demolition-derby,Monster Truck Demolition Derby,online car games,category,True,59,0.17,hold,,,
https://poki.com/en/g/monster-truck-demolition-derby,Monster Truck Demolition Derby,online racing games,category,True,59,0.17,hold,,,
https://poki.com/en/g/monster-truck-demolition-derby,Monster Truck Demolition Derby,online monster truck games,category,True,59,0.17,hold,,,
https://poki.com/en/g/monster-truck-demolition-derby,Monster Truck Demolition Derby,online block games,category,True,59,0.17,hold,,,
https://poki.com/en/g/monster-truck-demolition-derby,Monster Truck Demolition Derby,online shooting games,category,True,59,0.17,hold,,,
https://poki.com/en/g/monster-truck-demolition-derby,Monster Truck Demolition Derby,online 3d games,category,True,59,0.17,hold,,,
https://poki.com/en/g/monster-truck-demolition-derby,Monster Truck Demolition Derby,online action games,category,True,59,0.17,hold,,,
https://poki.com/en/g/monster-truck-demolition-derby,Monster Truck Demolition Derby,online skill games,category,False,48,0.0,hold,,,
https://poki.com/en/g/monster-truck-demolition-derby,Monster Truck Demolition Derby,online fighting games,category,False,48,0.0,hold,,,
https://poki.com/en/g/monster-truck-demolition-derby,Monster Truck Demolition Derby,online running games,category,False,48,0.0,hold,,,
https://poki.com/en/g/monster-truck-demolition-derby,Monster Truck Demolition Derby,online classic games,category,False,48,0.0,hold,,,
https://poki.com/en/g/monster-truck-demolition-derby,Monster Truck Demolition Derby,online popular games,category,False,48,0.0,hold,,,
https://poki.com/en/g/monster-truck-demolition-derby,Monster Truck Demolition Derby,puzzle games,category,False,48,0.0,hold,,,
https://poki.com/en/g/monster-truck-demolition-derby,Monster Truck Demolition Derby,how to play monster truck demolition derby,long_tail,False,48,0.0,hold,,,
https://poki.com/en/g/monster-truck-demolition-derby,Monster Truck Demolition Derby,monster truck demolition derby controls,long_tail,False,48,0.0,hold,,,
https://poki.com/en/g/monster-truck-demolition-derby,Monster Truck Demolition Derby,games like monster truck demolition derby,long_tail,False,48,0.0,hold,,,
https://poki.com/en/g/monster-truck-demolition-derby,Monster Truck Demolition Derby,monster truck demolition derby unblocked,long_tail,False,48,0.0,hold,,,
https://poki.com/en/g/ramp-master,Ramp Master,ramp master,game_name,True,57,0.33,hold,,,
https://poki.com/en/g/ramp-master,Ramp Master,play ramp master online,game_name,False,46,0.17,hold,,,
https://poki.com/en/g/ramp-master,Ramp Master,ramp master free,game_name,False,46,0.17,hold,,,
https://poki.com/en/g/ramp-master,Ramp Master,online car games,category,True,57,0.17,hold,,,
https://poki.com/en/g/ramp-master,Ramp Master,online truck games,category,True,57,0.17,hold,,,
https://poki.com/en/g/ramp-master,Ramp Master,online 3d games,category,True,57,0.17,hold,,,
https://poki.com/en/g/ramp-master,Ramp Master,online driving games,category,True,57,0.17,hold,,,
https://poki.com/en/g/ramp-master,Ramp Master,online racing games,category,True,57,0.17,hold,,,
https://poki.com/en/g/ramp-master,Ramp Master,online adventure games,category,True,57,0.17,hold,,,
https://poki.com/en/g/ramp-master,Ramp Master,online platform games,category,True,57,0.17,hold,,,
https://poki.com/en/g/ramp-master,Ramp Master,online soccer games,category,False,46,0.0,hold,,,
https://poki.com/en/g/ramp-master,Ramp Master,puzzle games,category,False,46,0.0,hold,,,
https://poki.com/en/g/ramp-master,Ramp Master,platform games,category,False,46,0.0,hold,,,
https://poki.com/en/g/ramp-master,Ramp Master,how to play ramp master,long_tail,False,46,0.0,hold,,,
https://poki.com/en/g/ramp-master,Ramp Master,ramp master controls,long_tail,False,46,0.0,hold,,,
https://poki.com/en/g/ramp-master,Ramp Master,games like ramp master,long_tail,False,46,0.0,hold,,,
https://poki.com/en/g/ramp-master,Ramp Master,ramp master unblocked,long_tail,False,46,0.0,hold,,,
https://poki.com/en/g/theft-city,Theft City,theft city,game_name,True,60,0.33,hold,,,
https://poki.com/en/g/theft-city,Theft City,play theft city online,game_name,False,48,0.17,hold,,,
https://poki.com/en/g/theft-city,Theft City,theft city free,game_name,False,60,0.33,hold,,,
https://poki.com/en/g/theft-city,Theft City,online police games,category,True,60,0.17,hold,,,
https://poki.com/en/g/theft-city,Theft City,online car games,category,True,60,0.17,hold,,,
https://poki.com/en/g/theft-city,Theft City,online first person shooter games,category,True,60,0.17,hold,,,
https://poki.com/en/g/theft-city,Theft City,online 3d games,category,True,60,0.17,hold,,,
https://poki.com/en/g/theft-city,Theft City,online driving games,category,True,60,0.17,hold,,,
https://poki.com/en/g/theft-city,Theft City,online shooting games,category,True,60,0.17,hold,,,
https://poki.com/en/g/theft-city,Theft City,online gun games,category,True,60,0.17,hold,,,
https://poki.com/en/g/theft-city,Theft City,online action games,category,False,48,0.0,hold,,,
https://poki.com/en/g/theft-city,Theft City,online zombie games,category,False,48,0.0,hold,,,
https://poki.com/en/g/theft-city,Theft City,online block games,category,False,48,0.0,hold,,,
https://poki.com/en/g/theft-city,Theft City,online mouse games,category,False,48,0.0,hold,,,
https://poki.com/en/g/theft-city,Theft City,online soccer games,category,False,48,0.0,hold,,,
https://poki.com/en/g/theft-city,Theft City,puzzle games,category,False,48,0.0,hold,,,
https://poki.com/en/g/theft-city,Theft City,how to play theft city,long_tail,False,48,0.0,hold,,,
https://poki.com/en/g/theft-city,Theft City,theft city controls,long_tail,False,48,0.0,hold,,,
https://poki.com/en/g/theft-city,Theft City,games like theft city,long_tail,False,48,0.0,hold,,,
https://poki.com/en/g/theft-city,Theft City,theft city unblocked,long_tail,False,48,0.0,hold,,,
https://poki.com/en/g/ultimate-free-kick,Ultimate Free Kick,ultimate free kick,game_name,False,44,0.17,hold,,,
https://poki.com/en/g/ultimate-free-kick,Ultimate Free Kick,play ultimate free kick online,game_name,False,44,0.17,hold,,,
https://poki.com/en/g/ultimate-free-kick,Ultimate Free Kick,online soccer games,category,True,55,0.33,hold,,,
https://poki.com/en/g/ultimate-free-kick,Ultimate Free Kick,online car games,category,True,55,0.17,hold,,,
https://poki.com/en/g/ultimate-free-kick,Ultimate Free Kick,online shooting games,category,True,55,0.17,hold,,,
https://poki.com/en/g/ultimate-free-kick,Ultimate Free Kick,online sports games,category,True,55,0.17,hold,,,
https://poki.com/en/g/ultimate-free-kick,Ultimate Free Kick,online ragdoll games,category,True,55,0.17,hold,,,
https://poki.com/en/g/ultimate-free-kick,Ultimate Free Kick,online multiplayer games,category,True,55,0.17,hold,,,
https://poki.com/en/g/ultimate-free-kick,Ultimate Free Kick,puzzle games,category,True,55,0.17,hold,,,
https://poki.com/en/g/ultimate-free-kick,Ultimate Free Kick,how to play ultimate free kick,long_tail,False,44,0.17,hold,,,
https://poki.com/en/g/ultimate-free-kick,Ultimate Free Kick,ultimate free kick controls,long_tail,False,44,0.0,hold,,,
https://poki.com/en/g/ultimate-free-kick,Ultimate Free Kick,games like ultimate free kick,long_tail,False,44,0.0,hold,,,
https://poki.com/en/g/ultimate-free-kick,Ultimate Free Kick,ultimate free kick unblocked,long_tail,False,44,0.0,hold,,,
https://poki.com/en/g/going-up-cat-runner-3d,Going Up Cat Runner 3D,going up cat runner 3d,game_name,True,62,0.17,hold,,,
https://poki.com/en/g/going-up-cat-runner-3d,Going Up Cat Runner 3D,play going up cat runner 3d online,game_name,False,51,0.17,hold,,,
https://poki.com/en/g/going-up-cat-runner-3d,Going Up Cat Runner 3D,going up cat runner 3d free,game_name,False,51,0.17,hold,,,
https://poki.com/en/g/going-up-cat-runner-3d,Going Up Cat Runner 3D,online shooting games,category,True,62,0.17,hold,,,
https://poki.com/en/g/going-up-cat-runner-3d,Going Up Cat Runner 3D,online car games,category,True,62,0.17,hold,,,
https://poki.com/en/g/going-up-cat-runner-3d,Going Up Cat Runner 3D,online 2 player games,category,True,62,0.17,hold,,,
https://poki.com/en/g/going-up-cat-runner-3d,Going Up Cat Runner 3D,online action games,category,True,62,0.17,hold,,,
https://poki.com/en/g/going-up-cat-runner-3d,Going Up Cat Runner 3D,online skill games,category,True,62,0.17,hold,,,
https://poki.com/en/g/going-up-cat-runner-3d,Going Up Cat Runner 3D,online multiplayer games,category,True,62,0.17,hold,,,
https://poki.com/en/g/going-up-cat-runner-3d,Going Up Cat Runner 3D,online adventure games,category,True,62,0.17,hold,,,
https://poki.com/en/g/going-up-cat-runner-3d,Going Up Cat Runner 3D,online io games,category,False,51,0.0,hold,,,
https://poki.com/en/g/going-up-cat-runner-3d,Going Up Cat Runner 3D,dress up games,category,False,51,0.0,hold,,,
https://poki.com/en/g/going-up-cat-runner-3d,Going Up Cat Runner 3D,puzzle games,category,False,51,0.0,hold,,,
https://poki.com/en/g/going-up-cat-runner-3d,Going Up Cat Runner 3D,online soccer games,category,False,51,0.0,hold,,,
https://poki.com/en/g/going-up-cat-runner-3d,Going Up Cat Runner 3D,how to play going up cat runner 3d,long_tail,False,51,0.0,hold,,,
https://poki.com/en/g/going-up-cat-runner-3d,Going Up Cat Runner 3D,going up cat runner 3d controls,long_tail,False,51,0.0,hold,,,
https://poki.com/en/g/going-up-cat-runner-3d,Going Up Cat Runner 3D,games like going up cat runner 3d,long_tail,False,51,0.0,hold,,,
https://poki.com/en/g/going-up-cat-runner-3d,Going Up Cat Runner 3D,going up cat runner 3d unblocked,long_tail,False,51,0.0,hold,,,
https://poki.com/en/g/pass-or-blast,Pass or Blast,pass or blast,game_name,False,48,0.17,hold,,,
https://poki.com/en/g/pass-or-blast,Pass or Blast,play pass or blast online,game_name,False,48,0.17,hold,,,
https://poki.com/en/g/pass-or-blast,Pass or Blast,pass or blast free,game_name,False,48,0.17,hold,,,
https://poki.com/en/g/pass-or-blast,Pass or Blast,online running games,category,True,59,0.17,hold,,,
https://poki.com/en/g/pass-or-blast,Pass or Blast,online mouse games,category,True,59,0.17,hold,,,
https://poki.com/en/g/pass-or-blast,Pass or Blast,puzzle games,category,True,59,0.17,hold,,,
https://poki.com/en/g/pass-or-blast,Pass or Blast,dress up games,category,True,59,0.17,hold,,,
https://poki.com/en/g/pass-or-blast,Pass or Blast,online soccer games,category,True,59,0.17,hold,,,
https://poki.com/en/g/pass-or-blast,Pass or Blast,how to play pass or blast,long_tail,False,48,0.17,hold,,,
https://poki.com/en/g/pass-or-blast,Pass or Blast,pass or blast controls,long_tail,False,48,0.17,hold,,,
https://poki.com/en/g/pass-or-blast,Pass or Blast,games like pass or blast,long_tail,False,48,0.0,hold,,,
https://poki.com/en/g/pass-or-blast,Pass or Blast,pass or blast unblocked,long_tail,False,48,0.0,hold,,,
https://poki.com/en/g/age-arena,Age Arena,age arena,game_name,True,59,0.33,hold,,,
https://poki.com/en/g/age-arena,Age Arena,play age arena online,game_name,False,48,0.17,hold,,,
https://poki.com/en/g/age-arena,Age Arena,age arena free,game_name,False,48,0.17,hold,,,
https://poki.com/en/g/age-arena,Age Arena,online shooting games,category,True,59,0.17,hold,,,
https://poki.com/en/g/age-arena,Age Arena,online action games,category,True,59,0.17,hold,,,
https://poki.com/en/g/age-arena,Age Arena,online popular games,category,True,59,0.17,hold,,,
https://poki.com/en/g/age-arena,Age Arena,online io games,category,True,59,0.17,hold,,,
https://poki.com/en/g/age-arena,Age Arena,online adventure games,category,True,59,0.17,hold,,,
https://poki.com/en/g/age-arena,Age Arena,online 2 player games,category,True,59,0.17,hold,,,
https://poki.com/en/g/age-arena,Age Arena,online mobile games,category,True,59,0.17,hold,,,
https://poki.com/en/g/age-arena,Age Arena,online fighting games,category,False,48,0.0,hold,,,
https://poki.com/en/g/age-arena,Age Arena,online war games,category,False,48,0.0,hold,,,
https://poki.com/en/g/age-arena,Age Arena,online battle royale games,category,False,48,0.0,hold,,,
https://poki.com/en/g/age-arena,Age Arena,online clicker games,category,False,48,0.0,hold,,,
https://poki.com/en/g/age-arena,Age Arena,online mouse games,category,False,48,0.0,hold,,,
https://poki.com/en/g/age-arena,Age Arena,puzzle games,category,False,48,0.0,hold,,,
https://poki.com/en/g/age-arena,Age Arena,how to play age arena,long_tail,False,48,0.0,hold,,,
https://poki.com/en/g/age-arena,Age Arena,age arena controls,long_tail,False,48,0.0,hold,,,
https://poki.com/en/g/age-arena,Age Arena,games like age arena,long_tail,False,48,0.0,hold,,,
https://poki.com/en/g/age-arena,Age Arena,age arena unblocked,long_tail,False,48,0.0,hold,,,
https://poki.com/en/g/balldrop,BallDrop!,balldrop,game_name,True,58,0.33,hold,,,
https://poki.com/en/g/balldrop,BallDrop!,play balldrop online,game_name,False,46,0.17,hold,,,
https://poki.com/en/g/balldrop,BallDrop!,balldrop free,game_name,False,46,0.17,hold,,,
https://poki.com/en/g/balldrop,BallDrop!,online puzzle games,category,True,58,0.17,hold,,,
https://poki.com/en/g/balldrop,BallDrop!,online 3d games,category,True,58,0.17,hold,,,
https://poki.com/en/g/balldrop,BallDrop!,online multiplayer games,category,True,58,0.17,hold,,,
https://poki.com/en/g/balldrop,BallDrop!,online brain games,category,True,58,0.17,hold,,,
https://poki.com/en/g/balldrop,BallDrop!,online chess games,category,True,58,0.17,hold,,,
https://poki.com/en/g/balldrop,BallDrop!,online car games,category,True,58,0.17,hold,,,
https://poki.com/en/g/balldrop,BallDrop!,online classic games,category,True,58,0.17,hold,,,
https://poki.com/en/g/balldrop,BallDrop!,online escape games,category,False,46,0.0,hold,,,
https://poki.com/en/g/balldrop,BallDrop!,puzzle games,category,False,46,0.0,hold,,,
https://poki.com/en/g/balldrop,BallDrop!,online soccer games,category,False,46,0.0,hold,,,
https://poki.com/en/g/balldrop,BallDrop!,how to play balldrop,long_tail,False,46,0.0,hold,,,
https://poki.com/en/g/balldrop,BallDrop!,balldrop controls,long_tail,False,46,0.0,hold,,,
https://poki.com/en/g/balldrop,BallDrop!,games like balldrop,long_tail,False,46,0.0,hold,,,
https://poki.com/en/g/balldrop,BallDrop!,balldrop unblocked,long_tail,False,46,0.0,hold,,,
https://poki.com/en/g/makeover-cleaning-asmr,Makeover Cleaning ASMR,makeover cleaning asmr,game_name,True,59,0.17,hold,,,
https://poki.com/en/g/makeover-cleaning-asmr,Makeover Cleaning ASMR,play makeover cleaning asmr online,game_name,False,48,0.17,hold,,,
https://poki.com/en/g/makeover-cleaning-asmr,Makeover Cleaning ASMR,makeover cleaning asmr free,game_name,True,59,0.17,hold,,,
https://poki.com/en/g/makeover-cleaning-asmr,Makeover Cleaning ASMR,online decoration games,category,True,59,0.17,hold,,,
https://poki.com/en/g/makeover-cleaning-asmr,Makeover Cleaning ASMR,online color games,category,True,59,0.17,hold,,,
https://poki.com/en/g/makeover-cleaning-asmr,Makeover Cleaning ASMR,online cozy games,category,True,59,0.17,hold,,,
https://poki.com/en/g/makeover-cleaning-asmr,Makeover Cleaning ASMR,online simulation games,category,True,59,0.17,hold,,,
https://poki.com/en/g/makeover-cleaning-asmr,Makeover Cleaning ASMR,online 3d games,category,True,59,0.17,hold,,,
https://poki.com/en/g/makeover-cleaning-asmr,Makeover Cleaning ASMR,online cooking games,category,True,59,0.17,hold,,,
https://poki.com/en/g/makeover-cleaning-asmr,Makeover Cleaning ASMR,online typing games,category,True,59,0.17,hold,,,
https://poki.com/en/g/makeover-cleaning-asmr,Makeover Cleaning ASMR,online nitrome games,category,False,48,0.0,hold,,,
https://poki.com/en/g/makeover-cleaning-asmr,Makeover Cleaning ASMR,online mouse games,category,False,48,0.0,hold,,,
https://poki.com/en/g/makeover-cleaning-asmr,Makeover Cleaning ASMR,online make up games,category,False,48,0.0,hold,,,
https://poki.com/en/g/makeover-cleaning-asmr,Makeover Cleaning ASMR,online bus games,category,False,48,0.0,hold,,,
https://poki.com/en/g/makeover-cleaning-asmr,Makeover Cleaning ASMR,puzzle games,category,False,48,0.0,hold,,,
https://poki.com/en/g/makeover-cleaning-asmr,Makeover Cleaning ASMR,dress up games,category,False,48,0.0,hold,,,
https://poki.com/en/g/makeover-cleaning-asmr,Makeover Cleaning ASMR,how to play makeover cleaning asmr,long_tail,False,48,0.0,hold,,,
https://poki.com/en/g/makeover-cleaning-asmr,Makeover Cleaning ASMR,makeover cleaning asmr controls,long_tail,False,48,0.0,hold,,,
https://poki.com/en/g/makeover-cleaning-asmr,Makeover Cleaning ASMR,games like makeover cleaning asmr,long_tail,False,48,0.0,hold,,,
https://poki.com/en/g/makeover-cleaning-asmr,Makeover Cleaning ASMR,makeover cleaning asmr unblocked,long_tail,False,48,0.0,hold,,,
https://poki.com/en/g/where-kitty,Where Kitty?,where kitty,game_name,False,57,0.33,hold,,,
https://poki.com/en/g/where-kitty,Where Kitty?,play where kitty online,game_name,False,46,0.17,hold,,,
https://poki.com/en/g/where-kitty,Where Kitty?,where kitty free,game_name,False,57,0.33,hold,,,
https://poki.com/en/g/where-kitty,Where Kitty?,online cat games,category,True,57,0.17,hold,,,
https://poki.com/en/g/where-kitty,Where Kitty?,online animal games,category,True,57,0.17,hold,,,
https://poki.com/en/g/where-kitty,Where Kitty?,online adventure games,category,True,57,0.17,hold,,,
https://poki.com/en/g/where-kitty,Where Kitty?,online hidden object games,category,True,57,0.17,hold,,,
https://poki.com/en/g/where-kitty,Where Kitty?,online puzzle games,category,True,57,0.17,hold,,,
https://poki.com/en/g/where-kitty,Where Kitty?,online dress up games,category,True,57,0.17,hold,,,
https://poki.com/en/g/where-kitty,Where Kitty?,online shooting games,category,True,57,0.17,hold,,,
https://poki.com/en/g/where-kitty,Where Kitty?,puzzle games,category,False,46,0.0,hold,,,
https://poki.com/en/g/where-kitty,Where Kitty?,dress up games,category,False,46,0.0,hold,,,
https://poki.com/en/g/where-kitty,Where Kitty?,how to play where kitty,long_tail,False,46,0.0,hold,,,
https://poki.com/en/g/where-kitty,Where Kitty?,where kitty controls,long_tail,False,46,0.0,hold,,,
https://poki.com/en/g/where-kitty,Where Kitty?,games like where kitty,long_tail,False,46,0.0,hold,,,
https://poki.com/en/g/where-kitty,Where Kitty?,where kitty unblocked,long_tail,False,46,0.0,hold,,,
https://poki.com/en/g/delivery-guy,Delivery Guy,delivery guy,game_name,True,62,0.33,hold,,,
https://poki.com/en/g/delivery-guy,Delivery Guy,play delivery guy online,game_name,False,51,0.17,hold,,,
https://poki.com/en/g/delivery-guy,Delivery Guy,delivery guy free,game_name,True,62,0.17,hold,,,
https://poki.com/en/g/delivery-guy,Delivery Guy,online shooting games,category,True,62,0.17,hold,,,
https://poki.com/en/g/delivery-guy,Delivery Guy,online car games,category,True,62,0.17,hold,,,
https://poki.com/en/g/delivery-guy,Delivery Guy,online 2 player games,category,True,62,0.17,hold,,,
https://poki.com/en/g/delivery-guy,Delivery Guy,online action games,category,True,62,0.17,hold,,,
https://poki.com/en/g/delivery-guy,Delivery Guy,online skill games,category,True,62,0.17,hold,,,
https://poki.com/en/g/delivery-guy,Delivery Guy,online multiplayer games,category,True,62,0.17,hold,,,
https://poki.com/en/g/delivery-guy,Delivery Guy,online adventure games,category,True,62,0.17,hold,,,
https://poki.com/en/g/delivery-guy,Delivery Guy,online io games,category,False,51,0.0,hold,,,
https://poki.com/en/g/delivery-guy,Delivery Guy,dress up games,category,False,51,0.0,hold,,,
https://poki.com/en/g/delivery-guy,Delivery Guy,puzzle games,category,False,51,0.0,hold,,,
https://poki.com/en/g/delivery-guy,Delivery Guy,online soccer games,category,False,51,0.0,hold,,,
https://poki.com/en/g/delivery-guy,Delivery Guy,how to play delivery guy,long_tail,False,51,0.0,hold,,,
https://poki.com/en/g/delivery-guy,Delivery Guy,delivery guy controls,long_tail,False,51,0.0,hold,,,
https://poki.com/en/g/delivery-guy,Delivery Guy,games like delivery guy,long_tail,False,51,0.0,hold,,,
https://poki.com/en/g/delivery-guy,Delivery Guy,delivery guy unblocked,long_tail,False,51,0.0,hold,,,
https://poki.com/en/g/taxi-legends,Taxi Legends,taxi legends,game_name,True,62,0.17,hold,,,
https://poki.com/en/g/taxi-legends,Taxi Legends,play taxi legends online,game_name,False,51,0.17,hold,,,
https://poki.com/en/g/taxi-legends,Taxi Legends,taxi legends free,game_name,False,51,0.17,hold,,,
https://poki.com/en/g/taxi-legends,Taxi Legends,online shooting games,category,True,62,0.17,hold,,,
https://poki.com/en/g/taxi-legends,Taxi Legends,online car games,category,True,62,0.17,hold,,,
https://poki.com/en/g/taxi-legends,Taxi Legends,online 2 player games,category,True,62,0.17,hold,,,
https://poki.com/en/g/taxi-legends,Taxi Legends,online action games,category,True,62,0.17,hold,,,
https://poki.com/en/g/taxi-legends,Taxi Legends,online skill games,category,True,62,0.17,hold,,,
https://poki.com/en/g/taxi-legends,Taxi Legends,online multiplayer games,category,True,62,0.17,hold,,,
https://poki.com/en/g/taxi-legends,Taxi Legends,online adventure games,category,True,62,0.17,hold,,,
https://poki.com/en/g/taxi-legends,Taxi Legends,online io games,category,False,51,0.0,hold,,,
https://poki.com/en/g/taxi-legends,Taxi Legends,dress up games,category,False,51,0.0,hold,,,
https://poki.com/en/g/taxi-legends,Taxi Legends,puzzle games,category,False,51,0.0,hold,,,
https://poki.com/en/g/taxi-legends,Taxi Legends,online soccer games,category,False,51,0.0,hold,,,
https://poki.com/en/g/taxi-legends,Taxi Legends,how to play taxi legends,long_tail,False,51,0.0,hold,,,
https://poki.com/en/g/taxi-legends,Taxi Legends,taxi legends controls,long_tail,False,51,0.0,hold,,,
https://poki.com/en/g/taxi-legends,Taxi Legends,games like taxi legends,long_tail,False,51,0.0,hold,,,
https://poki.com/en/g/taxi-legends,Taxi Legends,taxi legends unblocked,long_tail,False,51,0.0,hold,,,
https://poki.com/en/g/scrapyard-simulator,Scrapyard Simulator,scrapyard simulator,game_name,True,62,0.17,hold,,,
https://poki.com/en/g/scrapyard-simulator,Scrapyard Simulator,play scrapyard simulator online,game_name,False,51,0.17,hold,,,
https://poki.com/en/g/scrapyard-simulator,Scrapyard Simulator,scrapyard simulator free,game_name,False,51,0.17,hold,,,
https://poki.com/en/g/scrapyard-simulator,Scrapyard Simulator,online shooting games,category,True,62,0.17,hold,,,
https://poki.com/en/g/scrapyard-simulator,Scrapyard Simulator,online car games,category,True,62,0.17,hold,,,
https://poki.com/en/g/scrapyard-simulator,Scrapyard Simulator,online 2 player games,category,True,62,0.17,hold,,,
https://poki.com/en/g/scrapyard-simulator,Scrapyard Simulator,online action games,category,True,62,0.17,hold,,,
https://poki.com/en/g/scrapyard-simulator,Scrapyard Simulator,online skill games,category,True,62,0.17,hold,,,
https://poki.com/en/g/scrapyard-simulator,Scrapyard Simulator,online multiplayer games,category,True,62,0.17,hold,,,
https://poki.com/en/g/scrapyard-simulator,Scrapyard Simulator,online adventure games,category,True,62,0.17,hold,,,
https://poki.com/en/g/scrapyard-simulator,Scrapyard Simulator,online io games,category,False,51,0.0,hold,,,
https://poki.com/en/g/scrapyard-simulator,Scrapyard Simulator,dress up games,category,False,51,0.0,hold,,,
https://poki.com/en/g/scrapyard-simulator,Scrapyard Simulator,puzzle games,category,False,51,0.0,hold,,,
https://poki.com/en/g/scrapyard-simulator,Scrapyard Simulator,online soccer games,category,False,51,0.0,hold,,,
https://poki.com/en/g/scrapyard-simulator,Scrapyard Simulator,how to play scrapyard simulator,long_tail,False,51,0.0,hold,,,
https://poki.com/en/g/scrapyard-simulator,Scrapyard Simulator,scrapyard simulator controls,long_tail,False,51,0.0,hold,,,
https://poki.com/en/g/scrapyard-simulator,Scrapyard Simulator,games like scrapyard simulator,long_tail,False,51,0.0,hold,,,
https://poki.com/en/g/scrapyard-simulator,Scrapyard Simulator,scrapyard simulator unblocked,long_tail,False,51,0.0,hold,,,
https://poki.com/en/g/base-wars,Base Wars,base wars,game_name,True,62,0.33,hold,,,
https://poki.com/en/g/base-wars,Base Wars,play base wars online,game_name,False,51,0.17,hold,,,
https://poki.com/en/g/base-wars,Base Wars,base wars free,game_name,False,51,0.17,hold,,,
https://poki.com/en/g/base-wars,Base Wars,online shooting games,category,True,62,0.17,hold,,,
https://poki.com/en/g/base-wars,Base Wars,online car games,category,True,62,0.17,hold,,,
https://poki.com/en/g/base-wars,Base Wars,online 2 player games,category,True,62,0.17,hold,,,
https://poki.com/en/g/base-wars,Base Wars,online action games,category,True,62,0.17,hold,,,
https://poki.com/en/g/base-wars,Base Wars,online skill games,category,True,62,0.17,hold,,,
https://poki.com/en/g/base-wars,Base Wars,online multiplayer games,category,True,62,0.17,hold,,,
https://poki.com/en/g/base-wars,Base Wars,online adventure games,category,True,62,0.17,hold,,,
https://poki.com/en/g/base-wars,Base Wars,online io games,category,False,51,0.0,hold,,,
https://poki.com/en/g/base-wars,Base Wars,dress up games,category,False,51,0.0,hold,,,
https://poki.com/en/g/base-wars,Base Wars,puzzle games,category,False,51,0.0,hold,,,
https://poki.com/en/g/base-wars,Base Wars,online soccer games,category,False,51,0.0,hold,,,
https://poki.com/en/g/base-wars,Base Wars,how to play base wars,long_tail,False,51,0.0,hold,,,
https://poki.com/en/g/base-wars,Base Wars,base wars controls,long_tail,False,51,0.0,hold,,,
https://poki.com/en/g/base-wars,Base Wars,games like base wars,long_tail,False,51,0.0,hold,,,
https://poki.com/en/g/base-wars,Base Wars,base wars unblocked,long_tail,False,51,0.0,hold,,,
https://poki.com/en/g/pro-referee-simulator,Pro Referee Simulator,pro referee simulator,game_name,True,57,0.17,hold,,,
https://poki.com/en/g/pro-referee-simulator,Pro Referee Simulator,play pro referee simulator online,game_name,False,46,0.17,hold,,,
https://poki.com/en/g/pro-referee-simulator,Pro Referee Simulator,pro referee simulator free,game_name,False,46,0.17,hold,,,
https://poki.com/en/g/pro-referee-simulator,Pro Referee Simulator,online world cup games,category,True,57,0.17,hold,,,
https://poki.com/en/g/pro-referee-simulator,Pro Referee Simulator,online soccer games,category,True,57,0.17,hold,,,
https://poki.com/en/g/pro-referee-simulator,Pro Referee Simulator,online penalty games,category,True,57,0.17,hold,,,
https://poki.com/en/g/pro-referee-simulator,Pro Referee Simulator,puzzle games,category,True,57,0.17,hold,,,
https://poki.com/en/g/pro-referee-simulator,Pro Referee Simulator,dress up games,category,True,57,0.17,hold,,,
https://poki.com/en/g/pro-referee-simulator,Pro Referee Simulator,how to play pro referee simulator,long_tail,False,46,0.17,hold,,,
https://poki.com/en/g/pro-referee-simulator,Pro Referee Simulator,pro referee simulator controls,long_tail,False,46,0.17,hold,,,
https://poki.com/en/g/pro-referee-simulator,Pro Referee Simulator,games like pro referee simulator,long_tail,False,46,0.0,hold,,,
https://poki.com/en/g/pro-referee-simulator,Pro Referee Simulator,pro referee simulator unblocked,long_tail,False,46,0.0,hold,,,
https://poki.com/en/g/blockpost-2-0,Blockpost 2.0,blockpost 2.0,game_name,True,60,0.17,hold,,,
https://poki.com/en/g/blockpost-2-0,Blockpost 2.0,play blockpost 2.0 online,game_name,False,49,0.17,hold,,,
https://poki.com/en/g/blockpost-2-0,Blockpost 2.0,blockpost 2.0 free,game_name,False,49,0.17,hold,,,
https://poki.com/en/g/blockpost-2-0,Blockpost 2.0,online shooting games,category,True,60,0.17,hold,,,
https://poki.com/en/g/blockpost-2-0,Blockpost 2.0,online first person shooter games,category,True,60,0.17,hold,,,
https://poki.com/en/g/blockpost-2-0,Blockpost 2.0,online gun games,category,True,60,0.17,hold,,,
https://poki.com/en/g/blockpost-2-0,Blockpost 2.0,online action games,category,True,60,0.17,hold,,,
https://poki.com/en/g/blockpost-2-0,Blockpost 2.0,online driving games,category,True,60,0.17,hold,,,
https://poki.com/en/g/blockpost-2-0,Blockpost 2.0,online typing games,category,True,60,0.17,hold,,,
https://poki.com/en/g/blockpost-2-0,Blockpost 2.0,online multiplayer games,category,True,60,0.17,hold,,,
https://poki.com/en/g/blockpost-2-0,Blockpost 2.0,online classic games,category,False,49,0.0,hold,,,
https://poki.com/en/g/blockpost-2-0,Blockpost 2.0,online world cup games,category,False,49,0.0,hold,,,
https://poki.com/en/g/blockpost-2-0,Blockpost 2.0,online 2 player games,category,False,49,0.0,hold,,,
https://poki.com/en/g/blockpost-2-0,Blockpost 2.0,online soccer games,category,False,49,0.0,hold,,,
https://poki.com/en/g/blockpost-2-0,Blockpost 2.0,puzzle games,category,False,49,0.0,hold,,,
https://poki.com/en/g/blockpost-2-0,Blockpost 2.0,dress up games,category,False,49,0.0,hold,,,
https://poki.com/en/g/blockpost-2-0,Blockpost 2.0,how to play blockpost 2.0,long_tail,False,49,0.0,hold,,,
https://poki.com/en/g/blockpost-2-0,Blockpost 2.0,blockpost 2.0 controls,long_tail,False,49,0.0,hold,,,
https://poki.com/en/g/blockpost-2-0,Blockpost 2.0,games like blockpost 2.0,long_tail,False,49,0.0,hold,,,
https://poki.com/en/g/blockpost-2-0,Blockpost 2.0,blockpost 2.0 unblocked,long_tail,False,49,0.0,hold,,,
https://poki.com/en/g/cola-simulator,Cola Simulator,cola simulator,game_name,True,59,0.17,hold,,,
https://poki.com/en/g/cola-simulator,Cola Simulator,play cola simulator online,game_name,False,48,0.17,hold,,,
https://poki.com/en/g/cola-simulator,Cola Simulator,cola simulator free,game_name,False,48,0.17,hold,,,
https://poki.com/en/g/cola-simulator,Cola Simulator,online obby games,category,True,59,0.17,hold,,,
https://poki.com/en/g/cola-simulator,Cola Simulator,online multiplayer games,category,True,59,0.17,hold,,,
https://poki.com/en/g/cola-simulator,Cola Simulator,online tycoon games,category,True,59,0.17,hold,,,
https://poki.com/en/g/cola-simulator,Cola Simulator,online adventure games,category,True,59,0.17,hold,,,
https://poki.com/en/g/cola-simulator,Cola Simulator,online 3d games,category,True,59,0.17,hold,,,
https://poki.com/en/g/cola-simulator,Cola Simulator,online car games,category,True,59,0.17,hold,,,
https://poki.com/en/g/cola-simulator,Cola Simulator,online simulation games,category,True,59,0.17,hold,,,
https://poki.com/en/g/cola-simulator,Cola Simulator,online food games,category,False,48,0.0,hold,,,
https://poki.com/en/g/cola-simulator,Cola Simulator,online idle games,category,False,48,0.0,hold,,,
https://poki.com/en/g/cola-simulator,Cola Simulator,online action games,category,False,48,0.0,hold,,,
https://poki.com/en/g/cola-simulator,Cola Simulator,online mobile games,category,False,48,0.0,hold,,,
https://poki.com/en/g/cola-simulator,Cola Simulator,dress up games,category,False,48,0.0,hold,,,
https://poki.com/en/g/cola-simulator,Cola Simulator,idle games,category,False,48,0.0,hold,,,
https://poki.com/en/g/cola-simulator,Cola Simulator,how to play cola simulator,long_tail,False,48,0.0,hold,,,
https://poki.com/en/g/cola-simulator,Cola Simulator,cola simulator controls,long_tail,False,48,0.0,hold,,,
https://poki.com/en/g/cola-simulator,Cola Simulator,games like cola simulator,long_tail,False,48,0.0,hold,,,
https://poki.com/en/g/cola-simulator,Cola Simulator,cola simulator unblocked,long_tail,False,48,0.0,hold,,,
https://poki.com/en/g/mine-and-pickaxe,Mine And Pickaxe,mine and pickaxe,game_name,False,48,0.17,hold,,,
https://poki.com/en/g/mine-and-pickaxe,Mine And Pickaxe,play mine and pickaxe online,game_name,False,48,0.17,hold,,,
https://poki.com/en/g/mine-and-pickaxe,Mine And Pickaxe,mine and pickaxe free,game_name,False,48,0.17,hold,,,
https://poki.com/en/g/mine-and-pickaxe,Mine And Pickaxe,online tycoon games,category,True,59,0.17,hold,,,
https://poki.com/en/g/mine-and-pickaxe,Mine And Pickaxe,online obby games,category,True,59,0.17,hold,,,
https://poki.com/en/g/mine-and-pickaxe,Mine And Pickaxe,online multiplayer games,category,True,59,0.17,hold,,,
https://poki.com/en/g/mine-and-pickaxe,Mine And Pickaxe,online idle games,category,True,59,0.17,hold,,,
https://poki.com/en/g/mine-and-pickaxe,Mine And Pickaxe,online adventure games,category,True,59,0.17,hold,,,
https://poki.com/en/g/mine-and-pickaxe,Mine And Pickaxe,online 3d games,category,True,59,0.17,hold,,,
https://poki.com/en/g/mine-and-pickaxe,Mine And Pickaxe,online skill games,category,True,59,0.17,hold,,,
https://poki.com/en/g/mine-and-pickaxe,Mine And Pickaxe,online simulation games,category,False,48,0.0,hold,,,
https://poki.com/en/g/mine-and-pickaxe,Mine And Pickaxe,online block games,category,False,48,0.0,hold,,,
https://poki.com/en/g/mine-and-pickaxe,Mine And Pickaxe,online car games,category,False,48,0.0,hold,,,
https://poki.com/en/g/mine-and-pickaxe,Mine And Pickaxe,online brain games,category,False,48,0.0,hold,,,
https://poki.com/en/g/mine-and-pickaxe,Mine And Pickaxe,online mouse games,category,False,48,0.0,hold,,,
https://poki.com/en/g/mine-and-pickaxe,Mine And Pickaxe,merge games,category,False,48,0.0,hold,,,
https://poki.com/en/g/mine-and-pickaxe,Mine And Pickaxe,how to play mine and pickaxe,long_tail,False,48,0.0,hold,,,
https://poki.com/en/g/mine-and-pickaxe,Mine And Pickaxe,mine and pickaxe controls,long_tail,False,48,0.0,hold,,,
https://poki.com/en/g/mine-and-pickaxe,Mine And Pickaxe,games like mine and pickaxe,long_tail,False,48,0.0,hold,,,
https://poki.com/en/g/mine-and-pickaxe,Mine And Pickaxe,mine and pickaxe unblocked,long_tail,False,48,0.0,hold,,,
https://poki.com/en/g/party-minigames-scary-teacher,Party MiniGames: Scary Teacher,party minigames: scary teacher,game_name,False,51,0.17,hold,,,
https://poki.com/en/g/party-minigames-scary-teacher,Party MiniGames: Scary Teacher,play party minigames: scary teacher online,game_name,False,51,0.17,hold,,,
https://poki.com/en/g/party-minigames-scary-teacher,Party MiniGames: Scary Teacher,party minigames: scary teacher free,game_name,False,51,0.17,hold,,,
https://poki.com/en/g/party-minigames-scary-teacher,Party MiniGames: Scary Teacher,online shooting games,category,True,62,0.17,hold,,,
https://poki.com/en/g/party-minigames-scary-teacher,Party MiniGames: Scary Teacher,online car games,category,True,62,0.17,hold,,,
https://poki.com/en/g/party-minigames-scary-teacher,Party MiniGames: Scary Teacher,online 2 player games,category,True,62,0.17,hold,,,
https://poki.com/en/g/party-minigames-scary-teacher,Party MiniGames: Scary Teacher,online action games,category,True,62,0.17,hold,,,
https://poki.com/en/g/party-minigames-scary-teacher,Party MiniGames: Scary Teacher,online skill games,category,True,62,0.17,hold,,,
https://poki.com/en/g/party-minigames-scary-teacher,Party MiniGames: Scary Teacher,online multiplayer games,category,True,62,0.17,hold,,,
https://poki.com/en/g/party-minigames-scary-teacher,Party MiniGames: Scary Teacher,online adventure games,category,True,62,0.17,hold,,,
https://poki.com/en/g/party-minigames-scary-teacher,Party MiniGames: Scary Teacher,online io games,category,False,51,0.0,hold,,,
https://poki.com/en/g/party-minigames-scary-teacher,Party MiniGames: Scary Teacher,dress up games,category,False,51,0.0,hold,,,
https://poki.com/en/g/party-minigames-scary-teacher,Party MiniGames: Scary Teacher,puzzle games,category,False,51,0.0,hold,,,
https://poki.com/en/g/party-minigames-scary-teacher,Party MiniGames: Scary Teacher,online soccer games,category,False,51,0.0,hold,,,
https://poki.com/en/g/party-minigames-scary-teacher,Party MiniGames: Scary Teacher,how to play party minigames: scary teacher,long_tail,False,51,0.0,hold,,,
https://poki.com/en/g/party-minigames-scary-teacher,Party MiniGames: Scary Teacher,party minigames: scary teacher controls,long_tail,False,51,0.0,hold,,,
https://poki.com/en/g/party-minigames-scary-teacher,Party MiniGames: Scary Teacher,games like party minigames: scary teacher,long_tail,False,51,0.0,hold,,,
https://poki.com/en/g/party-minigames-scary-teacher,Party MiniGames: Scary Teacher,party minigames: scary teacher unblocked,long_tail,False,51,0.0,hold,,,
https://poki.com/en/g/wordventure,Wordventure,wordventure,game_name,False,51,0.17,hold,,,
https://poki.com/en/g/wordventure,Wordventure,play wordventure online,game_name,False,51,0.17,hold,,,
https://poki.com/en/g/wordventure,Wordventure,wordventure free,game_name,False,51,0.17,hold,,,
https://poki.com/en/g/wordventure,Wordventure,online shooting games,category,True,62,0.17,hold,,,
https://poki.com/en/g/wordventure,Wordventure,online car games,category,True,62,0.17,hold,,,
https://poki.com/en/g/wordventure,Wordventure,online 2 player games,category,True,62,0.17,hold,,,
https://poki.com/en/g/wordventure,Wordventure,online action games,category,True,62,0.17,hold,,,
https://poki.com/en/g/wordventure,Wordventure,online skill games,category,True,62,0.17,hold,,,
https://poki.com/en/g/wordventure,Wordventure,online multiplayer games,category,True,62,0.17,hold,,,
https://poki.com/en/g/wordventure,Wordventure,online adventure games,category,True,62,0.17,hold,,,
https://poki.com/en/g/wordventure,Wordventure,online io games,category,False,51,0.0,hold,,,
https://poki.com/en/g/wordventure,Wordventure,dress up games,category,False,51,0.0,hold,,,
https://poki.com/en/g/wordventure,Wordventure,puzzle games,category,False,51,0.0,hold,,,
https://poki.com/en/g/wordventure,Wordventure,online soccer games,category,False,51,0.0,hold,,,
https://poki.com/en/g/wordventure,Wordventure,how to play wordventure,long_tail,False,51,0.0,hold,,,
https://poki.com/en/g/wordventure,Wordventure,wordventure controls,long_tail,False,51,0.0,hold,,,
https://poki.com/en/g/wordventure,Wordventure,games like wordventure,long_tail,False,51,0.0,hold,,,
https://poki.com/en/g/wordventure,Wordventure,wordventure unblocked,long_tail,False,51,0.0,hold,,,
https://poki.com/en/g/sleepy-mochi,Sleepy Mochi,sleepy mochi,game_name,True,62,0.17,hold,,,
https://poki.com/en/g/sleepy-mochi,Sleepy Mochi,play sleepy mochi online,game_name,False,51,0.17,hold,,,
https://poki.com/en/g/sleepy-mochi,Sleepy Mochi,sleepy mochi free,game_name,False,51,0.17,hold,,,
https://poki.com/en/g/sleepy-mochi,Sleepy Mochi,online shooting games,category,True,62,0.17,hold,,,
https://poki.com/en/g/sleepy-mochi,Sleepy Mochi,online car games,category,True,62,0.17,hold,,,
https://poki.com/en/g/sleepy-mochi,Sleepy Mochi,online 2 player games,category,True,62,0.17,hold,,,
https://poki.com/en/g/sleepy-mochi,Sleepy Mochi,online action games,category,True,62,0.17,hold,,,
https://poki.com/en/g/sleepy-mochi,Sleepy Mochi,online skill games,category,True,62,0.17,hold,,,
https://poki.com/en/g/sleepy-mochi,Sleepy Mochi,online multiplayer games,category,True,62,0.17,hold,,,
https://poki.com/en/g/sleepy-mochi,Sleepy Mochi,online adventure games,category,True,62,0.17,hold,,,
https://poki.com/en/g/sleepy-mochi,Sleepy Mochi,online io games,category,False,51,0.0,hold,,,
https://poki.com/en/g/sleepy-mochi,Sleepy Mochi,dress up games,category,False,51,0.0,hold,,,
https://poki.com/en/g/sleepy-mochi,Sleepy Mochi,puzzle games,category,False,51,0.0,hold,,,
https://poki.com/en/g/sleepy-mochi,Sleepy Mochi,online soccer games,category,False,51,0.0,hold,,,
https://poki.com/en/g/sleepy-mochi,Sleepy Mochi,how to play sleepy mochi,long_tail,False,51,0.0,hold,,,
https://poki.com/en/g/sleepy-mochi,Sleepy Mochi,sleepy mochi controls,long_tail,False,51,0.0,hold,,,
https://poki.com/en/g/sleepy-mochi,Sleepy Mochi,games like sleepy mochi,long_tail,False,51,0.0,hold,,,
https://poki.com/en/g/sleepy-mochi,Sleepy Mochi,sleepy mochi unblocked,long_tail,False,51,0.0,hold,,,
https://poki.com/en/g/sniper-tank,Sniper Tank,sniper tank,game_name,True,60,0.33,hold,,,
https://poki.com/en/g/sniper-tank,Sniper Tank,play sniper tank online,game_name,False,49,0.17,hold,,,
https://poki.com/en/g/sniper-tank,Sniper Tank,sniper tank free,game_name,False,49,0.17,hold,,,
https://poki.com/en/g/sniper-tank,Sniper Tank,online tank games,category,True,60,0.17,hold,,,
https://poki.com/en/g/sniper-tank,Sniper Tank,online shooting games,category,True,60,0.17,hold,,,
https://poki.com/en/g/sniper-tank,Sniper Tank,online first person shooter games,category,True,60,0.17,hold,,,
https://poki.com/en/g/sniper-tank,Sniper Tank,online sniper games,category,True,60,0.17,hold,,,
https://poki.com/en/g/sniper-tank,Sniper Tank,online adventure games,category,True,60,0.17,hold,,,
https://poki.com/en/g/sniper-tank,Sniper Tank,online skill games,category,True,60,0.17,hold,,,
https://poki.com/en/g/sniper-tank,Sniper Tank,online mobile games,category,True,60,0.17,hold,,,
https://poki.com/en/g/sniper-tank,Sniper Tank,online car games,category,False,49,0.0,hold,,,
https://poki.com/en/g/sniper-tank,Sniper Tank,online action games,category,False,49,0.0,hold,,,
https://poki.com/en/g/sniper-tank,Sniper Tank,online war games,category,False,49,0.0,hold,,,
https://poki.com/en/g/sniper-tank,Sniper Tank,online mouse games,category,False,49,0.0,hold,,,
https://poki.com/en/g/sniper-tank,Sniper Tank,merge games,category,False,49,0.0,hold,,,
https://poki.com/en/g/sniper-tank,Sniper Tank,puzzle games,category,False,49,0.0,hold,,,
https://poki.com/en/g/sniper-tank,Sniper Tank,how to play sniper tank,long_tail,False,49,0.0,hold,,,
https://poki.com/en/g/sniper-tank,Sniper Tank,sniper tank controls,long_tail,False,49,0.0,hold,,,
https://poki.com/en/g/sniper-tank,Sniper Tank,games like sniper tank,long_tail,False,49,0.0,hold,,,
https://poki.com/en/g/sniper-tank,Sniper Tank,sniper tank unblocked,long_tail,False,49,0.0,hold,,,
https://poki.com/en/g/pickle-ball-pro,Pickle Ball Pro,pickle ball pro,game_name,True,62,0.17,hold,,,
https://poki.com/en/g/pickle-ball-pro,Pickle Ball Pro,play pickle ball pro online,game_name,False,51,0.17,hold,,,
https://poki.com/en/g/pickle-ball-pro,Pickle Ball Pro,pickle ball pro free,game_name,False,51,0.17,hold,,,
https://poki.com/en/g/pickle-ball-pro,Pickle Ball Pro,online shooting games,category,True,62,0.17,hold,,,
https://poki.com/en/g/pickle-ball-pro,Pickle Ball Pro,online car games,category,True,62,0.17,hold,,,
https://poki.com/en/g/pickle-ball-pro,Pickle Ball Pro,online 2 player games,category,True,62,0.17,hold,,,
https://poki.com/en/g/pickle-ball-pro,Pickle Ball Pro,online action games,category,True,62,0.17,hold,,,
https://poki.com/en/g/pickle-ball-pro,Pickle Ball Pro,online skill games,category,True,62,0.17,hold,,,
https://poki.com/en/g/pickle-ball-pro,Pickle Ball Pro,online multiplayer games,category,True,62,0.17,hold,,,
https://poki.com/en/g/pickle-ball-pro,Pickle Ball Pro,online adventure games,category,True,62,0.17,hold,,,
https://poki.com/en/g/pickle-ball-pro,Pickle Ball Pro,dress up games,category,False,51,0.0,hold,,,
https://poki.com/en/g/pickle-ball-pro,Pickle Ball Pro,puzzle games,category,False,51,0.0,hold,,,
https://poki.com/en/g/pickle-ball-pro,Pickle Ball Pro,online soccer games,category,False,51,0.0,hold,,,
https://poki.com/en/g/pickle-ball-pro,Pickle Ball Pro,how to play pickle ball pro,long_tail,False,51,0.0,hold,,,
https://poki.com/en/g/pickle-ball-pro,Pickle Ball Pro,pickle ball pro controls,long_tail,False,51,0.0,hold,,,
https://poki.com/en/g/pickle-ball-pro,Pickle Ball Pro,games like pickle ball pro,long_tail,False,51,0.0,hold,,,
https://poki.com/en/g/pickle-ball-pro,Pickle Ball Pro,pickle ball pro unblocked,long_tail,False,51,0.0,hold,,,
https://poki.com/en/g/hexa-drop,Hexa Drop,hexa drop,game_name,True,62,0.17,hold,,,
https://poki.com/en/g/hexa-drop,Hexa Drop,play hexa drop online,game_name,False,51,0.17,hold,,,
https://poki.com/en/g/hexa-drop,Hexa Drop,hexa drop free,game_name,False,51,0.17,hold,,,
https://poki.com/en/g/hexa-drop,Hexa Drop,online shooting games,category,True,62,0.17,hold,,,
https://poki.com/en/g/hexa-drop,Hexa Drop,online car games,category,True,62,0.17,hold,,,
https://poki.com/en/g/hexa-drop,Hexa Drop,online 2 player games,category,True,62,0.17,hold,,,
https://poki.com/en/g/hexa-drop,Hexa Drop,online action games,category,True,62,0.17,hold,,,
https://poki.com/en/g/hexa-drop,Hexa Drop,online skill games,category,True,62,0.17,hold,,,
https://poki.com/en/g/hexa-drop,Hexa Drop,online multiplayer games,category,True,62,0.17,hold,,,
https://poki.com/en/g/hexa-drop,Hexa Drop,online adventure games,category,True,62,0.17,hold,,,
https://poki.com/en/g/hexa-drop,Hexa Drop,dress up games,category,False,51,0.0,hold,,,
https://poki.com/en/g/hexa-drop,Hexa Drop,puzzle games,category,False,51,0.0,hold,,,
https://poki.com/en/g/hexa-drop,Hexa Drop,online soccer games,category,False,51,0.0,hold,,,
https://poki.com/en/g/hexa-drop,Hexa Drop,how to play hexa drop,long_tail,False,51,0.0,hold,,,
https://poki.com/en/g/hexa-drop,Hexa Drop,hexa drop controls,long_tail,False,51,0.0,hold,,,
https://poki.com/en/g/hexa-drop,Hexa Drop,games like hexa drop,long_tail,False,51,0.0,hold,,,
https://poki.com/en/g/hexa-drop,Hexa Drop,hexa drop unblocked,long_tail,False,51,0.0,hold,,,
https://poki.com/en/g/obby-with-friends-mini-games,Obby with Friends Mini Games,obby with friends mini games,game_name,False,51,0.17,hold,,,
https://poki.com/en/g/obby-with-friends-mini-games,Obby with Friends Mini Games,play obby with friends mini games online,game_name,False,51,0.17,hold,,,
https://poki.com/en/g/obby-with-friends-mini-games,Obby with Friends Mini Games,obby with friends mini games free,game_name,False,51,0.17,hold,,,
https://poki.com/en/g/obby-with-friends-mini-games,Obby with Friends Mini Games,online shooting games,category,True,62,0.17,hold,,,
https://poki.com/en/g/obby-with-friends-mini-games,Obby with Friends Mini Games,online car games,category,True,62,0.17,hold,,,
https://poki.com/en/g/obby-with-friends-mini-games,Obby with Friends Mini Games,online 2 player games,category,True,62,0.17,hold,,,
https://poki.com/en/g/obby-with-friends-mini-games,Obby with Friends Mini Games,online action games,category,True,62,0.17,hold,,,
https://poki.com/en/g/obby-with-friends-mini-games,Obby with Friends Mini Games,online skill games,category,True,62,0.17,hold,,,
https://poki.com/en/g/obby-with-friends-mini-games,Obby with Friends Mini Games,online multiplayer games,category,True,62,0.17,hold,,,
https://poki.com/en/g/obby-with-friends-mini-games,Obby with Friends Mini Games,online adventure games,category,True,62,0.17,hold,,,
https://poki.com/en/g/obby-with-friends-mini-games,Obby with Friends Mini Games,dress up games,category,False,51,0.0,hold,,,
https://poki.com/en/g/obby-with-friends-mini-games,Obby with Friends Mini Games,puzzle games,category,False,51,0.0,hold,,,
https://poki.com/en/g/obby-with-friends-mini-games,Obby with Friends Mini Games,online soccer games,category,False,51,0.0,hold,,,
https://poki.com/en/g/obby-with-friends-mini-games,Obby with Friends Mini Games,how to play obby with friends mini games,long_tail,False,51,0.0,hold,,,
https://poki.com/en/g/obby-with-friends-mini-games,Obby with Friends Mini Games,obby with friends mini games controls,long_tail,False,51,0.0,hold,,,
https://poki.com/en/g/obby-with-friends-mini-games,Obby with Friends Mini Games,games like obby with friends mini games,long_tail,False,51,0.0,hold,,,
https://poki.com/en/g/obby-with-friends-mini-games,Obby with Friends Mini Games,obby with friends mini games unblocked,long_tail,False,51,0.0,hold,,,
https://poki.com/en/g/chimefall,Chimefall,chimefall,game_name,False,51,0.17,hold,,,
https://poki.com/en/g/chimefall,Chimefall,play chimefall online,game_name,False,51,0.17,hold,,,
https://poki.com/en/g/chimefall,Chimefall,chimefall free,game_name,False,51,0.17,hold,,,
https://poki.com/en/g/chimefall,Chimefall,online shooting games,category,True,62,0.17,hold,,,
https://poki.com/en/g/chimefall,Chimefall,online car games,category,True,62,0.17,hold,,,
https://poki.com/en/g/chimefall,Chimefall,online 2 player games,category,True,62,0.17,hold,,,
https://poki.com/en/g/chimefall,Chimefall,online action games,category,True,62,0.17,hold,,,
https://poki.com/en/g/chimefall,Chimefall,online skill games,category,True,62,0.17,hold,,,
https://poki.com/en/g/chimefall,Chimefall,online multiplayer games,category,True,62,0.17,hold,,,
https://poki.com/en/g/chimefall,Chimefall,online adventure games,category,True,62,0.17,hold,,,
https://poki.com/en/g/chimefall,Chimefall,dress up games,category,False,51,0.0,hold,,,
https://poki.com/en/g/chimefall,Chimefall,puzzle games,category,False,51,0.0,hold,,,
https://poki.com/en/g/chimefall,Chimefall,online soccer games,category,False,51,0.0,hold,,,
https://poki.com/en/g/chimefall,Chimefall,how to play chimefall,long_tail,False,51,0.0,hold,,,
https://poki.com/en/g/chimefall,Chimefall,chimefall controls,long_tail,False,51,0.0,hold,,,
https://poki.com/en/g/chimefall,Chimefall,games like chimefall,long_tail,False,51,0.0,hold,,,
https://poki.com/en/g/chimefall,Chimefall,chimefall unblocked,long_tail,False,51,0.0,hold,,,
https://poki.com/en/g/crowd-evolution-arena-io,Crowd Evolution: Arena io,crowd evolution: arena io,game_name,False,51,0.17,hold,,,
https://poki.com/en/g/crowd-evolution-arena-io,Crowd Evolution: Arena io,play crowd evolution: arena io online,game_name,False,51,0.17,hold,,,
https://poki.com/en/g/crowd-evolution-arena-io,Crowd Evolution: Arena io,crowd evolution: arena io free,game_name,False,51,0.17,hold,,,
https://poki.com/en/g/crowd-evolution-arena-io,Crowd Evolution: Arena io,online shooting games,category,True,62,0.17,hold,,,
https://poki.com/en/g/crowd-evolution-arena-io,Crowd Evolution: Arena io,online car games,category,True,62,0.17,hold,,,
https://poki.com/en/g/crowd-evolution-arena-io,Crowd Evolution: Arena io,online 2 player games,category,True,62,0.17,hold,,,
https://poki.com/en/g/crowd-evolution-arena-io,Crowd Evolution: Arena io,online action games,category,True,62,0.17,hold,,,
https://poki.com/en/g/crowd-evolution-arena-io,Crowd Evolution: Arena io,online skill games,category,True,62,0.17,hold,,,
https://poki.com/en/g/crowd-evolution-arena-io,Crowd Evolution: Arena io,online multiplayer games,category,True,62,0.17,hold,,,
https://poki.com/en/g/crowd-evolution-arena-io,Crowd Evolution: Arena io,online adventure games,category,True,62,0.17,hold,,,
https://poki.com/en/g/crowd-evolution-arena-io,Crowd Evolution: Arena io,dress up games,category,False,51,0.0,hold,,,
https://poki.com/en/g/crowd-evolution-arena-io,Crowd Evolution: Arena io,puzzle games,category,False,51,0.0,hold,,,
https://poki.com/en/g/crowd-evolution-arena-io,Crowd Evolution: Arena io,online soccer games,category,False,51,0.0,hold,,,
https://poki.com/en/g/crowd-evolution-arena-io,Crowd Evolution: Arena io,how to play crowd evolution: arena io,long_tail,False,51,0.0,hold,,,
https://poki.com/en/g/crowd-evolution-arena-io,Crowd Evolution: Arena io,crowd evolution: arena io controls,long_tail,False,51,0.0,hold,,,
https://poki.com/en/g/crowd-evolution-arena-io,Crowd Evolution: Arena io,games like crowd evolution: arena io,long_tail,False,51,0.0,hold,,,
https://poki.com/en/g/crowd-evolution-arena-io,Crowd Evolution: Arena io,crowd evolution: arena io unblocked,long_tail,False,51,0.0,hold,,,
https://poki.com/en/g/treasure-hunting-simulator,Treasure Hunting Simulator,treasure hunting simulator,game_name,True,62,0.17,hold,,,
https://poki.com/en/g/treasure-hunting-simulator,Treasure Hunting Simulator,play treasure hunting simulator online,game_name,False,51,0.17,hold,,,
https://poki.com/en/g/treasure-hunting-simulator,Treasure Hunting Simulator,treasure hunting simulator free,game_name,False,51,0.17,hold,,,
https://poki.com/en/g/treasure-hunting-simulator,Treasure Hunting Simulator,online shooting games,category,True,62,0.17,hold,,,
https://poki.com/en/g/treasure-hunting-simulator,Treasure Hunting Simulator,online car games,category,True,62,0.17,hold,,,
https://poki.com/en/g/treasure-hunting-simulator,Treasure Hunting Simulator,online 2 player games,category,True,62,0.17,hold,,,
https://poki.com/en/g/treasure-hunting-simulator,Treasure Hunting Simulator,online action games,category,True,62,0.17,hold,,,
https://poki.com/en/g/treasure-hunting-simulator,Treasure Hunting Simulator,online skill games,category,True,62,0.17,hold,,,
https://poki.com/en/g/treasure-hunting-simulator,Treasure Hunting Simulator,online multiplayer games,category,True,62,0.17,hold,,,
https://poki.com/en/g/treasure-hunting-simulator,Treasure Hunting Simulator,online adventure games,category,True,62,0.17,hold,,,
https://poki.com/en/g/treasure-hunting-simulator,Treasure Hunting Simulator,dress up games,category,False,51,0.0,hold,,,
https://poki.com/en/g/treasure-hunting-simulator,Treasure Hunting Simulator,puzzle games,category,False,51,0.0,hold,,,
https://poki.com/en/g/treasure-hunting-simulator,Treasure Hunting Simulator,online soccer games,category,False,51,0.0,hold,,,
https://poki.com/en/g/treasure-hunting-simulator,Treasure Hunting Simulator,how to play treasure hunting simulator,long_tail,False,51,0.0,hold,,,
https://poki.com/en/g/treasure-hunting-simulator,Treasure Hunting Simulator,treasure hunting simulator controls,long_tail,False,51,0.0,hold,,,
https://poki.com/en/g/treasure-hunting-simulator,Treasure Hunting Simulator,games like treasure hunting simulator,long_tail,False,51,0.0,hold,,,
https://poki.com/en/g/treasure-hunting-simulator,Treasure Hunting Simulator,treasure hunting simulator unblocked,long_tail,False,51,0.0,hold,,,
https://poki.com/en/g/knock-it-down,Knock It Down,knock it down,game_name,True,62,0.33,hold,,,
https://poki.com/en/g/knock-it-down,Knock It Down,play knock it down online,game_name,False,51,0.17,hold,,,
https://poki.com/en/g/knock-it-down,Knock It Down,knock it down free,game_name,False,51,0.17,hold,,,
https://poki.com/en/g/knock-it-down,Knock It Down,online shooting games,category,True,62,0.17,hold,,,
https://poki.com/en/g/knock-it-down,Knock It Down,online car games,category,True,62,0.17,hold,,,
https://poki.com/en/g/knock-it-down,Knock It Down,online 2 player games,category,True,62,0.17,hold,,,
https://poki.com/en/g/knock-it-down,Knock It Down,online action games,category,True,62,0.17,hold,,,
https://poki.com/en/g/knock-it-down,Knock It Down,online skill games,category,True,62,0.17,hold,,,
https://poki.com/en/g/knock-it-down,Knock It Down,online multiplayer games,category,True,62,0.17,hold,,,
https://poki.com/en/g/knock-it-down,Knock It Down,online adventure games,category,True,62,0.17,hold,,,
https://poki.com/en/g/knock-it-down,Knock It Down,dress up games,category,False,51,0.0,hold,,,
https://poki.com/en/g/knock-it-down,Knock It Down,puzzle games,category,False,51,0.0,hold,,,
https://poki.com/en/g/knock-it-down,Knock It Down,online soccer games,category,False,51,0.0,hold,,,
https://poki.com/en/g/knock-it-down,Knock It Down,how to play knock it down,long_tail,False,51,0.0,hold,,,
https://poki.com/en/g/knock-it-down,Knock It Down,knock it down controls,long_tail,False,51,0.0,hold,,,
https://poki.com/en/g/knock-it-down,Knock It Down,games like knock it down,long_tail,False,51,0.0,hold,,,
https://poki.com/en/g/knock-it-down,Knock It Down,knock it down unblocked,long_tail,False,51,0.0,hold,,,
https://poki.com/en/g/hero-invasion-of-hell,Hero. Invasion of Hell,hero. invasion of hell,game_name,False,51,0.17,hold,,,
https://poki.com/en/g/hero-invasion-of-hell,Hero. Invasion of Hell,play hero. invasion of hell online,game_name,False,51,0.17,hold,,,
https://poki.com/en/g/hero-invasion-of-hell,Hero. Invasion of Hell,hero. invasion of hell free,game_name,False,51,0.17,hold,,,
https://poki.com/en/g/hero-invasion-of-hell,Hero. Invasion of Hell,online shooting games,category,True,62,0.17,hold,,,
https://poki.com/en/g/hero-invasion-of-hell,Hero. Invasion of Hell,online car games,category,True,62,0.17,hold,,,
https://poki.com/en/g/hero-invasion-of-hell,Hero. Invasion of Hell,online 2 player games,category,True,62,0.17,hold,,,
https://poki.com/en/g/hero-invasion-of-hell,Hero. Invasion of Hell,online action games,category,True,62,0.17,hold,,,
https://poki.com/en/g/hero-invasion-of-hell,Hero. Invasion of Hell,online skill games,category,True,62,0.17,hold,,,
https://poki.com/en/g/hero-invasion-of-hell,Hero. Invasion of Hell,online multiplayer games,category,True,62,0.17,hold,,,
https://poki.com/en/g/hero-invasion-of-hell,Hero. Invasion of Hell,online adventure games,category,True,62,0.17,hold,,,
https://poki.com/en/g/hero-invasion-of-hell,Hero. Invasion of Hell,dress up games,category,False,51,0.0,hold,,,
https://poki.com/en/g/hero-invasion-of-hell,Hero. Invasion of Hell,puzzle games,category,False,51,0.0,hold,,,
https://poki.com/en/g/hero-invasion-of-hell,Hero. Invasion of Hell,online soccer games,category,False,51,0.0,hold,,,
https://poki.com/en/g/hero-invasion-of-hell,Hero. Invasion of Hell,how to play hero. invasion of hell,long_tail,False,51,0.0,hold,,,
https://poki.com/en/g/hero-invasion-of-hell,Hero. Invasion of Hell,hero. invasion of hell controls,long_tail,False,51,0.0,hold,,,
https://poki.com/en/g/hero-invasion-of-hell,Hero. Invasion of Hell,games like hero. invasion of hell,long_tail,False,51,0.0,hold,,,
https://poki.com/en/g/hero-invasion-of-hell,Hero. Invasion of Hell,hero. invasion of hell unblocked,long_tail,False,51,0.0,hold,,,
https://poki.com/en/g/escape-from-vlogger-runaway,Escape from Vlogger. Runaway,escape from vlogger. runaway,game_name,False,51,0.17,hold,,,
https://poki.com/en/g/escape-from-vlogger-runaway,Escape from Vlogger. Runaway,play escape from vlogger. runaway online,game_name,False,51,0.17,hold,,,
https://poki.com/en/g/escape-from-vlogger-runaway,Escape from Vlogger. Runaway,escape from vlogger. runaway free,game_name,False,51,0.17,hold,,,
https://poki.com/en/g/escape-from-vlogger-runaway,Escape from Vlogger. Runaway,online shooting games,category,True,62,0.17,hold,,,
https://poki.com/en/g/escape-from-vlogger-runaway,Escape from Vlogger. Runaway,online car games,category,True,62,0.17,hold,,,
https://poki.com/en/g/escape-from-vlogger-runaway,Escape from Vlogger. Runaway,online 2 player games,category,True,62,0.17,hold,,,
https://poki.com/en/g/escape-from-vlogger-runaway,Escape from Vlogger. Runaway,online action games,category,True,62,0.17,hold,,,
https://poki.com/en/g/escape-from-vlogger-runaway,Escape from Vlogger. Runaway,online skill games,category,True,62,0.17,hold,,,
https://poki.com/en/g/escape-from-vlogger-runaway,Escape from Vlogger. Runaway,online multiplayer games,category,True,62,0.17,hold,,,
https://poki.com/en/g/escape-from-vlogger-runaway,Escape from Vlogger. Runaway,online adventure games,category,True,62,0.17,hold,,,
https://poki.com/en/g/escape-from-vlogger-runaway,Escape from Vlogger. Runaway,dress up games,category,False,51,0.0,hold,,,
https://poki.com/en/g/escape-from-vlogger-runaway,Escape from Vlogger. Runaway,puzzle games,category,False,51,0.0,hold,,,
https://poki.com/en/g/escape-from-vlogger-runaway,Escape from Vlogger. Runaway,online soccer games,category,False,51,0.0,hold,,,
https://poki.com/en/g/escape-from-vlogger-runaway,Escape from Vlogger. Runaway,how to play escape from vlogger. runaway,long_tail,False,51,0.0,hold,,,
https://poki.com/en/g/escape-from-vlogger-runaway,Escape from Vlogger. Runaway,escape from vlogger. runaway controls,long_tail,False,51,0.0,hold,,,
https://poki.com/en/g/escape-from-vlogger-runaway,Escape from Vlogger. Runaway,games like escape from vlogger. runaway,long_tail,False,51,0.0,hold,,,
https://poki.com/en/g/escape-from-vlogger-runaway,Escape from Vlogger. Runaway,escape from vlogger. runaway unblocked,long_tail,False,51,0.0,hold,,,
https://poki.com/en/g/word-baron,Word Baron,word baron,game_name,True,59,0.17,hold,,,
https://poki.com/en/g/word-baron,Word Baron,play word baron online,game_name,False,48,0.17,hold,,,
https://poki.com/en/g/word-baron,Word Baron,word baron free,game_name,False,48,0.17,hold,,,
https://poki.com/en/g/word-baron,Word Baron,online hidden object games,category,True,59,0.17,hold,,,
https://poki.com/en/g/word-baron,Word Baron,puzzle games,category,True,59,0.17,hold,,,
https://poki.com/en/g/word-baron,Word Baron,dress up games,category,True,59,0.17,hold,,,
https://poki.com/en/g/word-baron,Word Baron,online soccer games,category,True,59,0.17,hold,,,
https://poki.com/en/g/word-baron,Word Baron,how to play word baron,long_tail,False,48,0.17,hold,,,
https://poki.com/en/g/word-baron,Word Baron,word baron controls,long_tail,False,48,0.17,hold,,,
https://poki.com/en/g/word-baron,Word Baron,games like word baron,long_tail,False,48,0.17,hold,,,
https://poki.com/en/g/word-baron,Word Baron,word baron unblocked,long_tail,False,48,0.0,hold,,,
https://poki.com/en/g/the-lines-we-draw,The Lines We Draw,the lines we draw,game_name,True,62,0.17,hold,,,
https://poki.com/en/g/the-lines-we-draw,The Lines We Draw,play the lines we draw online,game_name,False,51,0.17,hold,,,
https://poki.com/en/g/the-lines-we-draw,The Lines We Draw,the lines we draw free,game_name,False,51,0.17,hold,,,
https://poki.com/en/g/the-lines-we-draw,The Lines We Draw,online shooting games,category,True,62,0.17,hold,,,
https://poki.com/en/g/the-lines-we-draw,The Lines We Draw,online car games,category,True,62,0.17,hold,,,
https://poki.com/en/g/the-lines-we-draw,The Lines We Draw,online 2 player games,category,True,62,0.17,hold,,,
https://poki.com/en/g/the-lines-we-draw,The Lines We Draw,online action games,category,True,62,0.17,hold,,,
https://poki.com/en/g/the-lines-we-draw,The Lines We Draw,online skill games,category,True,62,0.17,hold,,,
https://poki.com/en/g/the-lines-we-draw,The Lines We Draw,online multiplayer games,category,True,62,0.17,hold,,,
https://poki.com/en/g/the-lines-we-draw,The Lines We Draw,online adventure games,category,True,62,0.17,hold,,,
https://poki.com/en/g/the-lines-we-draw,The Lines We Draw,dress up games,category,False,51,0.0,hold,,,
https://poki.com/en/g/the-lines-we-draw,The Lines We Draw,puzzle games,category,False,51,0.0,hold,,,
https://poki.com/en/g/the-lines-we-draw,The Lines We Draw,online soccer games,category,False,51,0.0,hold,,,
https://poki.com/en/g/the-lines-we-draw,The Lines We Draw,how to play the lines we draw,long_tail,False,51,0.0,hold,,,
https://poki.com/en/g/the-lines-we-draw,The Lines We Draw,the lines we draw controls,long_tail,False,51,0.0,hold,,,
https://poki.com/en/g/the-lines-we-draw,The Lines We Draw,games like the lines we draw,long_tail,False,51,0.0,hold,,,
https://poki.com/en/g/the-lines-we-draw,The Lines We Draw,the lines we draw unblocked,long_tail,False,51,0.0,hold,,,
https://poki.com/en/g/real-bus-driving,Real Bus Driving,real bus driving,game_name,True,62,0.17,hold,,,
https://poki.com/en/g/real-bus-driving,Real Bus Driving,play real bus driving online,game_name,False,51,0.17,hold,,,
https://poki.com/en/g/real-bus-driving,Real Bus Driving,real bus driving free,game_name,False,51,0.17,hold,,,
https://poki.com/en/g/real-bus-driving,Real Bus Driving,online shooting games,category,True,62,0.17,hold,,,
https://poki.com/en/g/real-bus-driving,Real Bus Driving,online car games,category,True,62,0.17,hold,,,
https://poki.com/en/g/real-bus-driving,Real Bus Driving,online 2 player games,category,True,62,0.17,hold,,,
https://poki.com/en/g/real-bus-driving,Real Bus Driving,online action games,category,True,62,0.17,hold,,,
https://poki.com/en/g/real-bus-driving,Real Bus Driving,online skill games,category,True,62,0.17,hold,,,
https://poki.com/en/g/real-bus-driving,Real Bus Driving,online multiplayer games,category,True,62,0.17,hold,,,
https://poki.com/en/g/real-bus-driving,Real Bus Driving,online adventure games,category,True,62,0.17,hold,,,
https://poki.com/en/g/real-bus-driving,Real Bus Driving,dress up games,category,False,51,0.0,hold,,,
https://poki.com/en/g/real-bus-driving,Real Bus Driving,puzzle games,category,False,51,0.0,hold,,,
https://poki.com/en/g/real-bus-driving,Real Bus Driving,online soccer games,category,False,51,0.0,hold,,,
https://poki.com/en/g/real-bus-driving,Real Bus Driving,how to play real bus driving,long_tail,False,51,0.0,hold,,,
https://poki.com/en/g/real-bus-driving,Real Bus Driving,real bus driving controls,long_tail,False,51,0.0,hold,,,
https://poki.com/en/g/real-bus-driving,Real Bus Driving,games like real bus driving,long_tail,False,51,0.0,hold,,,
https://poki.com/en/g/real-bus-driving,Real Bus Driving,real bus driving unblocked,long_tail,False,51,0.0,hold,,,
https://poki.com/en/g/stickman-duels,Stickman Duels,stickman duels,game_name,False,62,0.33,hold,,,
https://poki.com/en/g/stickman-duels,Stickman Duels,play stickman duels online,game_name,False,51,0.17,hold,,,
https://poki.com/en/g/stickman-duels,Stickman Duels,stickman duels free,game_name,False,51,0.17,hold,,,
https://poki.com/en/g/stickman-duels,Stickman Duels,online shooting games,category,True,62,0.17,hold,,,
https://poki.com/en/g/stickman-duels,Stickman Duels,online car games,category,True,62,0.17,hold,,,
https://poki.com/en/g/stickman-duels,Stickman Duels,online 2 player games,category,True,62,0.17,hold,,,
https://poki.com/en/g/stickman-duels,Stickman Duels,online action games,category,True,62,0.17,hold,,,
https://poki.com/en/g/stickman-duels,Stickman Duels,online skill games,category,True,62,0.17,hold,,,
https://poki.com/en/g/stickman-duels,Stickman Duels,online multiplayer games,category,True,62,0.17,hold,,,
https://poki.com/en/g/stickman-duels,Stickman Duels,online adventure games,category,True,62,0.17,hold,,,
https://poki.com/en/g/stickman-duels,Stickman Duels,dress up games,category,False,51,0.0,hold,,,
https://poki.com/en/g/stickman-duels,Stickman Duels,puzzle games,category,False,51,0.0,hold,,,
https://poki.com/en/g/stickman-duels,Stickman Duels,online soccer games,category,False,51,0.0,hold,,,
https://poki.com/en/g/stickman-duels,Stickman Duels,how to play stickman duels,long_tail,False,51,0.0,hold,,,
https://poki.com/en/g/stickman-duels,Stickman Duels,stickman duels controls,long_tail,False,51,0.0,hold,,,
https://poki.com/en/g/stickman-duels,Stickman Duels,games like stickman duels,long_tail,False,51,0.0,hold,,,
https://poki.com/en/g/stickman-duels,Stickman Duels,stickman duels unblocked,long_tail,False,51,0.0,hold,,,
https://poki.com/en/g/home-destroyersuper-villain-simulator,Home Destroyer_Super Villain Simulator,home destroyer_super villain simulator,game_name,False,51,0.17,hold,,,
https://poki.com/en/g/home-destroyersuper-villain-simulator,Home Destroyer_Super Villain Simulator,play home destroyer_super villain simulator online,game_name,False,51,0.17,hold,,,
https://poki.com/en/g/home-destroyersuper-villain-simulator,Home Destroyer_Super Villain Simulator,home destroyer_super villain simulator free,game_name,False,51,0.17,hold,,,
https://poki.com/en/g/home-destroyersuper-villain-simulator,Home Destroyer_Super Villain Simulator,online shooting games,category,True,62,0.17,hold,,,
https://poki.com/en/g/home-destroyersuper-villain-simulator,Home Destroyer_Super Villain Simulator,online car games,category,True,62,0.17,hold,,,
https://poki.com/en/g/home-destroyersuper-villain-simulator,Home Destroyer_Super Villain Simulator,online 2 player games,category,True,62,0.17,hold,,,
https://poki.com/en/g/home-destroyersuper-villain-simulator,Home Destroyer_Super Villain Simulator,online action games,category,True,62,0.17,hold,,,
https://poki.com/en/g/home-destroyersuper-villain-simulator,Home Destroyer_Super Villain Simulator,online skill games,category,True,62,0.17,hold,,,
https://poki.com/en/g/home-destroyersuper-villain-simulator,Home Destroyer_Super Villain Simulator,online multiplayer games,category,True,62,0.17,hold,,,
https://poki.com/en/g/home-destroyersuper-villain-simulator,Home Destroyer_Super Villain Simulator,online adventure games,category,True,62,0.17,hold,,,
https://poki.com/en/g/home-destroyersuper-villain-simulator,Home Destroyer_Super Villain Simulator,dress up games,category,False,51,0.0,hold,,,
https://poki.com/en/g/home-destroyersuper-villain-simulator,Home Destroyer_Super Villain Simulator,puzzle games,category,False,51,0.0,hold,,,
https://poki.com/en/g/home-destroyersuper-villain-simulator,Home Destroyer_Super Villain Simulator,online soccer games,category,False,51,0.0,hold,,,
https://poki.com/en/g/home-destroyersuper-villain-simulator,Home Destroyer_Super Villain Simulator,how to play home destroyer_super villain simulator,long_tail,False,51,0.0,hold,,,
https://poki.com/en/g/home-destroyersuper-villain-simulator,Home Destroyer_Super Villain Simulator,home destroyer_super villain simulator controls,long_tail,False,51,0.0,hold,,,
https://poki.com/en/g/home-destroyersuper-villain-simulator,Home Destroyer_Super Villain Simulator,games like home destroyer_super villain simulator,long_tail,False,51,0.0,hold,,,
https://poki.com/en/g/home-destroyersuper-villain-simulator,Home Destroyer_Super Villain Simulator,home destroyer_super villain simulator unblocked,long_tail,False,51,0.0,hold,,,
https://poki.com/en/g/tidy-up-store,Tidy Up Store,tidy up store,game_name,True,62,0.33,hold,,,
https://poki.com/en/g/tidy-up-store,Tidy Up Store,play tidy up store online,game_name,False,51,0.17,hold,,,
https://poki.com/en/g/tidy-up-store,Tidy Up Store,tidy up store free,game_name,False,51,0.17,hold,,,
https://poki.com/en/g/tidy-up-store,Tidy Up Store,online shooting games,category,True,62,0.17,hold,,,
https://poki.com/en/g/tidy-up-store,Tidy Up Store,online car games,category,True,62,0.17,hold,,,
https://poki.com/en/g/tidy-up-store,Tidy Up Store,online 2 player games,category,True,62,0.17,hold,,,
https://poki.com/en/g/tidy-up-store,Tidy Up Store,online action games,category,True,62,0.17,hold,,,
https://poki.com/en/g/tidy-up-store,Tidy Up Store,online skill games,category,True,62,0.17,hold,,,
https://poki.com/en/g/tidy-up-store,Tidy Up Store,online multiplayer games,category,True,62,0.17,hold,,,
https://poki.com/en/g/tidy-up-store,Tidy Up Store,online adventure games,category,True,62,0.17,hold,,,
https://poki.com/en/g/tidy-up-store,Tidy Up Store,dress up games,category,False,51,0.0,hold,,,
https://poki.com/en/g/tidy-up-store,Tidy Up Store,puzzle games,category,False,51,0.0,hold,,,
https://poki.com/en/g/tidy-up-store,Tidy Up Store,online soccer games,category,False,51,0.0,hold,,,
https://poki.com/en/g/tidy-up-store,Tidy Up Store,how to play tidy up store,long_tail,False,51,0.0,hold,,,
https://poki.com/en/g/tidy-up-store,Tidy Up Store,tidy up store controls,long_tail,False,51,0.0,hold,,,
https://poki.com/en/g/tidy-up-store,Tidy Up Store,games like tidy up store,long_tail,False,51,0.0,hold,,,
https://poki.com/en/g/tidy-up-store,Tidy Up Store,tidy up store unblocked,long_tail,False,51,0.0,hold,,,
https://poki.com/en/g/monsters,Monsters,monsters,game_name,True,62,0.17,hold,,,
https://poki.com/en/g/monsters,Monsters,play monsters online,game_name,False,51,0.17,hold,,,
https://poki.com/en/g/monsters,Monsters,monsters free,game_name,True,62,0.17,hold,,,
https://poki.com/en/g/monsters,Monsters,online shooting games,category,True,62,0.17,hold,,,
https://poki.com/en/g/monsters,Monsters,online car games,category,True,62,0.17,hold,,,
https://poki.com/en/g/monsters,Monsters,online 2 player games,category,True,62,0.17,hold,,,
https://poki.com/en/g/monsters,Monsters,online action games,category,True,62,0.17,hold,,,
https://poki.com/en/g/monsters,Monsters,online skill games,category,True,62,0.17,hold,,,
https://poki.com/en/g/monsters,Monsters,online multiplayer games,category,True,62,0.17,hold,,,
https://poki.com/en/g/monsters,Monsters,online adventure games,category,True,62,0.17,hold,,,
https://poki.com/en/g/monsters,Monsters,dress up games,category,False,51,0.0,hold,,,
https://poki.com/en/g/monsters,Monsters,puzzle games,category,False,51,0.0,hold,,,
https://poki.com/en/g/monsters,Monsters,online soccer games,category,False,51,0.0,hold,,,
https://poki.com/en/g/monsters,Monsters,how to play monsters,long_tail,False,51,0.0,hold,,,
https://poki.com/en/g/monsters,Monsters,monsters controls,long_tail,False,51,0.0,hold,,,
https://poki.com/en/g/monsters,Monsters,games like monsters,long_tail,False,51,0.0,hold,,,
https://poki.com/en/g/monsters,Monsters,monsters unblocked,long_tail,False,51,0.0,hold,,,
https://poki.com/en/g/archer-wars,Archer Wars,archer wars,game_name,True,62,0.17,hold,,,
https://poki.com/en/g/archer-wars,Archer Wars,play archer wars online,game_name,False,51,0.17,hold,,,
https://poki.com/en/g/archer-wars,Archer Wars,archer wars free,game_name,False,51,0.17,hold,,,
https://poki.com/en/g/archer-wars,Archer Wars,online shooting games,category,True,62,0.17,hold,,,
https://poki.com/en/g/archer-wars,Archer Wars,online car games,category,True,62,0.17,hold,,,
https://poki.com/en/g/archer-wars,Archer Wars,online 2 player games,category,True,62,0.17,hold,,,
https://poki.com/en/g/archer-wars,Archer Wars,online action games,category,True,62,0.17,hold,,,
https://poki.com/en/g/archer-wars,Archer Wars,online skill games,category,True,62,0.17,hold,,,
https://poki.com/en/g/archer-wars,Archer Wars,online multiplayer games,category,True,62,0.17,hold,,,
https://poki.com/en/g/archer-wars,Archer Wars,online adventure games,category,True,62,0.17,hold,,,
https://poki.com/en/g/archer-wars,Archer Wars,dress up games,category,False,51,0.0,hold,,,
https://poki.com/en/g/archer-wars,Archer Wars,puzzle games,category,False,51,0.0,hold,,,
https://poki.com/en/g/archer-wars,Archer Wars,online soccer games,category,False,51,0.0,hold,,,
https://poki.com/en/g/archer-wars,Archer Wars,how to play archer wars,long_tail,False,51,0.0,hold,,,
https://poki.com/en/g/archer-wars,Archer Wars,archer wars controls,long_tail,False,51,0.0,hold,,,
https://poki.com/en/g/archer-wars,Archer Wars,games like archer wars,long_tail,False,51,0.0,hold,,,
https://poki.com/en/g/archer-wars,Archer Wars,archer wars unblocked,long_tail,False,51,0.0,hold,,,
https://poki.com/en/g/beauty-makeover-clinic,Beauty Makeover Clinic,beauty makeover clinic,game_name,False,51,0.17,hold,,,
https://poki.com/en/g/beauty-makeover-clinic,Beauty Makeover Clinic,play beauty makeover clinic online,game_name,False,51,0.17,hold,,,
https://poki.com/en/g/beauty-makeover-clinic,Beauty Makeover Clinic,beauty makeover clinic free,game_name,False,51,0.17,hold,,,
https://poki.com/en/g/beauty-makeover-clinic,Beauty Makeover Clinic,online shooting games,category,True,62,0.17,hold,,,
https://poki.com/en/g/beauty-makeover-clinic,Beauty Makeover Clinic,online car games,category,True,62,0.17,hold,,,
https://poki.com/en/g/beauty-makeover-clinic,Beauty Makeover Clinic,online 2 player games,category,True,62,0.17,hold,,,
https://poki.com/en/g/beauty-makeover-clinic,Beauty Makeover Clinic,online action games,category,True,62,0.17,hold,,,
https://poki.com/en/g/beauty-makeover-clinic,Beauty Makeover Clinic,online skill games,category,True,62,0.17,hold,,,
https://poki.com/en/g/beauty-makeover-clinic,Beauty Makeover Clinic,online multiplayer games,category,True,62,0.17,hold,,,
https://poki.com/en/g/beauty-makeover-clinic,Beauty Makeover Clinic,online adventure games,category,True,62,0.17,hold,,,
https://poki.com/en/g/beauty-makeover-clinic,Beauty Makeover Clinic,dress up games,category,False,51,0.0,hold,,,
https://poki.com/en/g/beauty-makeover-clinic,Beauty Makeover Clinic,puzzle games,category,False,51,0.0,hold,,,
https://poki.com/en/g/beauty-makeover-clinic,Beauty Makeover Clinic,online soccer games,category,False,51,0.0,hold,,,
https://poki.com/en/g/beauty-makeover-clinic,Beauty Makeover Clinic,how to play beauty makeover clinic,long_tail,False,51,0.0,hold,,,
https://poki.com/en/g/beauty-makeover-clinic,Beauty Makeover Clinic,beauty makeover clinic controls,long_tail,False,51,0.0,hold,,,
https://poki.com/en/g/beauty-makeover-clinic,Beauty Makeover Clinic,games like beauty makeover clinic,long_tail,False,51,0.0,hold,,,
https://poki.com/en/g/beauty-makeover-clinic,Beauty Makeover Clinic,beauty makeover clinic unblocked,long_tail,False,51,0.0,hold,,,
https://poki.com/en/g/talking-tom-cooking,Talking Tom: Cooking,talking tom: cooking,game_name,False,51,0.17,hold,,,
https://poki.com/en/g/talking-tom-cooking,Talking Tom: Cooking,play talking tom: cooking online,game_name,False,51,0.17,hold,,,
https://poki.com/en/g/talking-tom-cooking,Talking Tom: Cooking,talking tom: cooking free,game_name,False,51,0.17,hold,,,
https://poki.com/en/g/talking-tom-cooking,Talking Tom: Cooking,online shooting games,category,True,62,0.17,hold,,,
https://poki.com/en/g/talking-tom-cooking,Talking Tom: Cooking,online car games,category,True,62,0.17,hold,,,
https://poki.com/en/g/talking-tom-cooking,Talking Tom: Cooking,online 2 player games,category,True,62,0.17,hold,,,
https://poki.com/en/g/talking-tom-cooking,Talking Tom: Cooking,online action games,category,True,62,0.17,hold,,,
https://poki.com/en/g/talking-tom-cooking,Talking Tom: Cooking,online skill games,category,True,62,0.17,hold,,,
https://poki.com/en/g/talking-tom-cooking,Talking Tom: Cooking,online multiplayer games,category,True,62,0.17,hold,,,
https://poki.com/en/g/talking-tom-cooking,Talking Tom: Cooking,online adventure games,category,True,62,0.17,hold,,,
https://poki.com/en/g/talking-tom-cooking,Talking Tom: Cooking,dress up games,category,False,51,0.0,hold,,,
https://poki.com/en/g/talking-tom-cooking,Talking Tom: Cooking,puzzle games,category,False,51,0.0,hold,,,
https://poki.com/en/g/talking-tom-cooking,Talking Tom: Cooking,online soccer games,category,False,51,0.0,hold,,,
https://poki.com/en/g/talking-tom-cooking,Talking Tom: Cooking,how to play talking tom: cooking,long_tail,False,51,0.0,hold,,,
https://poki.com/en/g/talking-tom-cooking,Talking Tom: Cooking,talking tom: cooking controls,long_tail,False,51,0.0,hold,,,
https://poki.com/en/g/talking-tom-cooking,Talking Tom: Cooking,games like talking tom: cooking,long_tail,False,51,0.0,hold,,,
https://poki.com/en/g/talking-tom-cooking,Talking Tom: Cooking,talking tom: cooking unblocked,long_tail,False,51,0.0,hold,,,
https://poki.com/en/g/fashion-disaster-fix,Fashion Disaster Fix,fashion disaster fix,game_name,False,51,0.17,hold,,,
https://poki.com/en/g/fashion-disaster-fix,Fashion Disaster Fix,play fashion disaster fix online,game_name,False,51,0.17,hold,,,
https://poki.com/en/g/fashion-disaster-fix,Fashion Disaster Fix,fashion disaster fix free,game_name,False,51,0.17,hold,,,
https://poki.com/en/g/fashion-disaster-fix,Fashion Disaster Fix,online shooting games,category,True,62,0.17,hold,,,
https://poki.com/en/g/fashion-disaster-fix,Fashion Disaster Fix,online car games,category,True,62,0.17,hold,,,
https://poki.com/en/g/fashion-disaster-fix,Fashion Disaster Fix,online 2 player games,category,True,62,0.17,hold,,,
https://poki.com/en/g/fashion-disaster-fix,Fashion Disaster Fix,online action games,category,True,62,0.17,hold,,,
https://poki.com/en/g/fashion-disaster-fix,Fashion Disaster Fix,online skill games,category,True,62,0.17,hold,,,
https://poki.com/en/g/fashion-disaster-fix,Fashion Disaster Fix,online multiplayer games,category,True,62,0.17,hold,,,
https://poki.com/en/g/fashion-disaster-fix,Fashion Disaster Fix,online adventure games,category,True,62,0.17,hold,,,
https://poki.com/en/g/fashion-disaster-fix,Fashion Disaster Fix,dress up games,category,False,51,0.0,hold,,,
https://poki.com/en/g/fashion-disaster-fix,Fashion Disaster Fix,puzzle games,category,False,51,0.0,hold,,,
https://poki.com/en/g/fashion-disaster-fix,Fashion Disaster Fix,online soccer games,category,False,51,0.0,hold,,,
https://poki.com/en/g/fashion-disaster-fix,Fashion Disaster Fix,how to play fashion disaster fix,long_tail,False,51,0.0,hold,,,
https://poki.com/en/g/fashion-disaster-fix,Fashion Disaster Fix,fashion disaster fix controls,long_tail,False,51,0.0,hold,,,
https://poki.com/en/g/fashion-disaster-fix,Fashion Disaster Fix,games like fashion disaster fix,long_tail,False,51,0.0,hold,,,
https://poki.com/en/g/fashion-disaster-fix,Fashion Disaster Fix,fashion disaster fix unblocked,long_tail,False,51,0.0,hold,,,
https://poki.com/en/g/bubble-storm-2,Bubble Storm 2,bubble storm 2,game_name,True,62,0.17,hold,,,
https://poki.com/en/g/bubble-storm-2,Bubble Storm 2,play bubble storm 2 online,game_name,False,50,0.17,hold,,,
https://poki.com/en/g/bubble-storm-2,Bubble Storm 2,bubble storm 2 free,game_name,False,50,0.17,hold,,,
https://poki.com/en/g/bubble-storm-2,Bubble Storm 2,online shooting games,category,True,62,0.17,hold,,,
https://poki.com/en/g/bubble-storm-2,Bubble Storm 2,online car games,category,True,62,0.17,hold,,,
https://poki.com/en/g/bubble-storm-2,Bubble Storm 2,online 2 player games,category,True,62,0.17,hold,,,
https://poki.com/en/g/bubble-storm-2,Bubble Storm 2,online action games,category,True,62,0.17,hold,,,
https://poki.com/en/g/bubble-storm-2,Bubble Storm 2,online skill games,category,True,62,0.17,hold,,,
https://poki.com/en/g/bubble-storm-2,Bubble Storm 2,online multiplayer games,category,True,62,0.17,hold,,,
https://poki.com/en/g/bubble-storm-2,Bubble Storm 2,online adventure games,category,True,62,0.17,hold,,,
https://poki.com/en/g/bubble-storm-2,Bubble Storm 2,dress up games,category,False,50,0.0,hold,,,
https://poki.com/en/g/bubble-storm-2,Bubble Storm 2,puzzle games,category,False,50,0.0,hold,,,
https://poki.com/en/g/bubble-storm-2,Bubble Storm 2,online soccer games,category,False,50,0.0,hold,,,
https://poki.com/en/g/bubble-storm-2,Bubble Storm 2,how to play bubble storm 2,long_tail,False,50,0.0,hold,,,
https://poki.com/en/g/bubble-storm-2,Bubble Storm 2,bubble storm 2 controls,long_tail,False,50,0.0,hold,,,
https://poki.com/en/g/bubble-storm-2,Bubble Storm 2,games like bubble storm 2,long_tail,False,50,0.0,hold,,,
https://poki.com/en/g/bubble-storm-2,Bubble Storm 2,bubble storm 2 unblocked,long_tail,False,50,0.0,hold,,,
https://poki.com/en/g/hatch-your-pets,Hatch Your Pets,hatch your pets,game_name,True,64,0.17,hold,,,
https://poki.com/en/g/hatch-your-pets,Hatch Your Pets,play hatch your pets online,game_name,False,52,0.17,hold,,,
https://poki.com/en/g/hatch-your-pets,Hatch Your Pets,hatch your pets free,game_name,False,52,0.17,hold,,,
https://poki.com/en/g/hatch-your-pets,Hatch Your Pets,online 3d games,category,True,64,0.17,hold,,,
https://poki.com/en/g/hatch-your-pets,Hatch Your Pets,online animal games,category,True,64,0.17,hold,,,
https://poki.com/en/g/hatch-your-pets,Hatch Your Pets,online multiplayer games,category,True,64,0.17,hold,,,
https://poki.com/en/g/hatch-your-pets,Hatch Your Pets,online adventure games,category,True,64,0.17,hold,,,
https://poki.com/en/g/hatch-your-pets,Hatch Your Pets,online mobile games,category,True,64,0.17,hold,,,
https://poki.com/en/g/hatch-your-pets,Hatch Your Pets,online shooting games,category,True,64,0.17,hold,,,
https://poki.com/en/g/hatch-your-pets,Hatch Your Pets,online obby games,category,True,64,0.17,hold,,,
https://poki.com/en/g/hatch-your-pets,Hatch Your Pets,online popular games,category,False,52,0.0,hold,,,
https://poki.com/en/g/hatch-your-pets,Hatch Your Pets,online flash games,category,False,52,0.0,hold,,,
https://poki.com/en/g/hatch-your-pets,Hatch Your Pets,dress up games,category,False,52,0.0,hold,,,
https://poki.com/en/g/hatch-your-pets,Hatch Your Pets,puzzle games,category,False,52,0.0,hold,,,
https://poki.com/en/g/hatch-your-pets,Hatch Your Pets,online soccer games,category,False,52,0.0,hold,,,
https://poki.com/en/g/hatch-your-pets,Hatch Your Pets,how to play hatch your pets,long_tail,False,52,0.0,hold,,,
https://poki.com/en/g/hatch-your-pets,Hatch Your Pets,hatch your pets controls,long_tail,False,52,0.0,hold,,,
https://poki.com/en/g/hatch-your-pets,Hatch Your Pets,games like hatch your pets,long_tail,False,52,0.0,hold,,,
https://poki.com/en/g/hatch-your-pets,Hatch Your Pets,hatch your pets unblocked,long_tail,False,52,0.0,hold,,,
https://poki.com/en/g/ice-cream-inc,Ice Cream Inc.,ice cream inc,game_name,True,59,0.17,hold,,,
https://poki.com/en/g/ice-cream-inc,Ice Cream Inc.,play ice cream inc online,game_name,False,48,0.17,hold,,,
https://poki.com/en/g/ice-cream-inc,Ice Cream Inc.,ice cream inc free,game_name,True,59,0.17,hold,,,
https://poki.com/en/g/ice-cream-inc,Ice Cream Inc.,online crazy games,category,True,59,0.17,hold,,,
https://poki.com/en/g/ice-cream-inc,Ice Cream Inc.,online truck games,category,True,59,0.17,hold,,,
https://poki.com/en/g/ice-cream-inc,Ice Cream Inc.,puzzle games,category,True,59,0.17,hold,,,
https://poki.com/en/g/ice-cream-inc,Ice Cream Inc.,dress up games,category,True,59,0.17,hold,,,
https://poki.com/en/g/ice-cream-inc,Ice Cream Inc.,online soccer games,category,True,59,0.17,hold,,,
https://poki.com/en/g/ice-cream-inc,Ice Cream Inc.,how to play ice cream inc,long_tail,False,48,0.17,hold,,,
https://poki.com/en/g/ice-cream-inc,Ice Cream Inc.,ice cream inc controls,long_tail,False,48,0.17,hold,,,
https://poki.com/en/g/ice-cream-inc,Ice Cream Inc.,games like ice cream inc,long_tail,False,48,0.0,hold,,,
https://poki.com/en/g/ice-cream-inc,Ice Cream Inc.,ice cream inc unblocked,long_tail,False,48,0.0,hold,,,
https://poki.com/en/g/pilot-life,Pilot Life,pilot life,game_name,True,61,0.17,hold,,,
https://poki.com/en/g/pilot-life,Pilot Life,play pilot life online,game_name,False,49,0.17,hold,,,
https://poki.com/en/g/pilot-life,Pilot Life,pilot life free,game_name,False,49,0.17,hold,,,
https://poki.com/en/g/pilot-life,Pilot Life,online airplane games,category,True,61,0.17,hold,,,
https://poki.com/en/g/pilot-life,Pilot Life,online boat games,category,True,61,0.17,hold,,,
https://poki.com/en/g/pilot-life,Pilot Life,puzzle games,category,True,61,0.17,hold,,,
https://poki.com/en/g/pilot-life,Pilot Life,dress up games,category,True,61,0.17,hold,,,
https://poki.com/en/g/pilot-life,Pilot Life,online soccer games,category,True,61,0.17,hold,,,
https://poki.com/en/g/pilot-life,Pilot Life,online shooting games,category,True,61,0.17,hold,,,
https://poki.com/en/g/pilot-life,Pilot Life,how to play pilot life,long_tail,False,49,0.17,hold,,,
https://poki.com/en/g/pilot-life,Pilot Life,pilot life controls,long_tail,False,49,0.0,hold,,,
https://poki.com/en/g/pilot-life,Pilot Life,games like pilot life,long_tail,False,49,0.0,hold,,,
https://poki.com/en/g/pilot-life,Pilot Life,pilot life unblocked,long_tail,False,49,0.0,hold,,,
https://poki.com/en/g/anomaly-airport,Anomaly Airport,anomaly airport,game_name,False,48,0.17,hold,,,
https://poki.com/en/g/anomaly-airport,Anomaly Airport,play anomaly airport online,game_name,False,48,0.17,hold,,,
https://poki.com/en/g/anomaly-airport,Anomaly Airport,anomaly airport free,game_name,False,48,0.17,hold,,,
https://poki.com/en/g/anomaly-airport,Anomaly Airport,online adventure games,category,True,59,0.17,hold,,,
https://poki.com/en/g/anomaly-airport,Anomaly Airport,online 3d games,category,True,59,0.17,hold,,,
https://poki.com/en/g/anomaly-airport,Anomaly Airport,online car games,category,True,59,0.17,hold,,,
https://poki.com/en/g/anomaly-airport,Anomaly Airport,online multiplayer games,category,True,59,0.17,hold,,,
https://poki.com/en/g/anomaly-airport,Anomaly Airport,online shooting games,category,True,59,0.17,hold,,,
https://poki.com/en/g/anomaly-airport,Anomaly Airport,online action games,category,True,59,0.17,hold,,,
https://poki.com/en/g/anomaly-airport,Anomaly Airport,online idle games,category,True,59,0.17,hold,,,
https://poki.com/en/g/anomaly-airport,Anomaly Airport,online simulation games,category,False,48,0.0,hold,,,
https://poki.com/en/g/anomaly-airport,Anomaly Airport,online animal games,category,False,48,0.0,hold,,,
https://poki.com/en/g/anomaly-airport,Anomaly Airport,online arcade games,category,False,48,0.0,hold,,,
https://poki.com/en/g/anomaly-airport,Anomaly Airport,online classic games,category,False,48,0.0,hold,,,
https://poki.com/en/g/anomaly-airport,Anomaly Airport,online popular games,category,False,48,0.0,hold,,,
https://poki.com/en/g/anomaly-airport,Anomaly Airport,idle games,category,False,48,0.0,hold,,,
https://poki.com/en/g/anomaly-airport,Anomaly Airport,how to play anomaly airport,long_tail,False,48,0.0,hold,,,
https://poki.com/en/g/anomaly-airport,Anomaly Airport,anomaly airport controls,long_tail,False,48,0.0,hold,,,
https://poki.com/en/g/anomaly-airport,Anomaly Airport,games like anomaly airport,long_tail,False,48,0.0,hold,,,
https://poki.com/en/g/anomaly-airport,Anomaly Airport,anomaly airport unblocked,long_tail,False,48,0.0,hold,,,
https://poki.com/en/g/bugs-io,Bugs.io,bugs.io,game_name,False,47,0.17,hold,,,
https://poki.com/en/g/bugs-io,Bugs.io,play bugs.io online,game_name,False,47,0.17,hold,,,
https://poki.com/en/g/bugs-io,Bugs.io,bugs.io free,game_name,False,47,0.17,hold,,,
https://poki.com/en/g/bugs-io,Bugs.io,online monster games,category,True,59,0.17,hold,,,
https://poki.com/en/g/bugs-io,Bugs.io,online animal games,category,True,59,0.17,hold,,,
https://poki.com/en/g/bugs-io,Bugs.io,online io games,category,True,59,0.17,hold,,,
https://poki.com/en/g/bugs-io,Bugs.io,online fighting games,category,True,59,0.17,hold,,,
https://poki.com/en/g/bugs-io,Bugs.io,online truck games,category,True,59,0.17,hold,,,
https://poki.com/en/g/bugs-io,Bugs.io,online skill games,category,True,59,0.17,hold,,,
https://poki.com/en/g/bugs-io,Bugs.io,online 3d games,category,True,59,0.17,hold,,,
https://poki.com/en/g/bugs-io,Bugs.io,online arcade games,category,False,47,0.0,hold,,,
https://poki.com/en/g/bugs-io,Bugs.io,online backrooms games,category,False,47,0.0,hold,,,
https://poki.com/en/g/bugs-io,Bugs.io,dress up games,category,False,47,0.0,hold,,,
https://poki.com/en/g/bugs-io,Bugs.io,puzzle games,category,False,47,0.0,hold,,,
https://poki.com/en/g/bugs-io,Bugs.io,how to play bugs.io,long_tail,False,47,0.0,hold,,,
https://poki.com/en/g/bugs-io,Bugs.io,bugs.io controls,long_tail,False,47,0.0,hold,,,
https://poki.com/en/g/bugs-io,Bugs.io,games like bugs.io,long_tail,False,47,0.0,hold,,,
https://poki.com/en/g/bugs-io,Bugs.io,bugs.io unblocked,long_tail,False,47,0.0,hold,,,
https://poki.com/en/g/crazy-motorcycle-pro,Crazy Motorcycle Pro,crazy motorcycle pro,game_name,False,46,0.17,hold,,,
https://poki.com/en/g/crazy-motorcycle-pro,Crazy Motorcycle Pro,play crazy motorcycle pro online,game_name,False,46,0.17,hold,,,
https://poki.com/en/g/crazy-motorcycle-pro,Crazy Motorcycle Pro,crazy motorcycle pro free,game_name,False,46,0.17,hold,,,
https://poki.com/en/g/crazy-motorcycle-pro,Crazy Motorcycle Pro,online obby games,category,True,58,0.17,hold,,,
https://poki.com/en/g/crazy-motorcycle-pro,Crazy Motorcycle Pro,online bike games,category,True,58,0.17,hold,,,
https://poki.com/en/g/crazy-motorcycle-pro,Crazy Motorcycle Pro,online driving games,category,True,58,0.17,hold,,,
https://poki.com/en/g/crazy-motorcycle-pro,Crazy Motorcycle Pro,online car games,category,True,58,0.17,hold,,,
https://poki.com/en/g/crazy-motorcycle-pro,Crazy Motorcycle Pro,online multiplayer games,category,True,58,0.17,hold,,,
https://poki.com/en/g/crazy-motorcycle-pro,Crazy Motorcycle Pro,online 3d games,category,True,58,0.17,hold,,,
https://poki.com/en/g/crazy-motorcycle-pro,Crazy Motorcycle Pro,online racing games,category,True,58,0.17,hold,,,
https://poki.com/en/g/crazy-motorcycle-pro,Crazy Motorcycle Pro,online platform games,category,False,46,0.0,hold,,,
https://poki.com/en/g/crazy-motorcycle-pro,Crazy Motorcycle Pro,online arcade games,category,False,46,0.0,hold,,,
https://poki.com/en/g/crazy-motorcycle-pro,Crazy Motorcycle Pro,online drifting games,category,False,46,0.0,hold,,,
https://poki.com/en/g/crazy-motorcycle-pro,Crazy Motorcycle Pro,online io games,category,False,46,0.0,hold,,,
https://poki.com/en/g/crazy-motorcycle-pro,Crazy Motorcycle Pro,dress up games,category,False,46,0.0,hold,,,
https://poki.com/en/g/crazy-motorcycle-pro,Crazy Motorcycle Pro,platform games,category,False,46,0.0,hold,,,
https://poki.com/en/g/crazy-motorcycle-pro,Crazy Motorcycle Pro,how to play crazy motorcycle pro,long_tail,False,46,0.0,hold,,,
https://poki.com/en/g/crazy-motorcycle-pro,Crazy Motorcycle Pro,crazy motorcycle pro controls,long_tail,False,46,0.0,hold,,,
https://poki.com/en/g/crazy-motorcycle-pro,Crazy Motorcycle Pro,games like crazy motorcycle pro,long_tail,False,46,0.0,hold,,,
https://poki.com/en/g/crazy-motorcycle-pro,Crazy Motorcycle Pro,crazy motorcycle pro unblocked,long_tail,False,46,0.0,hold,,,
https://poki.com/en/g/cubegate,CubeGate,cubegate,game_name,True,59,0.17,hold,,,
https://poki.com/en/g/cubegate,CubeGate,play cubegate online,game_name,False,48,0.17,hold,,,
https://poki.com/en/g/cubegate,CubeGate,cubegate free,game_name,False,48,0.17,hold,,,
https://poki.com/en/g/cubegate,CubeGate,online 3d games,category,True,59,0.17,hold,,,
https://poki.com/en/g/cubegate,CubeGate,online shooting games,category,True,59,0.17,hold,,,
https://poki.com/en/g/cubegate,CubeGate,online typing games,category,True,59,0.17,hold,,,
https://poki.com/en/g/cubegate,CubeGate,online action games,category,True,59,0.17,hold,,,
https://poki.com/en/g/cubegate,CubeGate,online car games,category,True,59,0.17,hold,,,
https://poki.com/en/g/cubegate,CubeGate,online platform games,category,True,59,0.17,hold,,,
https://poki.com/en/g/cubegate,CubeGate,online obby games,category,True,59,0.17,hold,,,
https://poki.com/en/g/cubegate,CubeGate,online puzzle games,category,False,48,0.0,hold,,,
https://poki.com/en/g/cubegate,CubeGate,online popular games,category,False,48,0.0,hold,,,
https://poki.com/en/g/cubegate,CubeGate,puzzle games,category,False,48,0.0,hold,,,
https://poki.com/en/g/cubegate,CubeGate,dress up games,category,False,48,0.0,hold,,,
https://poki.com/en/g/cubegate,CubeGate,online soccer games,category,False,48,0.0,hold,,,
https://poki.com/en/g/cubegate,CubeGate,platform games,category,False,48,0.0,hold,,,
https://poki.com/en/g/cubegate,CubeGate,how to play cubegate,long_tail,False,48,0.0,hold,,,
https://poki.com/en/g/cubegate,CubeGate,cubegate controls,long_tail,False,48,0.0,hold,,,
https://poki.com/en/g/cubegate,CubeGate,games like cubegate,long_tail,False,48,0.0,hold,,,
https://poki.com/en/g/cubegate,CubeGate,cubegate unblocked,long_tail,False,48,0.0,hold,,,
https://poki.com/en/g/dino-dash,Dino Dash!,dino dash,game_name,True,59,0.17,hold,,,
https://poki.com/en/g/dino-dash,Dino Dash!,play dino dash online,game_name,False,48,0.17,hold,,,
https://poki.com/en/g/dino-dash,Dino Dash!,dino dash free,game_name,True,59,0.17,hold,,,
https://poki.com/en/g/dino-dash,Dino Dash!,online dinosaur games,category,True,59,0.17,hold,,,
https://poki.com/en/g/dino-dash,Dino Dash!,online platform games,category,True,59,0.17,hold,,,
https://poki.com/en/g/dino-dash,Dino Dash!,online meme games,category,True,59,0.17,hold,,,
https://poki.com/en/g/dino-dash,Dino Dash!,online running games,category,True,59,0.17,hold,,,
https://poki.com/en/g/dino-dash,Dino Dash!,online adventure games,category,True,59,0.17,hold,,,
https://poki.com/en/g/dino-dash,Dino Dash!,online 2 player games,category,True,59,0.17,hold,,,
https://poki.com/en/g/dino-dash,Dino Dash!,online stickman games,category,True,59,0.17,hold,,,
https://poki.com/en/g/dino-dash,Dino Dash!,online puzzle games,category,False,48,0.0,hold,,,
https://poki.com/en/g/dino-dash,Dino Dash!,merge games,category,False,48,0.0,hold,,,
https://poki.com/en/g/dino-dash,Dino Dash!,puzzle games,category,False,48,0.0,hold,,,
https://poki.com/en/g/dino-dash,Dino Dash!,dress up games,category,False,48,0.0,hold,,,
https://poki.com/en/g/dino-dash,Dino Dash!,online soccer games,category,False,48,0.0,hold,,,
https://poki.com/en/g/dino-dash,Dino Dash!,platform games,category,False,48,0.0,hold,,,
https://poki.com/en/g/dino-dash,Dino Dash!,how to play dino dash,long_tail,False,48,0.0,hold,,,
https://poki.com/en/g/dino-dash,Dino Dash!,dino dash controls,long_tail,False,48,0.0,hold,,,
https://poki.com/en/g/dino-dash,Dino Dash!,games like dino dash,long_tail,False,48,0.0,hold,,,
https://poki.com/en/g/dino-dash,Dino Dash!,dino dash unblocked,long_tail,False,48,0.0,hold,,,
https://poki.com/en/g/fight-loop,Fight Loop,fight loop,game_name,True,59,0.17,hold,,,
https://poki.com/en/g/fight-loop,Fight Loop,play fight loop online,game_name,False,47,0.17,hold,,,
https://poki.com/en/g/fight-loop,Fight Loop,fight loop free,game_name,False,47,0.17,hold,,,
https://poki.com/en/g/fight-loop,Fight Loop,online tower defense games,category,True,59,0.17,hold,,,
https://poki.com/en/g/fight-loop,Fight Loop,online clicker games,category,True,59,0.17,hold,,,
https://poki.com/en/g/fight-loop,Fight Loop,online shooting games,category,True,59,0.17,hold,,,
https://poki.com/en/g/fight-loop,Fight Loop,online idle games,category,True,59,0.17,hold,,,
https://poki.com/en/g/fight-loop,Fight Loop,online adventure games,category,True,59,0.17,hold,,,
https://poki.com/en/g/fight-loop,Fight Loop,online multiplayer games,category,True,59,0.17,hold,,,
https://poki.com/en/g/fight-loop,Fight Loop,online classic games,category,True,59,0.17,hold,,,
https://poki.com/en/g/fight-loop,Fight Loop,merge games,category,False,47,0.0,hold,,,
https://poki.com/en/g/fight-loop,Fight Loop,idle games,category,False,47,0.0,hold,,,
https://poki.com/en/g/fight-loop,Fight Loop,puzzle games,category,False,47,0.0,hold,,,
https://poki.com/en/g/fight-loop,Fight Loop,dress up games,category,False,47,0.0,hold,,,
https://poki.com/en/g/fight-loop,Fight Loop,online soccer games,category,False,47,0.0,hold,,,
https://poki.com/en/g/fight-loop,Fight Loop,how to play fight loop,long_tail,False,47,0.0,hold,,,
https://poki.com/en/g/fight-loop,Fight Loop,fight loop controls,long_tail,False,47,0.0,hold,,,
https://poki.com/en/g/fight-loop,Fight Loop,games like fight loop,long_tail,False,47,0.0,hold,,,
https://poki.com/en/g/fight-loop,Fight Loop,fight loop unblocked,long_tail,False,47,0.0,hold,,,
https://poki.com/en/g/fish-to-survive,Fish to Survive,fish to survive,game_name,True,59,0.17,hold,,,
https://poki.com/en/g/fish-to-survive,Fish to Survive,play fish to survive online,game_name,False,48,0.17,hold,,,
https://poki.com/en/g/fish-to-survive,Fish to Survive,fish to survive free,game_name,False,48,0.17,hold,,,
https://poki.com/en/g/fish-to-survive,Fish to Survive,online survival games,category,True,59,0.17,hold,,,
https://poki.com/en/g/fish-to-survive,Fish to Survive,online adventure games,category,True,59,0.17,hold,,,
https://poki.com/en/g/fish-to-survive,Fish to Survive,online shooting games,category,True,59,0.17,hold,,,
https://poki.com/en/g/fish-to-survive,Fish to Survive,online car games,category,True,59,0.17,hold,,,
https://poki.com/en/g/fish-to-survive,Fish to Survive,online action games,category,True,59,0.17,hold,,,
https://poki.com/en/g/fish-to-survive,Fish to Survive,online 3d games,category,True,59,0.17,hold,,,
https://poki.com/en/g/fish-to-survive,Fish to Survive,online classic games,category,True,59,0.17,hold,,,
https://poki.com/en/g/fish-to-survive,Fish to Survive,online fishing games,category,False,48,0.0,hold,,,
https://poki.com/en/g/fish-to-survive,Fish to Survive,online 2 player games,category,False,48,0.0,hold,,,
https://poki.com/en/g/fish-to-survive,Fish to Survive,online mobile games,category,False,48,0.0,hold,,,
https://poki.com/en/g/fish-to-survive,Fish to Survive,online fish games,category,False,48,0.0,hold,,,
https://poki.com/en/g/fish-to-survive,Fish to Survive,online multiplayer games,category,False,48,0.0,hold,,,
https://poki.com/en/g/fish-to-survive,Fish to Survive,puzzle games,category,False,48,0.0,hold,,,
https://poki.com/en/g/fish-to-survive,Fish to Survive,how to play fish to survive,long_tail,False,48,0.0,hold,,,
https://poki.com/en/g/fish-to-survive,Fish to Survive,fish to survive controls,long_tail,False,48,0.0,hold,,,
https://poki.com/en/g/fish-to-survive,Fish to Survive,games like fish to survive,long_tail,False,48,0.0,hold,,,
https://poki.com/en/g/fish-to-survive,Fish to Survive,fish to survive unblocked,long_tail,False,48,0.0,hold,,,
https://poki.com/en/g/flycraftbuild-crazy-flying-machines,FlyCraft—Build Crazy Flying Machines,flycraft-build crazy flying machines,game_name,False,47,0.17,hold,,,
https://poki.com/en/g/flycraftbuild-crazy-flying-machines,FlyCraft—Build Crazy Flying Machines,play flycraft-build crazy flying machines online,game_name,False,47,0.17,hold,,,
https://poki.com/en/g/flycraftbuild-crazy-flying-machines,FlyCraft—Build Crazy Flying Machines,flycraft-build crazy flying machines free,game_name,False,47,0.17,hold,,,
https://poki.com/en/g/flycraftbuild-crazy-flying-machines,FlyCraft—Build Crazy Flying Machines,online retro games,category,True,58,0.17,hold,,,
https://poki.com/en/g/flycraftbuild-crazy-flying-machines,FlyCraft—Build Crazy Flying Machines,online simulation games,category,True,58,0.17,hold,,,
https://poki.com/en/g/flycraftbuild-crazy-flying-machines,FlyCraft—Build Crazy Flying Machines,online action games,category,True,58,0.17,hold,,,
https://poki.com/en/g/flycraftbuild-crazy-flying-machines,FlyCraft—Build Crazy Flying Machines,online animal games,category,True,58,0.17,hold,,,
https://poki.com/en/g/flycraftbuild-crazy-flying-machines,FlyCraft—Build Crazy Flying Machines,online 2 player games,category,True,58,0.17,hold,,,
https://poki.com/en/g/flycraftbuild-crazy-flying-machines,FlyCraft—Build Crazy Flying Machines,online skill games,category,True,58,0.17,hold,,,
https://poki.com/en/g/flycraftbuild-crazy-flying-machines,FlyCraft—Build Crazy Flying Machines,online clicker games,category,True,58,0.17,hold,,,
https://poki.com/en/g/flycraftbuild-crazy-flying-machines,FlyCraft—Build Crazy Flying Machines,idle games,category,False,47,0.0,hold,,,
https://poki.com/en/g/flycraftbuild-crazy-flying-machines,FlyCraft—Build Crazy Flying Machines,puzzle games,category,False,47,0.0,hold,,,
https://poki.com/en/g/flycraftbuild-crazy-flying-machines,FlyCraft—Build Crazy Flying Machines,dress up games,category,False,47,0.0,hold,,,
https://poki.com/en/g/flycraftbuild-crazy-flying-machines,FlyCraft—Build Crazy Flying Machines,online soccer games,category,False,47,0.0,hold,,,
https://poki.com/en/g/flycraftbuild-crazy-flying-machines,FlyCraft—Build Crazy Flying Machines,how to play flycraft-build crazy flying machines,long_tail,False,47,0.0,hold,,,
https://poki.com/en/g/flycraftbuild-crazy-flying-machines,FlyCraft—Build Crazy Flying Machines,flycraft-build crazy flying machines controls,long_tail,False,47,0.0,hold,,,
https://poki.com/en/g/flycraftbuild-crazy-flying-machines,FlyCraft—Build Crazy Flying Machines,games like flycraft-build crazy flying machines,long_tail,False,47,0.0,hold,,,
https://poki.com/en/g/flycraftbuild-crazy-flying-machines,FlyCraft—Build Crazy Flying Machines,flycraft-build crazy flying machines unblocked,long_tail,False,47,0.0,hold,,,
https://poki.com/en/g/garden-snakes,Garden Snakes,garden snakes,game_name,True,58,0.17,hold,,,
https://poki.com/en/g/garden-snakes,Garden Snakes,play garden snakes online,game_name,False,47,0.17,hold,,,
https://poki.com/en/g/garden-snakes,Garden Snakes,garden snakes free,game_name,False,47,0.17,hold,,,
https://poki.com/en/g/garden-snakes,Garden Snakes,online snake games,category,True,58,0.17,hold,,,
https://poki.com/en/g/garden-snakes,Garden Snakes,online cozy games,category,True,58,0.17,hold,,,
https://poki.com/en/g/garden-snakes,Garden Snakes,online skill games,category,True,58,0.17,hold,,,
https://poki.com/en/g/garden-snakes,Garden Snakes,online puzzle games,category,True,58,0.17,hold,,,
https://poki.com/en/g/garden-snakes,Garden Snakes,online multiplayer games,category,True,58,0.17,hold,,,
https://poki.com/en/g/garden-snakes,Garden Snakes,online shooting games,category,True,58,0.17,hold,,,
https://poki.com/en/g/garden-snakes,Garden Snakes,online classic games,category,True,58,0.17,hold,,,
https://poki.com/en/g/garden-snakes,Garden Snakes,online obby games,category,False,47,0.0,hold,,,
https://poki.com/en/g/garden-snakes,Garden Snakes,puzzle games,category,False,47,0.0,hold,,,
https://poki.com/en/g/garden-snakes,Garden Snakes,dress up games,category,False,47,0.0,hold,,,
https://poki.com/en/g/garden-snakes,Garden Snakes,online soccer games,category,False,47,0.0,hold,,,
https://poki.com/en/g/garden-snakes,Garden Snakes,how to play garden snakes,long_tail,False,47,0.0,hold,,,
https://poki.com/en/g/garden-snakes,Garden Snakes,garden snakes controls,long_tail,False,47,0.0,hold,,,
https://poki.com/en/g/garden-snakes,Garden Snakes,games like garden snakes,long_tail,False,47,0.0,hold,,,
https://poki.com/en/g/garden-snakes,Garden Snakes,garden snakes unblocked,long_tail,False,47,0.0,hold,,,
https://poki.com/en/g/kaiju-rumble,Kaiju Rumble,kaiju rumble,game_name,True,59,0.17,hold,,,
https://poki.com/en/g/kaiju-rumble,Kaiju Rumble,play kaiju rumble online,game_name,False,48,0.17,hold,,,
https://poki.com/en/g/kaiju-rumble,Kaiju Rumble,kaiju rumble free,game_name,False,48,0.17,hold,,,
https://poki.com/en/g/kaiju-rumble,Kaiju Rumble,online monster games,category,True,59,0.17,hold,,,
https://poki.com/en/g/kaiju-rumble,Kaiju Rumble,online 3d games,category,True,59,0.17,hold,,,
https://poki.com/en/g/kaiju-rumble,Kaiju Rumble,online adventure games,category,True,59,0.17,hold,,,
https://poki.com/en/g/kaiju-rumble,Kaiju Rumble,online action games,category,True,59,0.17,hold,,,
https://poki.com/en/g/kaiju-rumble,Kaiju Rumble,online car games,category,True,59,0.17,hold,,,
https://poki.com/en/g/kaiju-rumble,Kaiju Rumble,online arcade games,category,True,59,0.17,hold,,,
https://poki.com/en/g/kaiju-rumble,Kaiju Rumble,online obby games,category,True,59,0.17,hold,,,
https://poki.com/en/g/kaiju-rumble,Kaiju Rumble,online simulation games,category,False,48,0.0,hold,,,
https://poki.com/en/g/kaiju-rumble,Kaiju Rumble,online popular games,category,False,48,0.0,hold,,,
https://poki.com/en/g/kaiju-rumble,Kaiju Rumble,online idle games,category,False,48,0.0,hold,,,
https://poki.com/en/g/kaiju-rumble,Kaiju Rumble,online ragdoll games,category,False,48,0.0,hold,,,
https://poki.com/en/g/kaiju-rumble,Kaiju Rumble,dress up games,category,False,48,0.0,hold,,,
https://poki.com/en/g/kaiju-rumble,Kaiju Rumble,puzzle games,category,False,48,0.0,hold,,,
https://poki.com/en/g/kaiju-rumble,Kaiju Rumble,how to play kaiju rumble,long_tail,False,48,0.0,hold,,,
https://poki.com/en/g/kaiju-rumble,Kaiju Rumble,kaiju rumble controls,long_tail,False,48,0.0,hold,,,
https://poki.com/en/g/kaiju-rumble,Kaiju Rumble,games like kaiju rumble,long_tail,False,48,0.0,hold,,,
https://poki.com/en/g/kaiju-rumble,Kaiju Rumble,kaiju rumble unblocked,long_tail,False,48,0.0,hold,,,
https://poki.com/en/g/mahjong-zen,Mahjong Zen,mahjong zen,game_name,True,58,0.17,hold,,,
https://poki.com/en/g/mahjong-zen,Mahjong Zen,play mahjong zen online,game_name,False,47,0.17,hold,,,
https://poki.com/en/g/mahjong-zen,Mahjong Zen,mahjong zen free,game_name,True,58,0.17,hold,,,
https://poki.com/en/g/mahjong-zen,Mahjong Zen,online puzzle games,category,True,58,0.17,hold,,,
https://poki.com/en/g/mahjong-zen,Mahjong Zen,online mahjong games,category,True,58,0.17,hold,,,
https://poki.com/en/g/mahjong-zen,Mahjong Zen,online meme games,category,True,58,0.17,hold,,,
https://poki.com/en/g/mahjong-zen,Mahjong Zen,online skill games,category,True,58,0.17,hold,,,
https://poki.com/en/g/mahjong-zen,Mahjong Zen,online board games,category,True,58,0.17,hold,,,
https://poki.com/en/g/mahjong-zen,Mahjong Zen,online bike games,category,True,58,0.17,hold,,,
https://poki.com/en/g/mahjong-zen,Mahjong Zen,online mouse games,category,True,58,0.17,hold,,,
https://poki.com/en/g/mahjong-zen,Mahjong Zen,puzzle games,category,False,47,0.0,hold,,,
https://poki.com/en/g/mahjong-zen,Mahjong Zen,online multiplayer games,category,False,47,0.0,hold,,,
https://poki.com/en/g/mahjong-zen,Mahjong Zen,dress up games,category,False,47,0.0,hold,,,
https://poki.com/en/g/mahjong-zen,Mahjong Zen,online soccer games,category,False,47,0.0,hold,,,
https://poki.com/en/g/mahjong-zen,Mahjong Zen,how to play mahjong zen,long_tail,False,47,0.0,hold,,,
https://poki.com/en/g/mahjong-zen,Mahjong Zen,mahjong zen controls,long_tail,False,47,0.0,hold,,,
https://poki.com/en/g/mahjong-zen,Mahjong Zen,games like mahjong zen,long_tail,False,47,0.0,hold,,,
https://poki.com/en/g/mahjong-zen,Mahjong Zen,mahjong zen unblocked,long_tail,False,47,0.0,hold,,,
https://poki.com/en/g/match-the-color,Match the color!,match the color,game_name,True,59,0.17,hold,,,
https://poki.com/en/g/match-the-color,Match the color!,play match the color online,game_name,False,48,0.17,hold,,,
https://poki.com/en/g/match-the-color,Match the color!,match the color free,game_name,True,59,0.17,hold,,,
https://poki.com/en/g/match-the-color,Match the color!,online color games,category,True,59,0.17,hold,,,
https://poki.com/en/g/match-the-color,Match the color!,online drawing games,category,True,59,0.17,hold,,,
https://poki.com/en/g/match-the-color,Match the color!,online crazy games,category,True,59,0.17,hold,,,
https://poki.com/en/g/match-the-color,Match the color!,online multiplayer games,category,True,59,0.17,hold,,,
https://poki.com/en/g/match-the-color,Match the color!,online puzzle games,category,True,59,0.17,hold,,,
https://poki.com/en/g/match-the-color,Match the color!,online block games,category,True,59,0.17,hold,,,
https://poki.com/en/g/match-the-color,Match the color!,online io games,category,True,59,0.17,hold,,,
https://poki.com/en/g/match-the-color,Match the color!,online popular games,category,False,48,0.0,hold,,,
https://poki.com/en/g/match-the-color,Match the color!,online bubble shooter games,category,False,48,0.0,hold,,,
https://poki.com/en/g/match-the-color,Match the color!,online brain games,category,False,48,0.0,hold,,,
https://poki.com/en/g/match-the-color,Match the color!,puzzle games,category,False,48,0.0,hold,,,
https://poki.com/en/g/match-the-color,Match the color!,dress up games,category,False,48,0.0,hold,,,
https://poki.com/en/g/match-the-color,Match the color!,online shooting games,category,False,48,0.0,hold,,,
https://poki.com/en/g/match-the-color,Match the color!,how to play match the color,long_tail,False,48,0.0,hold,,,
https://poki.com/en/g/match-the-color,Match the color!,match the color controls,long_tail,False,48,0.0,hold,,,
https://poki.com/en/g/match-the-color,Match the color!,games like match the color,long_tail,False,48,0.0,hold,,,
https://poki.com/en/g/match-the-color,Match the color!,match the color unblocked,long_tail,False,48,0.0,hold,,,
https://poki.com/en/g/nick-parkour-3d,Nick Parkour 3D,nick parkour 3d,game_name,True,51,0.17,hold,,,
https://poki.com/en/g/nick-parkour-3d,Nick Parkour 3D,play nick parkour 3d online,game_name,False,40,0.17,hold,,,
https://poki.com/en/g/nick-parkour-3d,Nick Parkour 3D,nick parkour 3d free,game_name,False,40,0.17,hold,,,
https://poki.com/en/g/nick-parkour-3d,Nick Parkour 3D,online obby games,category,True,51,0.17,hold,,,
https://poki.com/en/g/nick-parkour-3d,Nick Parkour 3D,online car games,category,True,51,0.17,hold,,,
https://poki.com/en/g/nick-parkour-3d,Nick Parkour 3D,online escape games,category,True,51,0.17,hold,,,
https://poki.com/en/g/nick-parkour-3d,Nick Parkour 3D,puzzle games,category,True,51,0.17,hold,,,
https://poki.com/en/g/nick-parkour-3d,Nick Parkour 3D,dress up games,category,True,51,0.17,hold,,,
https://poki.com/en/g/nick-parkour-3d,Nick Parkour 3D,online soccer games,category,True,51,0.17,hold,,,
https://poki.com/en/g/nick-parkour-3d,Nick Parkour 3D,how to play nick parkour 3d,long_tail,False,40,0.17,hold,,,
https://poki.com/en/g/nick-parkour-3d,Nick Parkour 3D,nick parkour 3d controls,long_tail,False,40,0.0,hold,,,
https://poki.com/en/g/nick-parkour-3d,Nick Parkour 3D,games like nick parkour 3d,long_tail,False,40,0.0,hold,,,
https://poki.com/en/g/nick-parkour-3d,Nick Parkour 3D,nick parkour 3d unblocked,long_tail,False,40,0.0,hold,,,
https://poki.com/en/g/desert-baron,Desert Baron,desert baron,game_name,True,62,0.17,hold,,,
https://poki.com/en/g/desert-baron,Desert Baron,play desert baron online,game_name,False,51,0.17,hold,,,
https://poki.com/en/g/desert-baron,Desert Baron,desert baron free,game_name,False,51,0.17,hold,,,
https://poki.com/en/g/desert-baron,Desert Baron,online shooting games,category,True,62,0.17,hold,,,
https://poki.com/en/g/desert-baron,Desert Baron,online car games,category,True,62,0.17,hold,,,
https://poki.com/en/g/desert-baron,Desert Baron,online 2 player games,category,True,62,0.17,hold,,,
https://poki.com/en/g/desert-baron,Desert Baron,online action games,category,True,62,0.17,hold,,,
https://poki.com/en/g/desert-baron,Desert Baron,online skill games,category,True,62,0.17,hold,,,
https://poki.com/en/g/desert-baron,Desert Baron,online multiplayer games,category,True,62,0.17,hold,,,
https://poki.com/en/g/desert-baron,Desert Baron,online adventure games,category,True,62,0.17,hold,,,
https://poki.com/en/g/desert-baron,Desert Baron,dress up games,category,False,51,0.0,hold,,,
https://poki.com/en/g/desert-baron,Desert Baron,puzzle games,category,False,51,0.0,hold,,,
https://poki.com/en/g/desert-baron,Desert Baron,online soccer games,category,False,51,0.0,hold,,,
https://poki.com/en/g/desert-baron,Desert Baron,how to play desert baron,long_tail,False,51,0.0,hold,,,
https://poki.com/en/g/desert-baron,Desert Baron,desert baron controls,long_tail,False,51,0.0,hold,,,
https://poki.com/en/g/desert-baron,Desert Baron,games like desert baron,long_tail,False,51,0.0,hold,,,
https://poki.com/en/g/desert-baron,Desert Baron,desert baron unblocked,long_tail,False,51,0.0,hold,,,
https://poki.com/en/g/sprint-bridge,Sprint Bridge,sprint bridge,game_name,True,62,0.17,hold,,,
https://poki.com/en/g/sprint-bridge,Sprint Bridge,play sprint bridge online,game_name,False,51,0.17,hold,,,
https://poki.com/en/g/sprint-bridge,Sprint Bridge,sprint bridge free,game_name,False,51,0.17,hold,,,
https://poki.com/en/g/sprint-bridge,Sprint Bridge,online shooting games,category,True,62,0.17,hold,,,
https://poki.com/en/g/sprint-bridge,Sprint Bridge,online car games,category,True,62,0.17,hold,,,
https://poki.com/en/g/sprint-bridge,Sprint Bridge,online 2 player games,category,True,62,0.17,hold,,,
https://poki.com/en/g/sprint-bridge,Sprint Bridge,online action games,category,True,62,0.17,hold,,,
https://poki.com/en/g/sprint-bridge,Sprint Bridge,online skill games,category,True,62,0.17,hold,,,
https://poki.com/en/g/sprint-bridge,Sprint Bridge,online multiplayer games,category,True,62,0.17,hold,,,
https://poki.com/en/g/sprint-bridge,Sprint Bridge,online adventure games,category,True,62,0.17,hold,,,
https://poki.com/en/g/sprint-bridge,Sprint Bridge,dress up games,category,False,51,0.0,hold,,,
https://poki.com/en/g/sprint-bridge,Sprint Bridge,puzzle games,category,False,51,0.0,hold,,,
https://poki.com/en/g/sprint-bridge,Sprint Bridge,online soccer games,category,False,51,0.0,hold,,,
https://poki.com/en/g/sprint-bridge,Sprint Bridge,how to play sprint bridge,long_tail,False,51,0.0,hold,,,
https://poki.com/en/g/sprint-bridge,Sprint Bridge,sprint bridge controls,long_tail,False,51,0.0,hold,,,
https://poki.com/en/g/sprint-bridge,Sprint Bridge,games like sprint bridge,long_tail,False,51,0.0,hold,,,
https://poki.com/en/g/sprint-bridge,Sprint Bridge,sprint bridge unblocked,long_tail,False,51,0.0,hold,,,
https://poki.com/en/g/boomtown,BOOMTOWN,boomtown,game_name,True,62,0.17,hold,,,
https://poki.com/en/g/boomtown,BOOMTOWN,play boomtown online,game_name,False,51,0.17,hold,,,
https://poki.com/en/g/boomtown,BOOMTOWN,boomtown free,game_name,True,62,0.17,hold,,,
https://poki.com/en/g/boomtown,BOOMTOWN,online shooting games,category,True,62,0.17,hold,,,
https://poki.com/en/g/boomtown,BOOMTOWN,online car games,category,True,62,0.17,hold,,,
https://poki.com/en/g/boomtown,BOOMTOWN,online 2 player games,category,True,62,0.17,hold,,,
https://poki.com/en/g/boomtown,BOOMTOWN,online action games,category,True,62,0.17,hold,,,
https://poki.com/en/g/boomtown,BOOMTOWN,online skill games,category,True,62,0.17,hold,,,
https://poki.com/en/g/boomtown,BOOMTOWN,online multiplayer games,category,True,62,0.17,hold,,,
https://poki.com/en/g/boomtown,BOOMTOWN,online adventure games,category,True,62,0.17,hold,,,
https://poki.com/en/g/boomtown,BOOMTOWN,dress up games,category,False,51,0.0,hold,,,
https://poki.com/en/g/boomtown,BOOMTOWN,puzzle games,category,False,51,0.0,hold,,,
https://poki.com/en/g/boomtown,BOOMTOWN,online soccer games,category,False,51,0.0,hold,,,
https://poki.com/en/g/boomtown,BOOMTOWN,how to play boomtown,long_tail,False,51,0.0,hold,,,
https://poki.com/en/g/boomtown,BOOMTOWN,boomtown controls,long_tail,False,51,0.0,hold,,,
https://poki.com/en/g/boomtown,BOOMTOWN,games like boomtown,long_tail,False,51,0.0,hold,,,
https://poki.com/en/g/boomtown,BOOMTOWN,boomtown unblocked,long_tail,False,51,0.0,hold,,,
https://poki.com/en/g/cornerlet,Cornerlet,cornerlet,game_name,False,51,0.17,hold,,,
https://poki.com/en/g/cornerlet,Cornerlet,play cornerlet online,game_name,False,51,0.17,hold,,,
https://poki.com/en/g/cornerlet,Cornerlet,cornerlet free,game_name,False,51,0.17,hold,,,
https://poki.com/en/g/cornerlet,Cornerlet,online shooting games,category,True,62,0.17,hold,,,
https://poki.com/en/g/cornerlet,Cornerlet,online car games,category,True,62,0.17,hold,,,
https://poki.com/en/g/cornerlet,Cornerlet,online 2 player games,category,True,62,0.17,hold,,,
https://poki.com/en/g/cornerlet,Cornerlet,online action games,category,True,62,0.17,hold,,,
https://poki.com/en/g/cornerlet,Cornerlet,online skill games,category,True,62,0.17,hold,,,
https://poki.com/en/g/cornerlet,Cornerlet,online multiplayer games,category,True,62,0.17,hold,,,
https://poki.com/en/g/cornerlet,Cornerlet,online adventure games,category,True,62,0.17,hold,,,
https://poki.com/en/g/cornerlet,Cornerlet,dress up games,category,False,51,0.0,hold,,,
https://poki.com/en/g/cornerlet,Cornerlet,puzzle games,category,False,51,0.0,hold,,,
https://poki.com/en/g/cornerlet,Cornerlet,online soccer games,category,False,51,0.0,hold,,,
https://poki.com/en/g/cornerlet,Cornerlet,how to play cornerlet,long_tail,False,51,0.0,hold,,,
https://poki.com/en/g/cornerlet,Cornerlet,cornerlet controls,long_tail,False,51,0.0,hold,,,
https://poki.com/en/g/cornerlet,Cornerlet,games like cornerlet,long_tail,False,51,0.0,hold,,,
https://poki.com/en/g/cornerlet,Cornerlet,cornerlet unblocked,long_tail,False,51,0.0,hold,,,
https://poki.com/en/g/merge-miner-c583d59d,Merge Miner,merge miner,game_name,True,62,0.17,hold,,,
https://poki.com/en/g/merge-miner-c583d59d,Merge Miner,play merge miner online,game_name,False,51,0.17,hold,,,
https://poki.com/en/g/merge-miner-c583d59d,Merge Miner,merge miner free,game_name,False,51,0.17,hold,,,
https://poki.com/en/g/merge-miner-c583d59d,Merge Miner,online shooting games,category,True,62,0.17,hold,,,
https://poki.com/en/g/merge-miner-c583d59d,Merge Miner,online car games,category,True,62,0.17,hold,,,
https://poki.com/en/g/merge-miner-c583d59d,Merge Miner,online 2 player games,category,True,62,0.17,hold,,,
https://poki.com/en/g/merge-miner-c583d59d,Merge Miner,online action games,category,True,62,0.17,hold,,,
https://poki.com/en/g/merge-miner-c583d59d,Merge Miner,online skill games,category,True,62,0.17,hold,,,
https://poki.com/en/g/merge-miner-c583d59d,Merge Miner,online multiplayer games,category,True,62,0.17,hold,,,
https://poki.com/en/g/merge-miner-c583d59d,Merge Miner,online adventure games,category,True,62,0.17,hold,,,
https://poki.com/en/g/merge-miner-c583d59d,Merge Miner,merge games,category,False,51,0.0,hold,,,
https://poki.com/en/g/merge-miner-c583d59d,Merge Miner,dress up games,category,False,51,0.0,hold,,,
https://poki.com/en/g/merge-miner-c583d59d,Merge Miner,puzzle games,category,False,51,0.0,hold,,,
https://poki.com/en/g/merge-miner-c583d59d,Merge Miner,online soccer games,category,False,51,0.0,hold,,,
https://poki.com/en/g/merge-miner-c583d59d,Merge Miner,how to play merge miner,long_tail,False,51,0.0,hold,,,
https://poki.com/en/g/merge-miner-c583d59d,Merge Miner,merge miner controls,long_tail,False,51,0.0,hold,,,
https://poki.com/en/g/merge-miner-c583d59d,Merge Miner,games like merge miner,long_tail,False,51,0.0,hold,,,
https://poki.com/en/g/merge-miner-c583d59d,Merge Miner,merge miner unblocked,long_tail,False,51,0.0,hold,,,
https://poki.com/en/g/bus-simulator,Bus Simulator,bus simulator,game_name,True,59,0.17,hold,,,
https://poki.com/en/g/bus-simulator,Bus Simulator,play bus simulator online,game_name,True,59,0.17,hold,,,
https://poki.com/en/g/bus-simulator,Bus Simulator,bus simulator free,game_name,True,59,0.17,hold,,,
https://poki.com/en/g/bus-simulator,Bus Simulator,online bus games,category,True,59,0.17,hold,,,
https://poki.com/en/g/bus-simulator,Bus Simulator,online car games,category,True,59,0.17,hold,,,
https://poki.com/en/g/bus-simulator,Bus Simulator,online driving games,category,True,59,0.17,hold,,,
https://poki.com/en/g/bus-simulator,Bus Simulator,online adventure games,category,True,59,0.17,hold,,,
https://poki.com/en/g/bus-simulator,Bus Simulator,online truck games,category,True,59,0.17,hold,,,
https://poki.com/en/g/bus-simulator,Bus Simulator,online mobile games,category,True,59,0.17,hold,,,
https://poki.com/en/g/bus-simulator,Bus Simulator,online popular games,category,True,59,0.17,hold,,,
https://poki.com/en/g/bus-simulator,Bus Simulator,online racing games,category,False,48,0.0,hold,,,
https://poki.com/en/g/bus-simulator,Bus Simulator,online action games,category,False,48,0.0,hold,,,
https://poki.com/en/g/bus-simulator,Bus Simulator,online simulation games,category,False,48,0.0,hold,,,
https://poki.com/en/g/bus-simulator,Bus Simulator,online arcade games,category,False,48,0.0,hold,,,
https://poki.com/en/g/bus-simulator,Bus Simulator,puzzle games,category,False,48,0.0,hold,,,
https://poki.com/en/g/bus-simulator,Bus Simulator,idle games,category,False,48,0.0,hold,,,
https://poki.com/en/g/bus-simulator,Bus Simulator,how to play bus simulator,long_tail,False,48,0.0,hold,,,
https://poki.com/en/g/bus-simulator,Bus Simulator,bus simulator controls,long_tail,False,48,0.0,hold,,,
https://poki.com/en/g/bus-simulator,Bus Simulator,games like bus simulator,long_tail,False,48,0.0,hold,,,
https://poki.com/en/g/bus-simulator,Bus Simulator,bus simulator unblocked,long_tail,False,48,0.0,hold,,,
https://poki.com/en/g/cat-ghost-hunter,Cat Ghost Hunter,cat ghost hunter,game_name,False,48,0.17,hold,,,
https://poki.com/en/g/cat-ghost-hunter,Cat Ghost Hunter,play cat ghost hunter online,game_name,False,48,0.17,hold,,,
https://poki.com/en/g/cat-ghost-hunter,Cat Ghost Hunter,cat ghost hunter free,game_name,False,48,0.17,hold,,,
https://poki.com/en/g/cat-ghost-hunter,Cat Ghost Hunter,online monster games,category,True,59,0.17,hold,,,
https://poki.com/en/g/cat-ghost-hunter,Cat Ghost Hunter,online cozy games,category,True,59,0.17,hold,,,
https://poki.com/en/g/cat-ghost-hunter,Cat Ghost Hunter,online cat games,category,True,59,0.17,hold,,,
https://poki.com/en/g/cat-ghost-hunter,Cat Ghost Hunter,online adventure games,category,True,59,0.17,hold,,,
https://poki.com/en/g/cat-ghost-hunter,Cat Ghost Hunter,online animal games,category,True,59,0.17,hold,,,
https://poki.com/en/g/cat-ghost-hunter,Cat Ghost Hunter,online multiplayer games,category,True,59,0.17,hold,,,
https://poki.com/en/g/cat-ghost-hunter,Cat Ghost Hunter,online popular games,category,True,59,0.17,hold,,,
https://poki.com/en/g/cat-ghost-hunter,Cat Ghost Hunter,online princess games,category,False,48,0.0,hold,,,
https://poki.com/en/g/cat-ghost-hunter,Cat Ghost Hunter,online car games,category,False,48,0.0,hold,,,
https://poki.com/en/g/cat-ghost-hunter,Cat Ghost Hunter,online farm games,category,False,48,0.0,hold,,,
https://poki.com/en/g/cat-ghost-hunter,Cat Ghost Hunter,online classic games,category,False,48,0.0,hold,,,
https://poki.com/en/g/cat-ghost-hunter,Cat Ghost Hunter,online idle games,category,False,48,0.0,hold,,,
https://poki.com/en/g/cat-ghost-hunter,Cat Ghost Hunter,dress up games,category,False,48,0.0,hold,,,
https://poki.com/en/g/cat-ghost-hunter,Cat Ghost Hunter,how to play cat ghost hunter,long_tail,False,48,0.0,hold,,,
https://poki.com/en/g/cat-ghost-hunter,Cat Ghost Hunter,cat ghost hunter controls,long_tail,False,48,0.0,hold,,,
https://poki.com/en/g/cat-ghost-hunter,Cat Ghost Hunter,games like cat ghost hunter,long_tail,False,48,0.0,hold,,,
https://poki.com/en/g/cat-ghost-hunter,Cat Ghost Hunter,cat ghost hunter unblocked,long_tail,False,48,0.0,hold,,,
https://poki.com/en/g/fashion-dress-up-4987996c,Fashion Dress up,fashion dress up,game_name,True,59,0.17,hold,,,
https://poki.com/en/g/fashion-dress-up-4987996c,Fashion Dress up,play fashion dress up online,game_name,False,48,0.17,hold,,,
https://poki.com/en/g/fashion-dress-up-4987996c,Fashion Dress up,fashion dress up free,game_name,False,48,0.17,hold,,,
https://poki.com/en/g/fashion-dress-up-4987996c,Fashion Dress up,online fashion games,category,True,59,0.17,hold,,,
https://poki.com/en/g/fashion-dress-up-4987996c,Fashion Dress up,online adventure games,category,True,59,0.17,hold,,,
https://poki.com/en/g/fashion-dress-up-4987996c,Fashion Dress up,online dress up games,category,True,59,0.17,hold,,,
https://poki.com/en/g/fashion-dress-up-4987996c,Fashion Dress up,online princess games,category,True,59,0.17,hold,,,
https://poki.com/en/g/fashion-dress-up-4987996c,Fashion Dress up,online car games,category,True,59,0.17,hold,,,
https://poki.com/en/g/fashion-dress-up-4987996c,Fashion Dress up,online io games,category,True,59,0.17,hold,,,
https://poki.com/en/g/fashion-dress-up-4987996c,Fashion Dress up,online multiplayer games,category,True,59,0.17,hold,,,
https://poki.com/en/g/fashion-dress-up-4987996c,Fashion Dress up,online mobile games,category,False,48,0.0,hold,,,
https://poki.com/en/g/fashion-dress-up-4987996c,Fashion Dress up,online construction games,category,False,48,0.0,hold,,,
https://poki.com/en/g/fashion-dress-up-4987996c,Fashion Dress up,online cozy games,category,False,48,0.0,hold,,,
https://poki.com/en/g/fashion-dress-up-4987996c,Fashion Dress up,online quiz games,category,False,48,0.0,hold,,,
https://poki.com/en/g/fashion-dress-up-4987996c,Fashion Dress up,dress up games,category,False,48,0.0,hold,,,
https://poki.com/en/g/fashion-dress-up-4987996c,Fashion Dress up,puzzle games,category,False,48,0.0,hold,,,
https://poki.com/en/g/fashion-dress-up-4987996c,Fashion Dress up,how to play fashion dress up,long_tail,False,48,0.0,hold,,,
https://poki.com/en/g/fashion-dress-up-4987996c,Fashion Dress up,fashion dress up controls,long_tail,False,48,0.0,hold,,,
https://poki.com/en/g/fashion-dress-up-4987996c,Fashion Dress up,games like fashion dress up,long_tail,False,48,0.0,hold,,,
https://poki.com/en/g/fashion-dress-up-4987996c,Fashion Dress up,fashion dress up unblocked,long_tail,False,48,0.0,hold,,,
https://poki.com/en/g/find-cats-in-doodle-world,Find Cats In Doodle World,find cats in doodle world,game_name,False,48,0.17,hold,,,
https://poki.com/en/g/find-cats-in-doodle-world,Find Cats In Doodle World,play find cats in doodle world online,game_name,False,48,0.17,hold,,,
https://poki.com/en/g/find-cats-in-doodle-world,Find Cats In Doodle World,find cats in doodle world free,game_name,False,48,0.17,hold,,,
https://poki.com/en/g/find-cats-in-doodle-world,Find Cats In Doodle World,online cat games,category,True,59,0.17,hold,,,
https://poki.com/en/g/find-cats-in-doodle-world,Find Cats In Doodle World,online cozy games,category,True,59,0.17,hold,,,
https://poki.com/en/g/find-cats-in-doodle-world,Find Cats In Doodle World,online hidden object games,category,True,59,0.17,hold,,,
https://poki.com/en/g/find-cats-in-doodle-world,Find Cats In Doodle World,online mouse games,category,True,59,0.17,hold,,,
https://poki.com/en/g/find-cats-in-doodle-world,Find Cats In Doodle World,online puzzle games,category,True,59,0.17,hold,,,
https://poki.com/en/g/find-cats-in-doodle-world,Find Cats In Doodle World,online brain games,category,True,59,0.17,hold,,,
https://poki.com/en/g/find-cats-in-doodle-world,Find Cats In Doodle World,online word games,category,True,59,0.17,hold,,,
https://poki.com/en/g/find-cats-in-doodle-world,Find Cats In Doodle World,online animal games,category,False,48,0.0,hold,,,
https://poki.com/en/g/find-cats-in-doodle-world,Find Cats In Doodle World,online io games,category,False,48,0.0,hold,,,
https://poki.com/en/g/find-cats-in-doodle-world,Find Cats In Doodle World,online maze games,category,False,48,0.0,hold,,,
https://poki.com/en/g/find-cats-in-doodle-world,Find Cats In Doodle World,online popular games,category,False,48,0.0,hold,,,
https://poki.com/en/g/find-cats-in-doodle-world,Find Cats In Doodle World,puzzle games,category,False,48,0.0,hold,,,
https://poki.com/en/g/find-cats-in-doodle-world,Find Cats In Doodle World,merge games,category,False,48,0.0,hold,,,
https://poki.com/en/g/find-cats-in-doodle-world,Find Cats In Doodle World,how to play find cats in doodle world,long_tail,False,48,0.0,hold,,,
https://poki.com/en/g/find-cats-in-doodle-world,Find Cats In Doodle World,find cats in doodle world controls,long_tail,False,48,0.0,hold,,,
https://poki.com/en/g/find-cats-in-doodle-world,Find Cats In Doodle World,games like find cats in doodle world,long_tail,False,48,0.0,hold,,,
https://poki.com/en/g/find-cats-in-doodle-world,Find Cats In Doodle World,find cats in doodle world unblocked,long_tail,False,48,0.0,hold,,,
https://poki.com/en/g/jumpybara,Jumpybara,jumpybara,game_name,False,46,0.17,hold,,,
https://poki.com/en/g/jumpybara,Jumpybara,play jumpybara online,game_name,False,46,0.17,hold,,,
https://poki.com/en/g/jumpybara,Jumpybara,jumpybara free,game_name,False,46,0.17,hold,,,
https://poki.com/en/g/jumpybara,Jumpybara,online animal games,category,True,58,0.17,hold,,,
https://poki.com/en/g/jumpybara,Jumpybara,online skill games,category,True,58,0.17,hold,,,
https://poki.com/en/g/jumpybara,Jumpybara,online fighting games,category,True,58,0.17,hold,,,
https://poki.com/en/g/jumpybara,Jumpybara,online adventure games,category,True,58,0.17,hold,,,
https://poki.com/en/g/jumpybara,Jumpybara,online platform games,category,True,58,0.17,hold,,,
https://poki.com/en/g/jumpybara,Jumpybara,online action games,category,True,58,0.17,hold,,,
https://poki.com/en/g/jumpybara,Jumpybara,online nitrome games,category,False,46,0.17,hold,,,
https://poki.com/en/g/jumpybara,Jumpybara,dress up games,category,False,46,0.0,hold,,,
https://poki.com/en/g/jumpybara,Jumpybara,puzzle games,category,False,46,0.0,hold,,,
https://poki.com/en/g/jumpybara,Jumpybara,platform games,category,False,46,0.0,hold,,,
https://poki.com/en/g/jumpybara,Jumpybara,how to play jumpybara,long_tail,False,46,0.0,hold,,,
https://poki.com/en/g/jumpybara,Jumpybara,jumpybara controls,long_tail,False,46,0.0,hold,,,
https://poki.com/en/g/jumpybara,Jumpybara,games like jumpybara,long_tail,False,46,0.0,hold,,,
https://poki.com/en/g/jumpybara,Jumpybara,jumpybara unblocked,long_tail,False,46,0.0,hold,,,
https://poki.com/en/g/purrfect-loot,Purrfect Loot,purrfect loot,game_name,False,51,0.17,hold,,,
https://poki.com/en/g/purrfect-loot,Purrfect Loot,play purrfect loot online,game_name,False,51,0.17,hold,,,
https://poki.com/en/g/purrfect-loot,Purrfect Loot,purrfect loot free,game_name,False,51,0.17,hold,,,
https://poki.com/en/g/purrfect-loot,Purrfect Loot,online shooting games,category,True,62,0.17,hold,,,
https://poki.com/en/g/purrfect-loot,Purrfect Loot,online car games,category,True,62,0.17,hold,,,
https://poki.com/en/g/purrfect-loot,Purrfect Loot,online 2 player games,category,True,62,0.17,hold,,,
https://poki.com/en/g/purrfect-loot,Purrfect Loot,online action games,category,True,62,0.17,hold,,,
https://poki.com/en/g/purrfect-loot,Purrfect Loot,online skill games,category,True,62,0.17,hold,,,
https://poki.com/en/g/purrfect-loot,Purrfect Loot,online multiplayer games,category,True,62,0.17,hold,,,
https://poki.com/en/g/purrfect-loot,Purrfect Loot,online adventure games,category,True,62,0.17,hold,,,
https://poki.com/en/g/purrfect-loot,Purrfect Loot,dress up games,category,False,51,0.0,hold,,,
https://poki.com/en/g/purrfect-loot,Purrfect Loot,puzzle games,category,False,51,0.0,hold,,,
https://poki.com/en/g/purrfect-loot,Purrfect Loot,online soccer games,category,False,51,0.0,hold,,,
https://poki.com/en/g/purrfect-loot,Purrfect Loot,how to play purrfect loot,long_tail,False,51,0.0,hold,,,
https://poki.com/en/g/purrfect-loot,Purrfect Loot,purrfect loot controls,long_tail,False,51,0.0,hold,,,
https://poki.com/en/g/purrfect-loot,Purrfect Loot,games like purrfect loot,long_tail,False,51,0.0,hold,,,
https://poki.com/en/g/purrfect-loot,Purrfect Loot,purrfect loot unblocked,long_tail,False,51,0.0,hold,,,
https://poki.com/en/g/my-dream-room-design-decor,My Dream Room: Design & Decor,my dream room: design & decor,game_name,False,51,0.17,hold,,,
https://poki.com/en/g/my-dream-room-design-decor,My Dream Room: Design & Decor,play my dream room: design & decor online,game_name,False,51,0.17,hold,,,
https://poki.com/en/g/my-dream-room-design-decor,My Dream Room: Design & Decor,my dream room: design & decor free,game_name,False,51,0.17,hold,,,
https://poki.com/en/g/my-dream-room-design-decor,My Dream Room: Design & Decor,online shooting games,category,True,62,0.17,hold,,,
https://poki.com/en/g/my-dream-room-design-decor,My Dream Room: Design & Decor,online car games,category,True,62,0.17,hold,,,
https://poki.com/en/g/my-dream-room-design-decor,My Dream Room: Design & Decor,online 2 player games,category,True,62,0.17,hold,,,
https://poki.com/en/g/my-dream-room-design-decor,My Dream Room: Design & Decor,online action games,category,True,62,0.17,hold,,,
https://poki.com/en/g/my-dream-room-design-decor,My Dream Room: Design & Decor,online skill games,category,True,62,0.17,hold,,,
https://poki.com/en/g/my-dream-room-design-decor,My Dream Room: Design & Decor,online multiplayer games,category,True,62,0.17,hold,,,
https://poki.com/en/g/my-dream-room-design-decor,My Dream Room: Design & Decor,online adventure games,category,True,62,0.17,hold,,,
https://poki.com/en/g/my-dream-room-design-decor,My Dream Room: Design & Decor,dress up games,category,False,51,0.0,hold,,,
https://poki.com/en/g/my-dream-room-design-decor,My Dream Room: Design & Decor,puzzle games,category,False,51,0.0,hold,,,
https://poki.com/en/g/my-dream-room-design-decor,My Dream Room: Design & Decor,online soccer games,category,False,51,0.0,hold,,,
https://poki.com/en/g/my-dream-room-design-decor,My Dream Room: Design & Decor,how to play my dream room: design & decor,long_tail,False,51,0.0,hold,,,
https://poki.com/en/g/my-dream-room-design-decor,My Dream Room: Design & Decor,my dream room: design & decor controls,long_tail,False,51,0.0,hold,,,
https://poki.com/en/g/my-dream-room-design-decor,My Dream Room: Design & Decor,games like my dream room: design & decor,long_tail,False,51,0.0,hold,,,
https://poki.com/en/g/my-dream-room-design-decor,My Dream Room: Design & Decor,my dream room: design & decor unblocked,long_tail,False,51,0.0,hold,,,
https://poki.com/en/g/battle-tactics-rock-paper-scissors,Battle Tactics: Rock Paper Scissors!,battle tactics: rock paper scissors,game_name,False,51,0.17,hold,,,
https://poki.com/en/g/battle-tactics-rock-paper-scissors,Battle Tactics: Rock Paper Scissors!,play battle tactics: rock paper scissors online,game_name,False,51,0.17,hold,,,
https://poki.com/en/g/battle-tactics-rock-paper-scissors,Battle Tactics: Rock Paper Scissors!,battle tactics: rock paper scissors free,game_name,False,51,0.17,hold,,,
https://poki.com/en/g/battle-tactics-rock-paper-scissors,Battle Tactics: Rock Paper Scissors!,online shooting games,category,True,62,0.17,hold,,,
https://poki.com/en/g/battle-tactics-rock-paper-scissors,Battle Tactics: Rock Paper Scissors!,online car games,category,True,62,0.17,hold,,,
https://poki.com/en/g/battle-tactics-rock-paper-scissors,Battle Tactics: Rock Paper Scissors!,online 2 player games,category,True,62,0.17,hold,,,
https://poki.com/en/g/battle-tactics-rock-paper-scissors,Battle Tactics: Rock Paper Scissors!,online action games,category,True,62,0.17,hold,,,
https://poki.com/en/g/battle-tactics-rock-paper-scissors,Battle Tactics: Rock Paper Scissors!,online skill games,category,True,62,0.17,hold,,,
https://poki.com/en/g/battle-tactics-rock-paper-scissors,Battle Tactics: Rock Paper Scissors!,online multiplayer games,category,True,62,0.17,hold,,,
https://poki.com/en/g/battle-tactics-rock-paper-scissors,Battle Tactics: Rock Paper Scissors!,online adventure games,category,True,62,0.17,hold,,,
https://poki.com/en/g/battle-tactics-rock-paper-scissors,Battle Tactics: Rock Paper Scissors!,dress up games,category,False,51,0.0,hold,,,
https://poki.com/en/g/battle-tactics-rock-paper-scissors,Battle Tactics: Rock Paper Scissors!,puzzle games,category,False,51,0.0,hold,,,
https://poki.com/en/g/battle-tactics-rock-paper-scissors,Battle Tactics: Rock Paper Scissors!,online soccer games,category,False,51,0.0,hold,,,
https://poki.com/en/g/battle-tactics-rock-paper-scissors,Battle Tactics: Rock Paper Scissors!,how to play battle tactics: rock paper scissors,long_tail,False,51,0.0,hold,,,
https://poki.com/en/g/battle-tactics-rock-paper-scissors,Battle Tactics: Rock Paper Scissors!,battle tactics: rock paper scissors controls,long_tail,False,51,0.0,hold,,,
https://poki.com/en/g/battle-tactics-rock-paper-scissors,Battle Tactics: Rock Paper Scissors!,games like battle tactics: rock paper scissors,long_tail,False,51,0.0,hold,,,
https://poki.com/en/g/battle-tactics-rock-paper-scissors,Battle Tactics: Rock Paper Scissors!,battle tactics: rock paper scissors unblocked,long_tail,False,51,0.0,hold,,,
https://poki.com/en/g/charmbeasts-catch-craft,CharmBeasts: Catch & Craft,charmbeasts: catch & craft,game_name,False,51,0.17,hold,,,
https://poki.com/en/g/charmbeasts-catch-craft,CharmBeasts: Catch & Craft,play charmbeasts: catch & craft online,game_name,False,51,0.17,hold,,,
https://poki.com/en/g/charmbeasts-catch-craft,CharmBeasts: Catch & Craft,charmbeasts: catch & craft free,game_name,False,51,0.17,hold,,,
https://poki.com/en/g/charmbeasts-catch-craft,CharmBeasts: Catch & Craft,online shooting games,category,True,62,0.17,hold,,,
https://poki.com/en/g/charmbeasts-catch-craft,CharmBeasts: Catch & Craft,online car games,category,True,62,0.17,hold,,,
https://poki.com/en/g/charmbeasts-catch-craft,CharmBeasts: Catch & Craft,online 2 player games,category,True,62,0.17,hold,,,
https://poki.com/en/g/charmbeasts-catch-craft,CharmBeasts: Catch & Craft,online action games,category,True,62,0.17,hold,,,
https://poki.com/en/g/charmbeasts-catch-craft,CharmBeasts: Catch & Craft,online skill games,category,True,62,0.17,hold,,,
https://poki.com/en/g/charmbeasts-catch-craft,CharmBeasts: Catch & Craft,online multiplayer games,category,True,62,0.17,hold,,,
https://poki.com/en/g/charmbeasts-catch-craft,CharmBeasts: Catch & Craft,online adventure games,category,True,62,0.17,hold,,,
https://poki.com/en/g/charmbeasts-catch-craft,CharmBeasts: Catch & Craft,dress up games,category,False,51,0.0,hold,,,
https://poki.com/en/g/charmbeasts-catch-craft,CharmBeasts: Catch & Craft,puzzle games,category,False,51,0.0,hold,,,
https://poki.com/en/g/charmbeasts-catch-craft,CharmBeasts: Catch & Craft,online soccer games,category,False,51,0.0,hold,,,
https://poki.com/en/g/charmbeasts-catch-craft,CharmBeasts: Catch & Craft,how to play charmbeasts: catch & craft,long_tail,False,51,0.0,hold,,,
https://poki.com/en/g/charmbeasts-catch-craft,CharmBeasts: Catch & Craft,charmbeasts: catch & craft controls,long_tail,False,51,0.0,hold,,,
https://poki.com/en/g/charmbeasts-catch-craft,CharmBeasts: Catch & Craft,games like charmbeasts: catch & craft,long_tail,False,51,0.0,hold,,,
https://poki.com/en/g/charmbeasts-catch-craft,CharmBeasts: Catch & Craft,charmbeasts: catch & craft unblocked,long_tail,False,51,0.0,hold,,,
https://poki.com/en/g/white-survival,White Survival,white survival,game_name,True,62,0.17,hold,,,
https://poki.com/en/g/white-survival,White Survival,play white survival online,game_name,False,51,0.17,hold,,,
https://poki.com/en/g/white-survival,White Survival,white survival free,game_name,False,51,0.17,hold,,,
https://poki.com/en/g/white-survival,White Survival,online shooting games,category,True,62,0.17,hold,,,
https://poki.com/en/g/white-survival,White Survival,online car games,category,True,62,0.17,hold,,,
https://poki.com/en/g/white-survival,White Survival,online 2 player games,category,True,62,0.17,hold,,,
https://poki.com/en/g/white-survival,White Survival,online action games,category,True,62,0.17,hold,,,
https://poki.com/en/g/white-survival,White Survival,online skill games,category,True,62,0.17,hold,,,
https://poki.com/en/g/white-survival,White Survival,online multiplayer games,category,True,62,0.17,hold,,,
https://poki.com/en/g/white-survival,White Survival,online adventure games,category,True,62,0.17,hold,,,
https://poki.com/en/g/white-survival,White Survival,dress up games,category,False,51,0.0,hold,,,
https://poki.com/en/g/white-survival,White Survival,puzzle games,category,False,51,0.0,hold,,,
https://poki.com/en/g/white-survival,White Survival,online soccer games,category,False,51,0.0,hold,,,
https://poki.com/en/g/white-survival,White Survival,how to play white survival,long_tail,False,51,0.0,hold,,,
https://poki.com/en/g/white-survival,White Survival,white survival controls,long_tail,False,51,0.0,hold,,,
https://poki.com/en/g/white-survival,White Survival,games like white survival,long_tail,False,51,0.0,hold,,,
https://poki.com/en/g/white-survival,White Survival,white survival unblocked,long_tail,False,51,0.0,hold,,,
https://poki.com/en/g/food-maker,Food Maker,food maker,game_name,True,62,0.17,hold,,,
https://poki.com/en/g/food-maker,Food Maker,play food maker online,game_name,False,51,0.17,hold,,,
https://poki.com/en/g/food-maker,Food Maker,food maker free,game_name,False,51,0.17,hold,,,
https://poki.com/en/g/food-maker,Food Maker,online shooting games,category,True,62,0.17,hold,,,
https://poki.com/en/g/food-maker,Food Maker,online car games,category,True,62,0.17,hold,,,
https://poki.com/en/g/food-maker,Food Maker,online 2 player games,category,True,62,0.17,hold,,,
https://poki.com/en/g/food-maker,Food Maker,online action games,category,True,62,0.17,hold,,,
https://poki.com/en/g/food-maker,Food Maker,online skill games,category,True,62,0.17,hold,,,
https://poki.com/en/g/food-maker,Food Maker,online multiplayer games,category,True,62,0.17,hold,,,
https://poki.com/en/g/food-maker,Food Maker,online adventure games,category,True,62,0.17,hold,,,
https://poki.com/en/g/food-maker,Food Maker,dress up games,category,False,51,0.0,hold,,,
https://poki.com/en/g/food-maker,Food Maker,puzzle games,category,False,51,0.0,hold,,,
https://poki.com/en/g/food-maker,Food Maker,online soccer games,category,False,51,0.0,hold,,,
https://poki.com/en/g/food-maker,Food Maker,how to play food maker,long_tail,False,51,0.0,hold,,,
https://poki.com/en/g/food-maker,Food Maker,food maker controls,long_tail,False,51,0.0,hold,,,
https://poki.com/en/g/food-maker,Food Maker,games like food maker,long_tail,False,51,0.0,hold,,,
https://poki.com/en/g/food-maker,Food Maker,food maker unblocked,long_tail,False,51,0.0,hold,,,
https://poki.com/en/g/find-brainrot,Find Brainrot,find brainrot,game_name,True,62,0.17,hold,,,
https://poki.com/en/g/find-brainrot,Find Brainrot,play find brainrot online,game_name,False,51,0.17,hold,,,
https://poki.com/en/g/find-brainrot,Find Brainrot,find brainrot free,game_name,False,51,0.17,hold,,,
https://poki.com/en/g/find-brainrot,Find Brainrot,online shooting games,category,True,62,0.17,hold,,,
https://poki.com/en/g/find-brainrot,Find Brainrot,online car games,category,True,62,0.17,hold,,,
https://poki.com/en/g/find-brainrot,Find Brainrot,online 2 player games,category,True,62,0.17,hold,,,
https://poki.com/en/g/find-brainrot,Find Brainrot,online action games,category,True,62,0.17,hold,,,
https://poki.com/en/g/find-brainrot,Find Brainrot,online skill games,category,True,62,0.17,hold,,,
https://poki.com/en/g/find-brainrot,Find Brainrot,online multiplayer games,category,True,62,0.17,hold,,,
https://poki.com/en/g/find-brainrot,Find Brainrot,online adventure games,category,True,62,0.17,hold,,,
https://poki.com/en/g/find-brainrot,Find Brainrot,dress up games,category,False,51,0.0,hold,,,
https://poki.com/en/g/find-brainrot,Find Brainrot,puzzle games,category,False,51,0.0,hold,,,
https://poki.com/en/g/find-brainrot,Find Brainrot,online soccer games,category,False,51,0.0,hold,,,
https://poki.com/en/g/find-brainrot,Find Brainrot,how to play find brainrot,long_tail,False,51,0.0,hold,,,
https://poki.com/en/g/find-brainrot,Find Brainrot,find brainrot controls,long_tail,False,51,0.0,hold,,,
https://poki.com/en/g/find-brainrot,Find Brainrot,games like find brainrot,long_tail,False,51,0.0,hold,,,
https://poki.com/en/g/find-brainrot,Find Brainrot,find brainrot unblocked,long_tail,False,51,0.0,hold,,,
https://poki.com/en/g/dice-catch,Dice Catch,dice catch,game_name,True,62,0.17,hold,,,
https://poki.com/en/g/dice-catch,Dice Catch,play dice catch online,game_name,False,51,0.17,hold,,,
https://poki.com/en/g/dice-catch,Dice Catch,dice catch free,game_name,False,51,0.17,hold,,,
https://poki.com/en/g/dice-catch,Dice Catch,online shooting games,category,True,62,0.17,hold,,,
https://poki.com/en/g/dice-catch,Dice Catch,online car games,category,True,62,0.17,hold,,,
https://poki.com/en/g/dice-catch,Dice Catch,online 2 player games,category,True,62,0.17,hold,,,
https://poki.com/en/g/dice-catch,Dice Catch,online action games,category,True,62,0.17,hold,,,
https://poki.com/en/g/dice-catch,Dice Catch,online skill games,category,True,62,0.17,hold,,,
https://poki.com/en/g/dice-catch,Dice Catch,online multiplayer games,category,True,62,0.17,hold,,,
https://poki.com/en/g/dice-catch,Dice Catch,online adventure games,category,True,62,0.17,hold,,,
https://poki.com/en/g/dice-catch,Dice Catch,dress up games,category,False,51,0.0,hold,,,
https://poki.com/en/g/dice-catch,Dice Catch,puzzle games,category,False,51,0.0,hold,,,
https://poki.com/en/g/dice-catch,Dice Catch,online soccer games,category,False,51,0.0,hold,,,
https://poki.com/en/g/dice-catch,Dice Catch,how to play dice catch,long_tail,False,51,0.0,hold,,,
https://poki.com/en/g/dice-catch,Dice Catch,dice catch controls,long_tail,False,51,0.0,hold,,,
https://poki.com/en/g/dice-catch,Dice Catch,games like dice catch,long_tail,False,51,0.0,hold,,,
https://poki.com/en/g/dice-catch,Dice Catch,dice catch unblocked,long_tail,False,51,0.0,hold,,,
https://poki.com/en/g/icerival,Icerival,icerival,game_name,False,51,0.17,hold,,,
https://poki.com/en/g/icerival,Icerival,play icerival online,game_name,False,51,0.17,hold,,,
https://poki.com/en/g/icerival,Icerival,icerival free,game_name,False,51,0.17,hold,,,
https://poki.com/en/g/icerival,Icerival,online shooting games,category,True,62,0.17,hold,,,
https://poki.com/en/g/icerival,Icerival,online car games,category,True,62,0.17,hold,,,
https://poki.com/en/g/icerival,Icerival,online 2 player games,category,True,62,0.17,hold,,,
https://poki.com/en/g/icerival,Icerival,online action games,category,True,62,0.17,hold,,,
https://poki.com/en/g/icerival,Icerival,online skill games,category,True,62,0.17,hold,,,
https://poki.com/en/g/icerival,Icerival,online multiplayer games,category,True,62,0.17,hold,,,
https://poki.com/en/g/icerival,Icerival,online adventure games,category,True,62,0.17,hold,,,
https://poki.com/en/g/icerival,Icerival,dress up games,category,False,51,0.0,hold,,,
https://poki.com/en/g/icerival,Icerival,puzzle games,category,False,51,0.0,hold,,,
https://poki.com/en/g/icerival,Icerival,online soccer games,category,False,51,0.0,hold,,,
https://poki.com/en/g/icerival,Icerival,how to play icerival,long_tail,False,51,0.0,hold,,,
https://poki.com/en/g/icerival,Icerival,icerival controls,long_tail,False,51,0.0,hold,,,
https://poki.com/en/g/icerival,Icerival,games like icerival,long_tail,False,51,0.0,hold,,,
https://poki.com/en/g/icerival,Icerival,icerival unblocked,long_tail,False,51,0.0,hold,,,
https://poki.com/en/g/good-cake-sweet-cake,Good Cake Sweet Cake,good cake sweet cake,game_name,False,51,0.17,hold,,,
https://poki.com/en/g/good-cake-sweet-cake,Good Cake Sweet Cake,play good cake sweet cake online,game_name,False,51,0.17,hold,,,
https://poki.com/en/g/good-cake-sweet-cake,Good Cake Sweet Cake,good cake sweet cake free,game_name,False,51,0.17,hold,,,
https://poki.com/en/g/good-cake-sweet-cake,Good Cake Sweet Cake,online shooting games,category,True,62,0.17,hold,,,
https://poki.com/en/g/good-cake-sweet-cake,Good Cake Sweet Cake,online car games,category,True,62,0.17,hold,,,
https://poki.com/en/g/good-cake-sweet-cake,Good Cake Sweet Cake,online 2 player games,category,True,62,0.17,hold,,,
https://poki.com/en/g/good-cake-sweet-cake,Good Cake Sweet Cake,online action games,category,True,62,0.17,hold,,,
https://poki.com/en/g/good-cake-sweet-cake,Good Cake Sweet Cake,online skill games,category,True,62,0.17,hold,,,
https://poki.com/en/g/good-cake-sweet-cake,Good Cake Sweet Cake,online multiplayer games,category,True,62,0.17,hold,,,
https://poki.com/en/g/good-cake-sweet-cake,Good Cake Sweet Cake,online adventure games,category,True,62,0.17,hold,,,
https://poki.com/en/g/good-cake-sweet-cake,Good Cake Sweet Cake,dress up games,category,False,51,0.0,hold,,,
https://poki.com/en/g/good-cake-sweet-cake,Good Cake Sweet Cake,puzzle games,category,False,51,0.0,hold,,,
https://poki.com/en/g/good-cake-sweet-cake,Good Cake Sweet Cake,online soccer games,category,False,51,0.0,hold,,,
https://poki.com/en/g/good-cake-sweet-cake,Good Cake Sweet Cake,how to play good cake sweet cake,long_tail,False,51,0.0,hold,,,
https://poki.com/en/g/good-cake-sweet-cake,Good Cake Sweet Cake,good cake sweet cake controls,long_tail,False,51,0.0,hold,,,
https://poki.com/en/g/good-cake-sweet-cake,Good Cake Sweet Cake,games like good cake sweet cake,long_tail,False,51,0.0,hold,,,
https://poki.com/en/g/good-cake-sweet-cake,Good Cake Sweet Cake,good cake sweet cake unblocked,long_tail,False,51,0.0,hold,,,
https://poki.com/en/g/2048x2-legend,2048x2 Legend,2048x2 legend,game_name,False,50,0.17,hold,,,
https://poki.com/en/g/2048x2-legend,2048x2 Legend,play 2048x2 legend online,game_name,False,50,0.17,hold,,,
https://poki.com/en/g/2048x2-legend,2048x2 Legend,2048x2 legend free,game_name,False,50,0.17,hold,,,
https://poki.com/en/g/2048x2-legend,2048x2 Legend,online shooting games,category,True,62,0.17,hold,,,
https://poki.com/en/g/2048x2-legend,2048x2 Legend,online car games,category,True,62,0.17,hold,,,
https://poki.com/en/g/2048x2-legend,2048x2 Legend,online 2 player games,category,True,62,0.17,hold,,,
https://poki.com/en/g/2048x2-legend,2048x2 Legend,online action games,category,True,62,0.17,hold,,,
https://poki.com/en/g/2048x2-legend,2048x2 Legend,online skill games,category,True,62,0.17,hold,,,
https://poki.com/en/g/2048x2-legend,2048x2 Legend,online multiplayer games,category,True,62,0.17,hold,,,
https://poki.com/en/g/2048x2-legend,2048x2 Legend,online adventure games,category,True,62,0.17,hold,,,
https://poki.com/en/g/2048x2-legend,2048x2 Legend,dress up games,category,False,50,0.0,hold,,,
https://poki.com/en/g/2048x2-legend,2048x2 Legend,puzzle games,category,False,50,0.0,hold,,,
https://poki.com/en/g/2048x2-legend,2048x2 Legend,online soccer games,category,False,50,0.0,hold,,,
https://poki.com/en/g/2048x2-legend,2048x2 Legend,how to play 2048x2 legend,long_tail,False,50,0.0,hold,,,
https://poki.com/en/g/2048x2-legend,2048x2 Legend,2048x2 legend controls,long_tail,False,50,0.0,hold,,,
https://poki.com/en/g/2048x2-legend,2048x2 Legend,games like 2048x2 legend,long_tail,False,50,0.0,hold,,,
https://poki.com/en/g/2048x2-legend,2048x2 Legend,2048x2 legend unblocked,long_tail,False,50,0.0,hold,,,
https://poki.com/en/g/a-little-perspective,A Little Perspective,a little perspective,game_name,True,62,0.17,hold,,,
https://poki.com/en/g/a-little-perspective,A Little Perspective,play a little perspective online,game_name,False,50,0.17,hold,,,
https://poki.com/en/g/a-little-perspective,A Little Perspective,a little perspective free,game_name,False,50,0.17,hold,,,
https://poki.com/en/g/a-little-perspective,A Little Perspective,online shooting games,category,True,62,0.17,hold,,,
https://poki.com/en/g/a-little-perspective,A Little Perspective,online car games,category,True,62,0.17,hold,,,
https://poki.com/en/g/a-little-perspective,A Little Perspective,online 2 player games,category,True,62,0.17,hold,,,
https://poki.com/en/g/a-little-perspective,A Little Perspective,online action games,category,True,62,0.17,hold,,,
https://poki.com/en/g/a-little-perspective,A Little Perspective,online skill games,category,True,62,0.17,hold,,,
https://poki.com/en/g/a-little-perspective,A Little Perspective,online multiplayer games,category,True,62,0.17,hold,,,
https://poki.com/en/g/a-little-perspective,A Little Perspective,online adventure games,category,True,62,0.17,hold,,,
https://poki.com/en/g/a-little-perspective,A Little Perspective,dress up games,category,False,50,0.0,hold,,,
https://poki.com/en/g/a-little-perspective,A Little Perspective,puzzle games,category,False,50,0.0,hold,,,
https://poki.com/en/g/a-little-perspective,A Little Perspective,online soccer games,category,False,50,0.0,hold,,,
https://poki.com/en/g/a-little-perspective,A Little Perspective,how to play a little perspective,long_tail,False,50,0.0,hold,,,
https://poki.com/en/g/a-little-perspective,A Little Perspective,a little perspective controls,long_tail,False,50,0.0,hold,,,
https://poki.com/en/g/a-little-perspective,A Little Perspective,games like a little perspective,long_tail,False,50,0.0,hold,,,
https://poki.com/en/g/a-little-perspective,A Little Perspective,a little perspective unblocked,long_tail,False,50,0.0,hold,,,
https://poki.com/en/g/crossword-genius,Crossword Genius,crossword genius,game_name,True,62,0.17,hold,,,
https://poki.com/en/g/crossword-genius,Crossword Genius,play crossword genius online,game_name,False,50,0.17,hold,,,
https://poki.com/en/g/crossword-genius,Crossword Genius,crossword genius free,game_name,False,50,0.17,hold,,,
https://poki.com/en/g/crossword-genius,Crossword Genius,online shooting games,category,True,62,0.17,hold,,,
https://poki.com/en/g/crossword-genius,Crossword Genius,online car games,category,True,62,0.17,hold,,,
https://poki.com/en/g/crossword-genius,Crossword Genius,online 2 player games,category,True,62,0.17,hold,,,
https://poki.com/en/g/crossword-genius,Crossword Genius,online action games,category,True,62,0.17,hold,,,
https://poki.com/en/g/crossword-genius,Crossword Genius,online skill games,category,True,62,0.17,hold,,,
https://poki.com/en/g/crossword-genius,Crossword Genius,online multiplayer games,category,True,62,0.17,hold,,,
https://poki.com/en/g/crossword-genius,Crossword Genius,online adventure games,category,True,62,0.17,hold,,,
https://poki.com/en/g/crossword-genius,Crossword Genius,dress up games,category,False,50,0.0,hold,,,
https://poki.com/en/g/crossword-genius,Crossword Genius,puzzle games,category,False,50,0.0,hold,,,
https://poki.com/en/g/crossword-genius,Crossword Genius,online soccer games,category,False,50,0.0,hold,,,
https://poki.com/en/g/crossword-genius,Crossword Genius,how to play crossword genius,long_tail,False,50,0.0,hold,,,
https://poki.com/en/g/crossword-genius,Crossword Genius,crossword genius controls,long_tail,False,50,0.0,hold,,,
https://poki.com/en/g/crossword-genius,Crossword Genius,games like crossword genius,long_tail,False,50,0.0,hold,,,
https://poki.com/en/g/crossword-genius,Crossword Genius,crossword genius unblocked,long_tail,False,50,0.0,hold,,,
https://poki.com/en/g/cubevalleyio,Cubevalley.io,cubevalley.io,game_name,False,50,0.17,hold,,,
https://poki.com/en/g/cubevalleyio,Cubevalley.io,play cubevalley.io online,game_name,False,50,0.17,hold,,,
https://poki.com/en/g/cubevalleyio,Cubevalley.io,cubevalley.io free,game_name,False,50,0.17,hold,,,
https://poki.com/en/g/cubevalleyio,Cubevalley.io,online shooting games,category,True,62,0.17,hold,,,
https://poki.com/en/g/cubevalleyio,Cubevalley.io,online car games,category,True,62,0.17,hold,,,
https://poki.com/en/g/cubevalleyio,Cubevalley.io,online 2 player games,category,True,62,0.17,hold,,,
https://poki.com/en/g/cubevalleyio,Cubevalley.io,online action games,category,True,62,0.17,hold,,,
https://poki.com/en/g/cubevalleyio,Cubevalley.io,online skill games,category,True,62,0.17,hold,,,
https://poki.com/en/g/cubevalleyio,Cubevalley.io,online multiplayer games,category,True,62,0.17,hold,,,
https://poki.com/en/g/cubevalleyio,Cubevalley.io,online adventure games,category,True,62,0.17,hold,,,
https://poki.com/en/g/cubevalleyio,Cubevalley.io,dress up games,category,False,50,0.0,hold,,,
https://poki.com/en/g/cubevalleyio,Cubevalley.io,puzzle games,category,False,50,0.0,hold,,,
https://poki.com/en/g/cubevalleyio,Cubevalley.io,online soccer games,category,False,50,0.0,hold,,,
https://poki.com/en/g/cubevalleyio,Cubevalley.io,how to play cubevalley.io,long_tail,False,50,0.0,hold,,,
https://poki.com/en/g/cubevalleyio,Cubevalley.io,cubevalley.io controls,long_tail,False,50,0.0,hold,,,
https://poki.com/en/g/cubevalleyio,Cubevalley.io,games like cubevalley.io,long_tail,False,50,0.0,hold,,,
https://poki.com/en/g/cubevalleyio,Cubevalley.io,cubevalley.io unblocked,long_tail,False,50,0.0,hold,,,
https://poki.com/en/g/flying-car-simulator-3c86bf16,Flying Car Simulator,flying car simulator,game_name,True,62,0.17,hold,,,
https://poki.com/en/g/flying-car-simulator-3c86bf16,Flying Car Simulator,play flying car simulator online,game_name,False,50,0.17,hold,,,
https://poki.com/en/g/flying-car-simulator-3c86bf16,Flying Car Simulator,flying car simulator free,game_name,False,50,0.17,hold,,,
https://poki.com/en/g/flying-car-simulator-3c86bf16,Flying Car Simulator,online shooting games,category,True,62,0.17,hold,,,
https://poki.com/en/g/flying-car-simulator-3c86bf16,Flying Car Simulator,online car games,category,True,62,0.17,hold,,,
https://poki.com/en/g/flying-car-simulator-3c86bf16,Flying Car Simulator,online 2 player games,category,True,62,0.17,hold,,,
https://poki.com/en/g/flying-car-simulator-3c86bf16,Flying Car Simulator,online action games,category,True,62,0.17,hold,,,
https://poki.com/en/g/flying-car-simulator-3c86bf16,Flying Car Simulator,online skill games,category,True,62,0.17,hold,,,
https://poki.com/en/g/flying-car-simulator-3c86bf16,Flying Car Simulator,online multiplayer games,category,True,62,0.17,hold,,,
https://poki.com/en/g/flying-car-simulator-3c86bf16,Flying Car Simulator,online adventure games,category,True,62,0.17,hold,,,
https://poki.com/en/g/flying-car-simulator-3c86bf16,Flying Car Simulator,dress up games,category,False,50,0.0,hold,,,
https://poki.com/en/g/flying-car-simulator-3c86bf16,Flying Car Simulator,puzzle games,category,False,50,0.0,hold,,,
https://poki.com/en/g/flying-car-simulator-3c86bf16,Flying Car Simulator,online soccer games,category,False,50,0.0,hold,,,
https://poki.com/en/g/flying-car-simulator-3c86bf16,Flying Car Simulator,how to play flying car simulator,long_tail,False,50,0.0,hold,,,
https://poki.com/en/g/flying-car-simulator-3c86bf16,Flying Car Simulator,flying car simulator controls,long_tail,False,50,0.0,hold,,,
https://poki.com/en/g/flying-car-simulator-3c86bf16,Flying Car Simulator,games like flying car simulator,long_tail,False,50,0.0,hold,,,
https://poki.com/en/g/flying-car-simulator-3c86bf16,Flying Car Simulator,flying car simulator unblocked,long_tail,False,50,0.0,hold,,,
https://poki.com/en/g/honey-money,Honey Money,honey money,game_name,True,60,0.17,hold,,,
https://poki.com/en/g/honey-money,Honey Money,play honey money online,game_name,False,48,0.17,hold,,,
https://poki.com/en/g/honey-money,Honey Money,honey money free,game_name,False,48,0.17,hold,,,
https://poki.com/en/g/honey-money,Honey Money,online clicker games,category,True,60,0.17,hold,,,
https://poki.com/en/g/honey-money,Honey Money,idle games,category,True,60,0.17,hold,,,
https://poki.com/en/g/honey-money,Honey Money,merge games,category,True,60,0.17,hold,,,
https://poki.com/en/g/honey-money,Honey Money,dress up games,category,True,60,0.17,hold,,,
https://poki.com/en/g/honey-money,Honey Money,puzzle games,category,True,60,0.17,hold,,,
https://poki.com/en/g/honey-money,Honey Money,online soccer games,category,True,60,0.17,hold,,,
https://poki.com/en/g/honey-money,Honey Money,how to play honey money,long_tail,False,48,0.17,hold,,,
https://poki.com/en/g/honey-money,Honey Money,honey money controls,long_tail,False,48,0.0,hold,,,
https://poki.com/en/g/honey-money,Honey Money,games like honey money,long_tail,False,48,0.0,hold,,,
https://poki.com/en/g/honey-money,Honey Money,honey money unblocked,long_tail,False,48,0.0,hold,,,
https://poki.com/en/g/idle-settlers,Idle Settlers,idle settlers,game_name,True,60,0.17,hold,,,
https://poki.com/en/g/idle-settlers,Idle Settlers,play idle settlers online,game_name,False,48,0.17,hold,,,
https://poki.com/en/g/idle-settlers,Idle Settlers,idle settlers free,game_name,False,48,0.17,hold,,,
https://poki.com/en/g/idle-settlers,Idle Settlers,online io games,category,True,60,0.17,hold,,,
https://poki.com/en/g/idle-settlers,Idle Settlers,idle games,category,True,60,0.17,hold,,,
https://poki.com/en/g/idle-settlers,Idle Settlers,merge games,category,True,60,0.17,hold,,,
https://poki.com/en/g/idle-settlers,Idle Settlers,dress up games,category,True,60,0.17,hold,,,
https://poki.com/en/g/idle-settlers,Idle Settlers,puzzle games,category,True,60,0.17,hold,,,
https://poki.com/en/g/idle-settlers,Idle Settlers,online soccer games,category,True,60,0.17,hold,,,
https://poki.com/en/g/idle-settlers,Idle Settlers,how to play idle settlers,long_tail,False,48,0.17,hold,,,
https://poki.com/en/g/idle-settlers,Idle Settlers,idle settlers controls,long_tail,False,48,0.0,hold,,,
https://poki.com/en/g/idle-settlers,Idle Settlers,games like idle settlers,long_tail,False,48,0.0,hold,,,
https://poki.com/en/g/idle-settlers,Idle Settlers,idle settlers unblocked,long_tail,False,48,0.0,hold,,,
https://poki.com/en/g/retro-kick-soccer,Retro Kick Soccer,retro kick soccer,game_name,False,50,0.17,hold,,,
https://poki.com/en/g/retro-kick-soccer,Retro Kick Soccer,play retro kick soccer online,game_name,False,50,0.17,hold,,,
https://poki.com/en/g/retro-kick-soccer,Retro Kick Soccer,retro kick soccer free,game_name,False,50,0.17,hold,,,
https://poki.com/en/g/retro-kick-soccer,Retro Kick Soccer,online shooting games,category,True,62,0.17,hold,,,
https://poki.com/en/g/retro-kick-soccer,Retro Kick Soccer,online car games,category,True,62,0.17,hold,,,
https://poki.com/en/g/retro-kick-soccer,Retro Kick Soccer,online 2 player games,category,True,62,0.17,hold,,,
https://poki.com/en/g/retro-kick-soccer,Retro Kick Soccer,online action games,category,True,62,0.17,hold,,,
https://poki.com/en/g/retro-kick-soccer,Retro Kick Soccer,online skill games,category,True,62,0.17,hold,,,
https://poki.com/en/g/retro-kick-soccer,Retro Kick Soccer,online multiplayer games,category,True,62,0.17,hold,,,
https://poki.com/en/g/retro-kick-soccer,Retro Kick Soccer,online adventure games,category,True,62,0.17,hold,,,
https://poki.com/en/g/retro-kick-soccer,Retro Kick Soccer,online soccer games,category,False,50,0.0,hold,,,
https://poki.com/en/g/retro-kick-soccer,Retro Kick Soccer,dress up games,category,False,50,0.0,hold,,,
https://poki.com/en/g/retro-kick-soccer,Retro Kick Soccer,puzzle games,category,False,50,0.0,hold,,,
https://poki.com/en/g/retro-kick-soccer,Retro Kick Soccer,how to play retro kick soccer,long_tail,False,50,0.0,hold,,,
https://poki.com/en/g/retro-kick-soccer,Retro Kick Soccer,retro kick soccer controls,long_tail,False,50,0.0,hold,,,
https://poki.com/en/g/retro-kick-soccer,Retro Kick Soccer,games like retro kick soccer,long_tail,False,50,0.0,hold,,,
https://poki.com/en/g/retro-kick-soccer,Retro Kick Soccer,retro kick soccer unblocked,long_tail,False,50,0.0,hold,,,
https://poki.com/en/g/pump-the-duck,Pump the Duck,pump the duck,game_name,False,51,0.17,hold,,,
https://poki.com/en/g/pump-the-duck,Pump the Duck,play pump the duck online,game_name,False,51,0.17,hold,,,
https://poki.com/en/g/pump-the-duck,Pump the Duck,pump the duck free,game_name,False,51,0.17,hold,,,
https://poki.com/en/g/pump-the-duck,Pump the Duck,online shooting games,category,True,62,0.17,hold,,,
https://poki.com/en/g/pump-the-duck,Pump the Duck,online car games,category,True,62,0.17,hold,,,
https://poki.com/en/g/pump-the-duck,Pump the Duck,online 2 player games,category,True,62,0.17,hold,,,
https://poki.com/en/g/pump-the-duck,Pump the Duck,online action games,category,True,62,0.17,hold,,,
https://poki.com/en/g/pump-the-duck,Pump the Duck,online skill games,category,True,62,0.17,hold,,,
https://poki.com/en/g/pump-the-duck,Pump the Duck,online multiplayer games,category,True,62,0.17,hold,,,
https://poki.com/en/g/pump-the-duck,Pump the Duck,online adventure games,category,True,62,0.17,hold,,,
https://poki.com/en/g/pump-the-duck,Pump the Duck,dress up games,category,False,51,0.0,hold,,,
https://poki.com/en/g/pump-the-duck,Pump the Duck,puzzle games,category,False,51,0.0,hold,,,
https://poki.com/en/g/pump-the-duck,Pump the Duck,online soccer games,category,False,51,0.0,hold,,,
https://poki.com/en/g/pump-the-duck,Pump the Duck,how to play pump the duck,long_tail,False,51,0.0,hold,,,
https://poki.com/en/g/pump-the-duck,Pump the Duck,pump the duck controls,long_tail,False,51,0.0,hold,,,
https://poki.com/en/g/pump-the-duck,Pump the Duck,games like pump the duck,long_tail,False,51,0.0,hold,,,
https://poki.com/en/g/pump-the-duck,Pump the Duck,pump the duck unblocked,long_tail,False,51,0.0,hold,,,
https://poki.com/en/g/mine-clicker,Mine Clicker,mine clicker,game_name,True,60,0.17,hold,,,
https://poki.com/en/g/mine-clicker,Mine Clicker,play mine clicker online,game_name,False,49,0.17,hold,,,
https://poki.com/en/g/mine-clicker,Mine Clicker,mine clicker free,game_name,False,49,0.17,hold,,,
https://poki.com/en/g/mine-clicker,Mine Clicker,online clicker games,category,True,60,0.17,hold,,,
https://poki.com/en/g/mine-clicker,Mine Clicker,merge games,category,True,60,0.17,hold,,,
https://poki.com/en/g/mine-clicker,Mine Clicker,dress up games,category,True,60,0.17,hold,,,
https://poki.com/en/g/mine-clicker,Mine Clicker,puzzle games,category,True,60,0.17,hold,,,
https://poki.com/en/g/mine-clicker,Mine Clicker,online soccer games,category,True,60,0.17,hold,,,
https://poki.com/en/g/mine-clicker,Mine Clicker,idle games,category,True,60,0.17,hold,,,
https://poki.com/en/g/mine-clicker,Mine Clicker,how to play mine clicker,long_tail,False,49,0.17,hold,,,
https://poki.com/en/g/mine-clicker,Mine Clicker,mine clicker controls,long_tail,False,49,0.0,hold,,,
https://poki.com/en/g/mine-clicker,Mine Clicker,games like mine clicker,long_tail,False,49,0.0,hold,,,
https://poki.com/en/g/mine-clicker,Mine Clicker,mine clicker unblocked,long_tail,False,49,0.0,hold,,,
